retr_score,mem_sim,surprise,label,seed,digest_steps,num_docs
0.1283955192725395,0.12839551927241744,0.4894899380566875,1,100,50,5
0.07351647839374709,0.07351647839365849,0.4110229969353214,1,100,50,10
0.1963833092076069,0.1963833092074068,0.4705205029256462,1,100,50,20
0.20002915508984656,0.20002915508957933,0.4695321597927883,1,100,50,40
0.1283955192725395,0.12839551927249354,0.4883186259541895,1,100,100,5
0.07351647839374709,0.07351647839371366,0.41158930512888625,1,100,100,10
0.1963833092076069,0.19638330920753155,0.46620260853384116,1,100,100,20
0.20002915508984656,0.20002915508974584,0.46535243859889414,1,100,100,40
0.1283955192725395,0.12839551927252715,0.48939759420813717,1,100,200,5
0.07351647839374709,0.07351647839373812,0.41351905168788594,1,100,200,10
0.1963833092076069,0.19638330920758673,0.46393771034200276,1,100,200,20
0.20002915508984656,0.2000291550898196,0.46241570807905025,1,100,200,40
0.1283955192725395,0.12839551927253817,0.49075603920044253,1,100,400,5
0.07351647839374709,0.07351647839374609,0.41499380128570673,1,100,400,10
0.1963833092076069,0.19638330920760455,0.46351761238380235,1,100,400,20
0.20002915508984656,0.20002915508984342,0.4613618660650476,1,100,400,40
0.1283955192725395,0.12839551927253945,0.49101020433918696,1,100,800,5
0.07351647839374709,0.07351647839374706,0.41524760445083647,1,100,800,10
0.1963833092076069,0.19638330920760683,0.4634953459672072,1,100,800,20
0.20002915508984656,0.2000291550898465,0.4612259403755739,1,100,800,40
0.17386329746935664,0.17386329746920254,0.5393294600146618,1,101,50,5
0.17705637708712157,0.1770563770869434,0.4452244741984491,1,101,50,10
0.22018239611973234,0.22018239611952048,0.4278724194245695,1,101,50,20
0.36029289992260793,0.3602928999221881,0.5863074786057232,1,101,50,40
0.17386329746935664,0.17386329746929852,0.5356408155723602,1,101,100,5
0.17705637708712157,0.17705637708705446,0.4419945469800537,1,101,100,10
0.22018239611973234,0.22018239611965243,0.4229070712397244,1,101,100,20
0.36029289992260793,0.36029289992244967,0.5740038491602539,1,101,100,40
0.17386329746935664,0.1738632974693411,0.5346049776526789,1,101,200,5
0.17705637708712157,0.1770563770871036,0.4408356841226376,1,101,200,10
0.22018239611973234,0.22018239611971088,0.4202496642906054,1,101,200,20
0.36029289992260793,0.3602928999225655,0.5635309008492793,1,101,200,40
0.17386329746935664,0.1738632974693549,0.5350277893929258,1,101,400,5
0.17705637708712157,0.1770563770871194,0.44098693606612266,1,101,400,10
0.22018239611973234,0.22018239611972976,0.41972058123904193,1,101,400,20
0.36029289992260793,0.36029289992260294,0.5588390751805301,1,101,400,40
0.17386329746935664,0.17386329746935664,0.5351469089234742,1,101,800,5
0.17705637708712157,0.1770563770871216,0.4410525436721534,1,101,800,10
0.22018239611973234,0.22018239611973228,0.4196868481361904,1,101,800,20
0.36029289992260793,0.36029289992260793,0.5581580264128831,1,101,800,40
0.2398508791979071,0.2398508791976698,0.5818664882281188,1,102,50,5
0.2652262682458708,0.2652262682456007,0.4352609250756595,1,102,50,10
0.12657410368362204,0.12657410368348018,0.4462238064916203,1,102,50,20
0.03909751458209759,0.039097514582056014,0.36818554362039146,1,102,50,40
0.2398508791979071,0.23985087919781767,0.5743308154256233,1,102,100,5
0.2652262682458708,0.265226268245769,0.42828784691064403,1,102,100,10
0.12657410368362204,0.12657410368356858,0.4448975587938828,1,102,100,20
0.03909751458209759,0.03909751458208198,0.37071906525583154,1,102,100,40
0.2398508791979071,0.23985087919788303,0.5690589814656641,1,102,200,5
0.2652262682458708,0.2652262682458435,0.4234468624003226,1,102,200,10
0.12657410368362204,0.12657410368360772,0.44520336470734045,1,102,200,20
0.03909751458209759,0.0390975145820934,0.374946081997633,1,102,200,40
0.2398508791979071,0.2398508791979042,0.5671788516159296,1,102,400,5
0.2652262682458708,0.2652262682458676,0.42173950290206286,1,102,400,10
0.12657410368362204,0.12657410368362032,0.4459451253528566,1,102,400,20
0.03909751458209759,0.039097514582097107,0.37771250269164414,1,102,400,40
0.2398508791979071,0.23985087919790699,0.5669372983242216,1,102,800,5
0.2652262682458708,0.26522626824587076,0.4215217099504429,1,102,800,10
0.12657410368362204,0.126574103683622,0.4460921741409048,1,102,800,20
0.03909751458209759,0.03909751458209765,0.3781708926522175,1,102,800,40
0.29471693006550626,0.2947169300652121,0.603055798156395,1,103,50,5
0.08643715027108519,0.08643715027097473,0.48779434031954416,1,103,50,10
0.17022398546483977,0.17022398546465164,0.30740200796700756,1,103,50,20
0.19882780830815433,0.19882780830791774,0.4102060011395434,1,103,50,40
0.29471693006550626,0.29471693006539534,0.5924716997448248,1,103,100,5
0.08643715027108519,0.08643715027104354,0.4874859931018808,1,103,100,10
0.17022398546483977,0.17022398546476888,0.30550430713002685,1,103,100,20
0.19882780830815433,0.1988278083080651,0.4063840492601648,1,103,100,40
0.29471693006550626,0.29471693006547645,0.584206084260805,1,103,200,5
0.08643715027108519,0.08643715027107407,0.48841234025898406,1,103,200,10
0.17022398546483977,0.17022398546482084,0.30530122611507465,1,103,200,20
0.19882780830815433,0.1988278083081304,0.40408774868872904,1,103,200,40
0.29471693006550626,0.2947169300655027,0.5808165964642416,1,103,400,5
0.08643715027108519,0.0864371502710839,0.4893284469675488,1,103,400,10
0.17022398546483977,0.17022398546483758,0.3058055401808959,1,103,400,20
0.19882780830815433,0.1988278083081515,0.4034624015613123,1,103,400,40
0.29471693006550626,0.2947169300655061,0.5803450008557749,1,103,800,5
0.08643715027108519,0.0864371502710852,0.4894940541080717,1,103,800,10
0.17022398546483977,0.17022398546483974,0.3059175055872494,1,103,800,20
0.19882780830815433,0.19882780830815422,0.403397893648213,1,103,800,40
0.07594478572373506,0.07594478572365485,0.6792023623799925,1,104,50,5
0.22496845931987133,0.22496845931962411,0.5182119617839132,1,104,50,10
0.1584321772270032,0.15843217722684186,0.570224793748983,1,104,50,20
0.2884425089619631,0.28844250896166496,0.5212406817554748,1,104,50,40
0.07594478572373506,0.07594478572370482,0.6794006012095956,1,104,100,5
0.22496845931987133,0.2249684593197781,0.5122836807617418,1,104,100,10
0.1584321772270032,0.15843217722694247,0.5669030222472164,1,104,100,20
0.2884425089619631,0.28844250896185075,0.5121859590323787,1,104,100,40
0.07594478572373506,0.07594478572372697,0.6813917189398572,1,104,200,5
0.22496845931987133,0.22496845931984624,0.5081864326416878,1,104,200,10
0.1584321772270032,0.158432177226987,0.5656086921334247,1,104,200,20
0.2884425089619631,0.288442508961933,0.5052671046750574,1,104,200,40
0.07594478572373506,0.07594478572373403,0.6830518950480343,1,104,400,5
0.22496845931987133,0.22496845931986834,0.5067508885493324,1,104,400,10
0.1584321772270032,0.15843217722700137,0.565675107197402,1,104,400,20
0.2884425089619631,0.2884425089619595,0.5024999036223907,1,104,400,40
0.07594478572373506,0.0759447857237349,0.6833428974324308,1,104,800,5
0.22496845931987133,0.22496845931987128,0.5065685551124521,1,104,800,10
0.1584321772270032,0.15843217722700323,0.5657268278320509,1,104,800,20
0.2884425089619631,0.2884425089619631,0.5021198704944596,1,104,800,40
0.45462868705158355,0.45462868705105075,0.5072887316624717,1,105,50,5
0.11766931734637255,0.11766931734625005,0.7732400033677715,1,105,50,10
0.03254164060242126,0.03254164060238645,0.6306223238181539,1,105,50,20
0.0009406827524623892,0.0009406827524613588,0.5834326864120165,1,105,50,40
0.45462868705158355,0.4546286870513827,0.4922035290221377,1,105,100,5
0.11766931734637255,0.11766931734632634,0.7709329998685626,1,105,100,10
0.03254164060242126,0.03254164060240819,0.6329941393951395,1,105,100,20
0.0009406827524623892,0.0009406827524620284,0.5869163348586115,1,105,100,40
0.45462868705158355,0.4546286870515298,0.4790131228510206,1,105,200,5
0.11766931734637255,0.11766931734636019,0.7705395013347124,1,105,200,10
0.03254164060242126,0.03254164060241772,0.6370460576782053,1,105,200,20
0.0009406827524623892,0.0009406827524623962,0.591865853504228,1,105,200,40
0.45462868705158355,0.45462868705157716,0.4729564597145221,1,105,400,5
0.11766931734637255,0.1176693173463711,0.7710251027020307,1,105,400,10
0.03254164060242126,0.03254164060242082,0.6397182480489407,1,105,400,20
0.0009406827524623892,0.0009406827524623337,0.5949195936779571,1,105,400,40
0.45462868705158355,0.45462868705158344,0.47206769642039575,1,105,800,5
0.11766931734637255,0.11766931734637252,0.7711386878910871,1,105,800,10
0.03254164060242126,0.03254164060242128,0.6401619319320231,1,105,800,20
0.0009406827524623892,0.0009406827524623199,0.5954173225869224,1,105,800,40
0.12037932537855779,0.12037932537843324,0.5683478600181082,1,106,50,5
-0.03642235369441636,-0.03642235369437491,0.5973032520320187,1,106,50,10
0.07521115913400339,0.07521115913393273,0.42953218036216,1,106,50,20
0.14074445801173566,0.14074445801157934,0.33798011733665256,1,106,50,40
0.12037932537855779,0.12037932537851091,0.5668465662411577,1,106,100,5
-0.03642235369441636,-0.03642235369440068,0.6023880214807598,1,106,100,10
0.07521115913400339,0.07521115913397677,0.43123238589797813,1,106,100,20
0.14074445801173566,0.1407444580116767,0.33682592225057667,1,106,100,40
0.12037932537855779,0.12037932537854519,0.5672572256504402,1,106,200,5
-0.03642235369441636,-0.03642235369441217,0.6088763199673697,1,106,200,10
0.07521115913400339,0.07521115913399624,0.4351520364883257,1,106,200,20
0.14074445801173566,0.1407444580117198,0.33732750623498853,1,106,200,40
0.12037932537855779,0.12037932537855629,0.5681529644559127,1,106,400,5
-0.03642235369441636,-0.03642235369441581,0.6126935675539071,1,106,400,10
0.07521115913400339,0.07521115913400261,0.43795019222533815,1,106,400,20
0.14074445801173566,0.14074445801173374,0.338177766063952,1,106,400,40
0.12037932537855779,0.1203793253785578,0.5683293314755247,1,106,800,5
-0.03642235369441636,-0.03642235369441635,0.6133069520622757,1,106,800,10
0.07521115913400339,0.07521115913400342,0.4384242209487865,1,106,800,20
0.14074445801173566,0.14074445801173566,0.33834191800172375,1,106,800,40
0.39268998032975955,0.3926899803293043,0.5628517862375946,1,107,50,5
-0.07694145609267156,-0.07694145609258204,0.5547701293569467,1,107,50,10
0.33561386400869325,0.33561386400828014,0.41706118224716393,1,107,50,20
0.07983721364498755,0.07983721364489352,0.3996317099522837,1,107,50,40
0.39268998032975955,0.392689980329588,0.5493930095224755,1,107,100,5
-0.07694145609267156,-0.07694145609263782,0.5612698462060224,1,107,100,10
0.33561386400869325,0.33561386400853754,0.4084064543293595,1,107,100,20
0.07983721364498755,0.07983721364495212,0.40009801580885995,1,107,100,40
0.39268998032975955,0.3926899803297135,0.5378140567321088,1,107,200,5
-0.07694145609267156,-0.07694145609266254,0.5690625796954019,1,107,200,10
0.33561386400869325,0.33561386400865145,0.40132526556018017,1,107,200,20
0.07983721364498755,0.07983721364497812,0.4019941555611378,1,107,200,40
0.39268998032975955,0.3926899803297541,0.5325750122354102,1,107,400,5
-0.07694145609267156,-0.07694145609267035,0.5735063677930158,1,107,400,10
0.33561386400869325,0.3356138640086883,0.3982733942086479,1,107,400,20
0.07983721364498755,0.0798372136449865,0.40347556445556065,1,107,400,40
0.39268998032975955,0.39268998032975955,0.5318111625579033,1,107,800,5
-0.07694145609267156,-0.0769414560926715,0.5742134438698603,1,107,800,10
0.33561386400869325,0.33561386400869314,0.3978382390837427,1,107,800,20
0.07983721364498755,0.07983721364498755,0.4037317481739746,1,107,800,40
0.06761191396636504,0.0676119139662802,0.40447468817842247,1,108,50,5
0.11066560838181205,0.11066560838169438,0.3913719559472728,1,108,50,10
0.0014405003497292984,0.0014405003497277996,0.6696903799070939,1,108,50,20
0.2759273813214685,0.27592738132119293,0.38331217951476937,1,108,50,40
0.06761191396636504,0.06761191396633305,0.40511570953250003,1,108,100,5
0.11066560838181205,0.11066560838176769,0.3911202185697197,1,108,100,10
0.0014405003497292984,0.001440500349728712,0.6737244534555263,1,108,100,20
0.2759273813214685,0.27592738132136463,0.37653702491128327,1,108,100,40
0.06761191396636504,0.06761191396635652,0.4070113212835331,1,108,200,5
0.11066560838181205,0.11066560838180023,0.39264681159350356,1,108,200,10
0.0014405003497292984,0.0014405003497291943,0.6794671895407829,1,108,200,20
0.2759273813214685,0.27592738132144073,0.37196615586787063,1,108,200,40
0.06761191396636504,0.06761191396636398,0.40842958308462135,1,108,400,5
0.11066560838181205,0.11066560838181064,0.39406452871383923,1,108,400,10
0.0014405003497292984,0.0014405003497292394,0.6830131504561283,1,108,400,20
0.2759273813214685,0.27592738132146527,0.3704226504352818,1,108,400,40
0.06761191396636504,0.06761191396636504,0.4086725043389654,1,108,800,5
0.11066560838181205,0.11066560838181205,0.3943180997170571,1,108,800,10
0.0014405003497292984,0.00144050034972934,0.6835912398909433,1,108,800,20
0.2759273813214685,0.2759273813214685,0.3702314316178468,1,108,800,40
0.13673758012820758,0.13673758012804405,0.47252873944799095,1,109,50,5
0.1119207044094733,0.11192070440935384,0.5523807467269631,1,109,50,10
0.32968300286053076,0.3296830028601171,0.4929337849273452,1,109,50,20
0.055043042296234176,0.055043042296165884,0.48576934430544627,1,109,50,40
0.13673758012820758,0.13673758012814596,0.47055991410757236,1,109,100,5
0.1119207044094733,0.11192070440942825,0.5512657468499924,1,109,100,10
0.32968300286053076,0.32968300286037483,0.4836407927054388,1,109,100,20
0.055043042296234176,0.05504304229620842,0.48669207586412117,1,109,100,40
0.13673758012820758,0.13673758012819107,0.47004952552148793,1,109,200,5
0.1119207044094733,0.11192070440946125,0.5519395593696905,1,109,200,10
0.32968300286053076,0.3296830028604889,0.4758893364083189,1,109,200,20
0.055043042296234176,0.05504304229622725,0.48888862970761604,1,109,200,40
0.13673758012820758,0.13673758012820564,0.47031215092325457,1,109,400,5
0.1119207044094733,0.11192070440947188,0.5529255110247451,1,109,400,10
0.32968300286053076,0.3296830028605258,0.4724836676962304,1,109,400,20
0.055043042296234176,0.05504304229623333,0.4904674870693068,1,109,400,40
0.13673758012820758,0.13673758012820758,0.47038226089883095,1,109,800,5
0.1119207044094733,0.11192070440947327,0.5531131708176636,1,109,800,10
0.32968300286053076,0.32968300286053065,0.4719936717192242,1,109,800,20
0.055043042296234176,0.05504304229623408,0.4907353980829315,1,109,800,40
0.10726260502174781,0.1072626050216171,0.5993624387274918,1,110,50,5
0.23004545399187395,0.23004545399158136,0.4222996736603476,1,110,50,10
0.1547611733764262,0.15476117337626008,0.39307424680135794,1,110,50,20
0.04149713001010079,0.041497130010053514,0.6237905417071004,1,110,50,40
0.10726260502174781,0.10726260502169853,0.5979682251359155,1,110,100,5
0.23004545399187395,0.23004545399176368,0.41738203984989924,1,110,100,10
0.1547611733764262,0.15476117337636355,0.3910820539702674,1,110,100,20
0.04149713001010079,0.04149713001008297,0.6253922576269495,1,110,100,40
0.10726260502174781,0.10726260502173458,0.5979634341999791,1,110,200,5
0.23004545399187395,0.2300454539918444,0.41384541876609643,1,110,200,10
0.1547611733764262,0.15476117337640938,0.3908846261822071,1,110,200,20
0.04149713001010079,0.04149713001009602,0.6284863067196627,1,110,200,40
0.10726260502174781,0.10726260502174627,0.5984595127983469,1,110,400,5
0.23004545399187395,0.23004545399187043,0.41253472698415583,1,110,400,10
0.1547611733764262,0.1547611733764243,0.39142775957116094,1,110,400,20
0.04149713001010079,0.04149713001010022,0.6306019287013391,1,110,400,40
0.10726260502174781,0.10726260502174781,0.5985639624198641,1,110,800,5
0.23004545399187395,0.23004545399187387,0.4123622926037026,1,110,800,10
0.1547611733764262,0.15476117337642625,0.39154772256677983,1,110,800,20
0.04149713001010079,0.041497130010100775,0.630956524646042,1,110,800,40
0.2651473275078029,0.2651473275075116,0.5608607900044881,1,111,50,5
0.14469366635508926,0.14469366635494224,0.6300514312849049,1,111,50,10
0.12840189624034623,0.12840189624019901,0.5785336467005667,1,111,50,20
0.07386256692539173,0.0738625669253208,0.35524600745406243,1,111,50,40
0.2651473275078029,0.26514732750769304,0.5527208245849632,1,111,100,5
0.14469366635508926,0.14469366635503383,0.6270486716685557,1,111,100,10
0.12840189624034623,0.1284018962402908,0.5764169473446507,1,111,100,20
0.07386256692539173,0.07386256692536498,0.3571595307320544,1,111,100,40
0.2651473275078029,0.2651473275077734,0.5464765658127897,1,111,200,5
0.14469366635508926,0.14469366635507436,0.6260740868855081,1,111,200,10
0.12840189624034623,0.12840189624033133,0.5758850732837693,1,111,200,20
0.07386256692539173,0.07386256692538454,0.36119021182842104,1,111,200,40
0.2651473275078029,0.2651473275077994,0.5439677196294235,1,111,400,5
0.14469366635508926,0.14469366635508746,0.626304063326938,1,111,400,10
0.12840189624034623,0.12840189624034448,0.5761820740241319,1,111,400,20
0.07386256692539173,0.07386256692539087,0.36400837162945876,1,111,400,40
0.2651473275078029,0.2651473275078028,0.543622332522514,1,111,800,5
0.14469366635508926,0.14469366635508918,0.6263808488491649,1,111,800,10
0.12840189624034623,0.1284018962403462,0.5762600387935884,1,111,800,20
0.07386256692539173,0.07386256692539167,0.3644833678237242,1,111,800,40
0.14227424810569583,0.14227424810552286,0.4846166816817734,1,112,50,5
0.19389810278923014,0.1938981027890127,0.6784265291270943,1,112,50,10
0.23612510464178726,0.2361251046415297,0.5254535167859391,1,112,50,20
0.01459722130154903,0.01459722130153427,0.4451944239652612,1,112,50,40
0.14227424810569583,0.14227424810563064,0.48235713304247063,1,112,100,5
0.19389810278923014,0.1938981027891482,0.6727062600242824,1,112,100,10
0.23612510464178726,0.2361251046416902,0.5189487207088755,1,112,100,20
0.01459722130154903,0.014597221301543492,0.448965537918395,1,112,100,40
0.14227424810569583,0.1422742481056784,0.48151733943394737,1,112,200,5
0.19389810278923014,0.19389810278920816,0.6687452018017424,1,112,200,10
0.23612510464178726,0.23612510464176123,0.5143149389088374,1,112,200,20
0.01459722130154903,0.014597221301547503,0.4545797330483194,1,112,200,40
0.14227424810569583,0.14227424810569372,0.4815978542674134,1,112,400,5
0.19389810278923014,0.19389810278922753,0.6673534419419889,1,112,400,10
0.23612510464178726,0.2361251046417841,0.5126197252230028,1,112,400,20
0.01459722130154903,0.01459722130154889,0.458108275839256,1,112,400,40
0.14227424810569583,0.14227424810569572,0.48163928081188523,1,112,800,5
0.19389810278923014,0.19389810278923003,0.6671763423047281,1,112,800,10
0.23612510464178726,0.23612510464178715,0.5123984420530594,1,112,800,20
0.01459722130154903,0.014597221301549022,0.4586864523256704,1,112,800,40
0.05829102820866662,0.05829102820860606,0.4500111228352697,1,113,50,5
-0.03489640898076002,-0.03489640898072388,0.4897836045284739,1,113,50,10
0.11906806119619916,0.11906806119607567,0.4560150594546439,1,113,50,20
0.09951395540090867,0.0995139554008154,0.4392361842739651,1,113,50,40
0.05829102820866662,0.05829102820864376,0.45175138533540965,1,113,100,5
-0.03489640898076002,-0.03489640898074643,0.49550694601654155,1,113,100,10
0.11906806119619916,0.11906806119615261,0.4551573889912528,1,113,100,20
0.09951395540090867,0.0995139554008735,0.43979340013848495,1,113,100,40
0.05829102820866662,0.058291028208660514,0.4552997594619841,1,113,200,5
-0.03489640898076002,-0.034896408980756397,0.5029337067975672,1,113,200,10
0.11906806119619916,0.11906806119618663,0.45618701389256044,1,113,200,20
0.09951395540090867,0.09951395540089919,0.4426168116675169,1,113,200,40
0.05829102820866662,0.05829102820866592,0.45776071274792884,1,113,400,5
-0.03489640898076002,-0.03489640898075953,0.5073378403707961,1,113,400,10
0.11906806119619916,0.11906806119619776,0.4573900194173976,1,113,400,20
0.09951395540090867,0.09951395540090756,0.444871877590983,1,113,400,40
0.05829102820866662,0.05829102820866659,0.45817466844064,1,113,800,5
-0.03489640898076002,-0.03489640898075992,0.5080472537627949,1,113,800,10
0.11906806119619916,0.11906806119619912,0.4576129398259714,1,113,800,20
0.09951395540090867,0.09951395540090863,0.44526368875032973,1,113,800,40
0.16581081605295445,0.16581081605277437,0.39792298592249226,1,114,50,5
0.32950410907444183,0.3295041090740558,0.6869624767061057,1,114,50,10
0.2932047828713683,0.2932047828710488,0.5065459789748149,1,114,50,20
0.15997150431806,0.15997150431788798,0.3857805324140311,1,114,50,40
0.16581081605295445,0.16581081605288658,0.39544987356684586,1,114,100,5
0.32950410907444183,0.3295041090742964,0.6749071905931954,1,114,100,10
0.2932047828713683,0.29320478287124785,0.4977267958438911,1,114,100,20
0.15997150431806,0.15997150431799523,0.3836413861957292,1,114,100,40
0.16581081605295445,0.16581081605293627,0.39474621058191295,1,114,200,5
0.32950410907444183,0.3295041090744028,0.6646612492828872,1,114,200,10
0.2932047828713683,0.293204782871336,0.49084999008485136,1,114,200,20
0.15997150431806,0.1599715043180427,0.38329665663191925,1,114,200,40
0.16581081605295445,0.16581081605295223,0.395021719611815,1,114,400,5
0.32950410907444183,0.32950410907443717,0.6600777036413344,1,114,400,10
0.2932047828713683,0.2932047828713644,0.48803483916927715,1,114,400,20
0.15997150431806,0.15997150431805798,0.383764436031903,1,114,400,40
0.16581081605295445,0.16581081605295436,0.3951001764281502,1,114,800,5
0.32950410907444183,0.3295041090744417,0.6594128009936331,1,114,800,10
0.2932047828713683,0.2932047828713682,0.4876434971216045,1,114,800,20
0.15997150431806,0.15997150431806,0.38387285122549764,1,114,800,40
0.18676993052290347,0.1867699305226886,0.5041594000343828,1,115,50,5
0.18673028682062123,0.18673028682041526,0.4919479398653972,1,115,50,10
0.07352951742422645,0.07352951742414181,0.47686397043819384,1,115,50,20
0.2204068357301422,0.22040683572988196,0.27091603919309437,1,115,50,40
0.18676993052290347,0.1867699305228225,0.5000302373849107,1,115,100,5
0.18673028682062123,0.1867302868205436,0.48788785760504694,1,115,100,10
0.07352951742422645,0.07352951742419452,0.4774038502325445,1,115,100,20
0.2204068357301422,0.2204068357300441,0.26776404152212085,1,115,100,40
0.18676993052290347,0.18676993052288177,0.49753365109176345,1,115,200,5
0.18673028682062123,0.18673028682060042,0.4855912983897682,1,115,200,10
0.07352951742422645,0.07352951742421784,0.47944038092767466,1,115,200,20
0.2204068357301422,0.22040683573011588,0.26614103394224614,1,115,200,40
0.18676993052290347,0.1867699305229009,0.4968443801167305,1,115,400,5
0.18673028682062123,0.18673028682061876,0.4850511676419973,1,115,400,10
0.07352951742422645,0.07352951742422542,0.48101746332194173,1,115,400,20
0.2204068357301422,0.22040683573013914,0.2658607445075699,1,115,400,40
0.18676993052290347,0.18676993052290347,0.4967722733461242,1,115,800,5
0.18673028682062123,0.1867302868206212,0.4850045856225733,1,115,800,10
0.07352951742422645,0.0735295174242264,0.48128966899133074,1,115,800,20
0.2204068357301422,0.2204068357301421,0.26584915151399513,1,115,800,40
0.035258320435023305,0.035258320434981866,0.5502515802206931,1,116,50,5
0.3836670158332693,0.38366701583285456,0.48273965155235044,1,116,50,10
0.03913730630904181,0.03913730630899627,0.47275006515412843,1,116,50,20
0.2582295203777115,0.2582295203774422,0.49683563957784815,1,116,50,40
0.035258320435023305,0.03525832043500765,0.5520697556231665,1,116,100,5
0.3836670158332693,0.38366701583311297,0.4702398152760887,1,116,100,10
0.03913730630904181,0.03913730630902461,0.4745838710441981,1,116,100,20
0.2582295203777115,0.25822952037761,0.48950204721112034,1,116,100,40
0.035258320435023305,0.03525832043501914,0.55528318184593,1,116,200,5
0.3836670158332693,0.3836670158332274,0.4598160316702996,1,116,200,10
0.03913730630904181,0.039137306309037195,0.47784540590226243,1,116,200,20
0.2582295203777115,0.2582295203776843,0.4842227769326293,1,116,200,40
0.035258320435023305,0.035258320435022805,0.5574249381384286,1,116,400,5
0.3836670158332693,0.38366701583326435,0.45523735447734537,1,116,400,10
0.03913730630904181,0.03913730630904129,0.4800233850903853,1,116,400,20
0.2582295203777115,0.25822952037770813,0.48226367456199715,1,116,400,40
0.035258320435023305,0.03525832043502328,0.5577815470827445,1,116,800,5
0.3836670158332693,0.3836670158332693,0.45457866317338586,1,116,800,10
0.03913730630904181,0.03913730630904182,0.48038620725168224,1,116,800,20
0.2582295203777115,0.2582295203777115,0.48200573272762454,1,116,800,40
0.14344660646956364,0.14344660646940563,0.4583535787974177,1,117,50,5
0.3010583367829958,0.3010583367826698,0.5257559718642848,1,117,50,10
0.3352346286893897,0.33523462868905135,0.4421887355441517,1,117,50,20
0.3521923615414595,0.35219236154110534,0.7091230043356107,1,117,50,40
0.14344660646956364,0.14344660646950413,0.456318266059888,1,117,100,5
0.3010583367829958,0.30105833678287297,0.5163152320688331,1,117,100,10
0.3352346286893897,0.3352346286892622,0.4319808339515505,1,117,100,20
0.3521923615414595,0.35219236154132616,0.6941085367600863,1,117,100,40
0.14344660646956364,0.14344660646954768,0.45599175760856203,1,117,200,5
0.3010583367829958,0.3010583367829629,0.5088565640687028,1,117,200,10
0.3352346286893897,0.33523462868935544,0.42403470280769984,1,117,200,20
0.3521923615414595,0.35219236154142375,0.6815088150188765,1,117,200,40
0.14344660646956364,0.1434466064695618,0.4564381250230999,1,117,400,5
0.3010583367829958,0.30105833678299193,0.5057584906989256,1,117,400,10
0.3352346286893897,0.3352346286893856,0.4207880314771189,1,117,400,20
0.3521923615414595,0.3521923615414553,0.6759403803570847,1,117,400,40
0.14344660646956364,0.1434466064695636,0.45654150643346975,1,117,800,5
0.3010583367829958,0.3010583367829958,0.5053246318005824,1,117,800,10
0.3352346286893897,0.3352346286893897,0.42033714636092057,1,117,800,20
0.3521923615414595,0.3521923615414594,0.6751370460284736,1,117,800,40
0.2974175821915499,0.2974175821912075,0.5028836881043103,1,118,50,5
0.0784699489794019,0.07846994897931411,0.5009955732255205,1,118,50,10
0.36201112092523813,0.36201112092485743,0.5762950337139426,1,118,50,20
0.05067586220000561,0.05067586219995199,0.6407090533379507,1,118,50,40
0.2974175821915499,0.2974175821914209,0.49422215012029164,1,118,100,5
0.0784699489794019,0.07846994897936878,0.5013736130758892,1,118,100,10
0.36201112092523813,0.3620111209250947,0.5630836631858958,1,118,100,20
0.05067586220000561,0.050675862199985426,0.6422517073284504,1,118,100,40
0.2974175821915499,0.2974175821915155,0.4873230041698188,1,118,200,5
0.0784699489794019,0.07846994897939298,0.5033407702978248,1,118,200,10
0.36201112092523813,0.3620111209251996,0.5520664963758926,1,118,200,20
0.05067586220000561,0.050675862200000206,0.6455395113418291,1,118,200,40
0.2974175821915499,0.2974175821915458,0.48443186500974,1,118,400,5
0.0784699489794019,0.07846994897940092,0.5049155997374271,1,118,400,10
0.36201112092523813,0.3620111209252335,0.5472271630862667,1,118,400,20
0.05067586220000561,0.05067586220000493,0.6478447973378247,1,118,400,40
0.2974175821915499,0.2974175821915499,0.4840251966657817,1,118,800,5
0.0784699489794019,0.07846994897940193,0.505189355305246,1,118,800,10
0.36201112092523813,0.362011120925238,0.5465309729192931,1,118,800,20
0.05067586220000561,0.050675862200005556,0.6482336218821407,1,118,800,40
0.2920718286209225,0.2920718286205784,0.43583577552119523,1,119,50,5
0.23041449460103453,0.23041449460080682,0.3663878220360024,1,119,50,10
0.15027123841507645,0.15027123841491846,0.6227298038880914,1,119,50,20
0.1297283432781513,0.12972834327801036,0.5240991710386662,1,119,50,40
0.2920718286209225,0.29207182862079284,0.42830268904081337,1,119,100,5
0.23041449460103453,0.2304144946009488,0.3617172525933835,1,119,100,10
0.15027123841507645,0.1502712384150169,0.6194532146600988,1,119,100,20
0.1297283432781513,0.12972834327809818,0.5222870773151405,1,119,100,40
0.2920718286209225,0.29207182862088776,0.4224312969099381,1,119,200,5
0.23041449460103453,0.2304144946010116,0.35923240809752777,1,119,200,10
0.15027123841507645,0.15027123841506046,0.6180848584085825,1,119,200,20
0.1297283432781513,0.1297283432781371,0.5222242224408582,1,119,200,40
0.2920718286209225,0.2920718286209183,0.4200289150031592,1,119,400,5
0.23041449460103453,0.23041449460103192,0.3587476037464734,1,119,400,10
0.15027123841507645,0.15027123841507456,0.6180706953091597,1,119,400,20
0.1297283432781513,0.1297283432781497,0.522819749200607,1,119,400,40
0.2920718286209225,0.2920718286209224,0.4196950374939237,1,119,800,5
0.23041449460103453,0.2304144946010346,0.358718147426786,1,119,800,10
0.15027123841507645,0.15027123841507636,0.6181076322099471,1,119,800,20
0.1297283432781513,0.12972834327815125,0.5229468033967442,1,119,800,40
0.12799547729900085,0.1279954772988691,0.39691680888826153,1,120,50,5
0.2081153026043982,0.2081153026041594,0.4435734107004839,1,120,50,10
0.3216344601192591,0.3216344601188835,0.5314023311617649,1,120,50,20
0.12218554339661103,0.12218554339648535,0.54815297615503,1,120,50,40
0.12799547729900085,0.12799547729895117,0.3960639183168594,1,120,100,5
0.2081153026043982,0.20811530260430816,0.43908515836358786,1,120,100,10
0.3216344601192591,0.32163446011911745,0.5214763385812962,1,120,100,20
0.12218554339661103,0.12218554339656365,0.5466861144504522,1,120,100,40
0.12799547729900085,0.1279954772989876,0.39712549389888374,1,120,200,5
0.2081153026043982,0.20811530260437405,0.43624727082543957,1,120,200,10
0.3216344601192591,0.32163446011922114,0.5133068481316141,1,120,200,20
0.12218554339661103,0.12218554339659839,0.547154025110941,1,120,200,40
0.12799547729900085,0.1279954772989993,0.3983545659533462,1,120,400,5
0.2081153026043982,0.20811530260439537,0.4353900752398185,1,120,400,10
0.3216344601192591,0.32163446011925456,0.5097648137456046,1,120,400,20
0.12218554339661103,0.12218554339660946,0.5480871904264455,1,120,400,40
0.12799547729900085,0.12799547729900085,0.3985820353392576,1,120,800,5
0.2081153026043982,0.20811530260439817,0.4352926149158126,1,120,800,10
0.3216344601192591,0.3216344601192589,0.5092583383754323,1,120,800,20
0.12218554339661103,0.122185543396611,0.5482697570554851,1,120,800,40
0.13439064483496838,0.1343906448348106,0.4582398280676445,1,121,50,5
0.13840195056994306,0.13840195056980312,0.3218907230633378,1,121,50,10
0.30179567896595605,0.30179567896562776,0.4788074033886978,1,121,50,20
0.11570332498011886,0.11570332497999299,0.5429126084960442,1,121,50,40
0.13439064483496838,0.13439064483490895,0.45646130619430664,1,121,100,5
0.13840195056994306,0.1384019505698903,0.321229569634115,1,121,100,10
0.30179567896595605,0.30179567896583226,0.4699555370215742,1,121,100,20
0.11570332498011886,0.11570332498007141,0.5416212401895817,1,121,100,40
0.13439064483496838,0.13439064483495247,0.4561874145577303,1,121,200,5
0.13840195056994306,0.13840195056992888,0.3225459798908813,1,121,200,10
0.30179567896595605,0.3017956789659228,0.4630536108825051,1,121,200,20
0.11570332498011886,0.11570332498010613,0.5420590075067467,1,121,200,40
0.13439064483496838,0.13439064483496652,0.45658739635434087,1,121,400,5
0.13840195056994306,0.13840195056994128,0.3239278388415443,1,121,400,10
0.30179567896595605,0.30179567896595205,0.4602283442086248,1,121,400,20
0.11570332498011886,0.11570332498011741,0.5429029956702226,1,121,400,40
0.13439064483496838,0.13439064483496843,0.4566794894820104,1,121,800,5
0.13840195056994306,0.13840195056994298,0.3241800010215783,1,121,800,10
0.30179567896595605,0.30179567896595594,0.45983560789383954,1,121,800,20
0.11570332498011886,0.11570332498011875,0.5430676904047143,1,121,800,40
0.29631896100553434,0.2963189610051946,0.3850363622946362,1,122,50,5
0.22798021877845454,0.2279802187781736,0.4195932527140054,1,122,50,10
0.1733395022911018,0.1733395022909209,0.45186357770766983,1,122,50,20
0.26206839266451987,0.2620683926642309,0.5079259061378831,1,122,50,40
0.29631896100553434,0.2963189610054063,0.377883828406691,1,122,100,5
0.22798021877845454,0.2279802187783486,0.41470480115000086,1,122,100,10
0.1733395022911018,0.17333950229103365,0.4487023682626035,1,122,100,20
0.26206839266451987,0.262068392664411,0.5005011989116515,1,122,100,40
0.29631896100553434,0.29631896100550004,0.37246227629686757,1,122,200,5
0.22798021877845454,0.22798021877842614,0.4112773929293526,1,122,200,10
0.1733395022911018,0.17333950229108352,0.44747314795030924,1,122,200,20
0.26206839266451987,0.26206839266449067,0.49493878784636747,1,122,200,40
0.29631896100553434,0.2963189610055303,0.37031449406196215,1,122,400,5
0.22798021877845454,0.22798021877845118,0.41005119263398315,1,122,400,10
0.1733395022911018,0.17333950229109957,0.44753856715417073,1,122,400,20
0.26206839266451987,0.2620683926645164,0.4927661827109566,1,122,400,40
0.29631896100553434,0.29631896100553434,0.37002102909376877,1,122,800,5
0.22798021877845454,0.22798021877845454,0.40989333844033254,1,122,800,10
0.1733395022911018,0.1733395022911018,0.4475881791372107,1,122,800,20
0.26206839266451987,0.26206839266451976,0.49247160711683524,1,122,800,40
0.17511550500511594,0.17511550500493125,0.422120384361661,1,123,50,5
0.1478104809790743,0.14781048097891264,0.4359575556343225,1,123,50,10
0.2773797651550355,0.27737976515473034,0.5844231054972387,1,123,50,20
0.12126413762989526,0.12126413762977953,0.5063571832600426,1,123,50,40
0.17511550500511594,0.17511550500504636,0.4191172112481504,1,123,100,5
0.1478104809790743,0.14781048097901336,0.43390336860494527,1,123,100,10
0.2773797651550355,0.27737976515492035,0.5754788103269228,1,123,100,20
0.12126413762989526,0.12126413762985162,0.5054163385734645,1,123,100,40
0.17511550500511594,0.17511550500509726,0.4180022870919463,1,123,200,5
0.1478104809790743,0.147810480979058,0.43358291771376134,1,123,200,10
0.2773797651550355,0.2773797651550047,0.5684484532383082,1,123,200,20
0.12126413762989526,0.12126413762988358,0.5067015882405849,1,123,200,40
0.17511550500511594,0.1751155050051137,0.4181103848793249,1,123,400,5
0.1478104809790743,0.1478104809790724,0.43404132436354903,1,123,400,10
0.2773797651550355,0.2773797651550318,0.5655446775765177,1,123,400,20
0.12126413762989526,0.12126413762989391,0.5081567059623311,1,123,400,40
0.17511550500511594,0.1751155050051159,0.41816563681899255,1,123,800,5
0.1478104809790743,0.14781048097907426,0.43414706055085006,1,123,800,10
0.2773797651550355,0.2773797651550354,0.5651391795996487,1,123,800,20
0.12126413762989526,0.12126413762989517,0.5084251811335213,1,123,800,40
0.33714250161993425,0.33714250161954906,0.5844943460206464,1,124,50,5
0.05506881534756465,0.05506881534750676,0.34908654584144194,1,124,50,10
0.1639943271284775,0.16399432712829062,0.5762490735968059,1,124,50,20
0.04982040133670919,0.049820401336654316,0.44809447904831723,1,124,50,40
0.33714250161993425,0.3371425016197891,0.5730738876390384,1,124,100,5
0.05506881534756465,0.055068815347542856,0.35115849655841697,1,124,100,10
0.1639943271284775,0.16399432712840706,0.5725924654584501,1,124,100,20
0.04982040133670919,0.0498204013366885,0.44984585392869486,1,124,100,40
0.33714250161993425,0.33714250161989545,0.5635183054316397,1,124,200,5
0.05506881534756465,0.055068815347558836,0.35498237007513134,1,124,200,10
0.1639943271284775,0.16399432712845857,0.5705840405033222,1,124,200,20
0.04982040133670919,0.049820401336703624,0.45319635474894354,1,124,200,40
0.33714250161993425,0.33714250161992965,0.5593072600953446,1,124,400,5
0.05506881534756465,0.05506881534756401,0.3575638640113636,1,124,400,10
0.1639943271284775,0.16399432712847523,0.5701496797883483,1,124,400,20
0.04982040133670919,0.04982040133670848,0.4554812673445555,1,124,400,40
0.33714250161993425,0.3371425016199342,0.5587005448748233,1,124,800,5
0.05506881534756465,0.05506881534756468,0.35799512932771504,1,124,800,10
0.1639943271284775,0.16399432712847745,0.5701169330327784,1,124,800,20
0.04982040133670919,0.049820401336709175,0.4558639791314749,1,124,800,40
-0.048984744001950686,-0.04898474400188728,0.3418783967700346,1,125,50,5
0.2017891026084156,0.20178910260820737,0.5499421313409685,1,125,50,10
0.05425083983934822,0.05425083983929521,0.5728109177050972,1,125,50,20
0.1757165904482382,0.1757165904480439,0.4753802296597196,1,125,50,40
-0.048984744001950686,-0.04898474400192676,0.3459905532398754,1,125,100,5
0.2017891026084156,0.20178910260833716,0.5446809063501556,1,125,100,10
0.05425083983934822,0.05425083983932825,0.5748080877979806,1,125,100,20
0.1757165904482382,0.175716590448165,0.4719062488161482,1,125,100,40
-0.048984744001950686,-0.048984744001944275,0.3511789606410882,1,125,200,5
0.2017891026084156,0.20178910260839455,0.5414534928513148,1,125,200,10
0.05425083983934822,0.05425083983934287,0.5788452653079165,1,125,200,20
0.1757165904482382,0.17571659044821858,0.4701711465727248,1,125,200,40
-0.048984744001950686,-0.04898474400194995,0.3542149089514758,1,125,400,5
0.2017891026084156,0.20178910260841312,0.5405349419715075,1,125,400,10
0.05425083983934822,0.05425083983934763,0.5816390613200194,1,125,400,20
0.1757165904482382,0.17571659044823584,0.46990891697342885,1,125,400,40
-0.048984744001950686,-0.04898474400195067,0.354701928399742,1,125,800,5
0.2017891026084156,0.20178910260841554,0.5404359430155278,1,125,800,10
0.05425083983934822,0.054250839839348135,0.5821087450683042,1,125,800,20
0.1757165904482382,0.17571659044823812,0.4699043912023738,1,125,800,40
0.1730188946005779,0.17301889460039974,0.39685399849450387,1,126,50,5
0.07937737332911105,0.0793773733290189,0.37354676543523385,1,126,50,10
0.17679488153493367,0.176794881534749,0.6362789577443906,1,126,50,20
-0.0719938399131971,-0.07199383991311754,0.44950052353068204,1,126,50,40
0.1730188946005779,0.17301889460051076,0.3941800041362611,1,126,100,5
0.07937737332911105,0.07937737332907625,0.3741786639959402,1,126,100,10
0.17679488153493367,0.1767948815348641,0.6315921619111953,1,126,100,20
-0.0719938399131971,-0.07199383991316717,0.45599003524807863,1,126,100,40
0.1730188946005779,0.17301889460055986,0.39347209360336244,1,126,200,5
0.07937737332911105,0.07937737332910169,0.37627903572839017,1,126,200,10
0.17679488153493367,0.17679488153491513,0.6288763877797228,1,126,200,20
-0.0719938399131971,-0.07199383991318917,0.4639303862767769,1,126,200,40
0.1730188946005779,0.1730188946005758,0.3938159858731001,1,126,400,5
0.07937737332911105,0.0793773733291099,0.37787861241406345,1,126,400,10
0.17679488153493367,0.17679488153493153,0.6281966089666182,1,126,400,20
-0.0719938399131971,-0.07199383991319616,0.4685061914623077,1,126,400,40
0.1730188946005779,0.17301889460057787,0.3939089454547362,1,126,800,5
0.07937737332911105,0.0793773733291109,0.3781536856885408,1,126,800,10
0.17679488153493367,0.1767948815349336,0.6281328918122853,1,126,800,20
-0.0719938399131971,-0.07199383991319715,0.4692367206142621,1,126,800,40
-0.027145430976770968,-0.027145430976742817,0.41462646962947336,1,127,50,5
-0.0103231790860705,-0.010323179086059273,0.5055119880152243,1,127,50,10
0.05706399185022133,0.05706399185015586,0.44699862096712945,1,127,50,20
0.17597296367259765,0.17597296367241838,0.4105270776575817,1,127,50,40
-0.027145430976770968,-0.027145430976760365,0.4199080867818649,1,127,100,5
-0.0103231790860705,-0.010323179086066267,0.5097219084115406,1,127,100,10
0.05706399185022133,0.0570639918501967,0.4482712556906982,1,127,100,20
0.17597296367259765,0.17597296367253004,0.40762932912440375,1,127,100,40
-0.027145430976770968,-0.027145430976768095,0.42690198156504133,1,127,200,5
-0.0103231790860705,-0.01032317908606932,0.5154886073456915,1,127,200,10
0.05706399185022133,0.057063991850214775,0.45103144073521806,1,127,200,20
0.17597296367259765,0.17597296367257953,0.4067484961674773,1,127,200,40
-0.027145430976770968,-0.027145430976770593,0.43108822305870176,1,127,400,5
-0.0103231790860705,-0.010323179086070403,0.5189923103701001,1,127,400,10
0.05706399185022133,0.05706399185022057,0.45297483779293385,1,127,400,20
0.17597296367259765,0.17597296367259543,0.40702231309458814,1,127,400,40
-0.027145430976770968,-0.027145430976770933,0.43176444724004936,1,127,800,5
-0.0103231790860705,-0.010323179086070514,0.5195608152909065,1,127,800,10
0.05706399185022133,0.05706399185022133,0.4533029590192749,1,127,800,20
0.17597296367259765,0.17597296367259757,0.40710558216347537,1,127,800,40
0.13153454838057915,0.13153454838042727,0.39518528966976807,1,128,50,5
0.15870395477239824,0.15870395477220728,0.5070192037737221,1,128,50,10
0.06654793552564149,0.0665479355255746,0.48351549376474756,1,128,50,20
0.2926465985574285,0.29264659855710334,0.7337432675029196,1,128,50,40
0.13153454838057915,0.13153454838052195,0.3938997070344802,1,128,100,5
0.15870395477239824,0.15870395477232624,0.5040064810617392,1,128,100,10
0.06654793552564149,0.06654793552561626,0.4849859597248924,1,128,100,20
0.2926465985574285,0.29264659855730596,0.7225770618259914,1,128,100,40
0.13153454838057915,0.13153454838056378,0.39415436672964366,1,128,200,5
0.15870395477239824,0.15870395477237897,0.5024649948637663,1,128,200,10
0.06654793552564149,0.0665479355256347,0.4883933807712453,1,128,200,20
0.2926465985574285,0.2926465985573956,0.7133567797729297,1,128,200,40
0.13153454838057915,0.13153454838057735,0.3948370643938838,1,128,400,5
0.15870395477239824,0.15870395477239596,0.5022056174830738,1,128,400,10
0.06654793552564149,0.06654793552564063,0.4908285765177507,1,128,400,20
0.2926465985574285,0.2926465985574246,0.7093460565667735,1,128,400,40
0.13153454838057915,0.1315345483805792,0.39497318601301845,1,128,800,5
0.15870395477239824,0.15870395477239824,0.502196043663618,1,128,800,10
0.06654793552564149,0.06654793552564153,0.4912412278047119,1,128,800,20
0.2926465985574285,0.2926465985574286,0.7087716821402531,1,128,800,40
0.12109673048857125,0.12109673048844075,0.5505189226816082,1,129,50,5
0.2860984963015999,0.2860984963012642,0.46276353863262515,1,129,50,10
0.13432090261664856,0.13432090261650412,0.4457976011111222,1,129,50,20
0.01762339572437413,0.017623395724356034,0.5384799006332343,1,129,50,40
0.12109673048857125,0.12109673048852213,0.5489721904706233,1,129,100,5
0.2860984963015999,0.2860984963014734,0.45511958517519036,1,129,100,10
0.13432090261664856,0.13432090261659407,0.44425913903407754,1,129,100,20
0.01762339572437413,0.01762339572436729,0.5419225873101753,1,129,100,40
0.12109673048857125,0.1210967304885581,0.5491940817224855,1,129,200,5
0.2860984963015999,0.2860984963015659,0.44915290990797396,1,129,200,10
0.13432090261664856,0.13432090261663387,0.4444974078680949,1,129,200,20
0.01762339572437413,0.01762339572437234,0.5471568319468408,1,129,200,40
0.12109673048857125,0.12109673048856968,0.5499419873442737,1,129,400,5
0.2860984963015999,0.28609849630159584,0.44670745711721616,1,129,400,10
0.13432090261664856,0.13432090261664686,0.4452565866957361,1,129,400,20
0.01762339572437413,0.01762339572437397,0.5504728423885819,1,129,400,40
0.12109673048857125,0.1210967304885712,0.5500927760204664,1,129,800,5
0.2860984963015999,0.2860984963015998,0.4463673025529025,1,129,800,10
0.13432090261664856,0.13432090261664847,0.4454092680416519,1,129,800,20
0.01762339572437413,0.017623395724374144,0.5510174131030626,1,129,800,40
0.13452463750994334,0.13452463750980528,0.3793235253928292,1,130,50,5
-0.06880333819063206,-0.06880333819054114,0.5191283551547399,1,130,50,10
0.2636711295883012,0.26367112958803585,0.539177636999451,1,130,50,20
-0.004602266583353644,-0.004602266583348523,0.3888658695557688,1,130,50,40
0.13452463750994334,0.13452463750989127,0.37833970046319143,1,130,100,5
-0.06880333819063206,-0.06880333819059775,0.5241260808333512,1,130,100,10
0.2636711295883012,0.2636711295882012,0.5309739555229783,1,130,100,20
-0.004602266583353644,-0.004602266583351722,0.39273132483378626,1,130,100,40
0.13452463750994334,0.13452463750992932,0.37928875640860554,1,130,200,5
-0.06880333819063206,-0.06880333819062287,0.5301271036472732,1,130,200,10
0.2636711295883012,0.26367112958827443,0.5249840393704035,1,130,200,20
-0.004602266583353644,-0.0046022665833531165,0.3981285494635316,1,130,200,40
0.13452463750994334,0.13452463750994162,0.38046697038904603,1,130,400,5
-0.06880333819063206,-0.06880333819063097,0.5335518896669827,1,130,400,10
0.2636711295883012,0.2636711295882981,0.5227192089424888,1,130,400,20
-0.004602266583353644,-0.0046022665833535745,0.4014345837132106,1,130,400,40
0.13452463750994334,0.1345246375099433,0.38068702810529204,1,130,800,5
-0.06880333819063206,-0.06880333819063203,0.534096965572164,1,130,800,10
0.2636711295883012,0.2636711295883012,0.5224177115690797,1,130,800,20
-0.004602266583353644,-0.00460226658335363,0.40197230261811356,1,130,800,40
0.08055271201014422,0.08055271201004427,0.3286603474281724,1,131,50,5
0.357909664975055,0.35790966497467064,0.5748623796113863,1,131,50,10
0.3644931706611193,0.3644931706607235,0.5425779647946442,1,131,50,20
0.24139863736265024,0.24139863736238315,0.48076395016308326,1,131,50,40
0.08055271201014422,0.08055271201010655,0.3291724839408663,1,131,100,5
0.357909664975055,0.35790966497491017,0.5620645454933774,1,131,100,10
0.3644931706611193,0.3644931706609701,0.53004432169689,1,131,100,20
0.24139863736265024,0.24139863736254957,0.47451483368054215,1,131,100,40
0.08055271201014422,0.08055271201013411,0.33097164973155907,1,131,200,5
0.357909664975055,0.3579096649750162,0.5513750702915678,1,131,200,10
0.3644931706611193,0.3644931706610792,0.5195720770185901,1,131,200,20
0.24139863736265024,0.24139863736262326,0.4700828905293599,1,131,200,40
0.08055271201014422,0.08055271201014295,0.3323522943739765,1,131,400,5
0.357909664975055,0.35790966497505033,0.5466722923405494,1,131,400,10
0.3644931706611193,0.3644931706611146,0.5149633921567323,1,131,400,20
0.24139863736265024,0.24139863736264705,0.46847144038866534,1,131,400,40
0.08055271201014422,0.08055271201014419,0.3325901192413021,1,131,800,5
0.357909664975055,0.35790966497505494,0.5459952567398207,1,131,800,10
0.3644931706611193,0.3644931706611192,0.5142998047848804,1,131,800,20
0.24139863736265024,0.24139863736265021,0.46826188244745837,1,131,800,40
0.19592791505767165,0.1959279150574566,0.603709021581806,1,132,50,5
0.11375984215521996,0.11375984215511101,0.4899362054482017,1,132,50,10
0.18680458118269214,0.1868045811824733,0.6773252571728597,1,132,50,20
0.020397464519174277,0.02039746451915095,0.4566180338257868,1,132,50,40
0.19592791505767165,0.1959279150575906,0.5983826300555504,1,132,100,5
0.11375984215521996,0.11375984215517888,0.48943635783818346,1,132,100,10
0.18680458118269214,0.18680458118260962,0.6720424333671731,1,132,100,20
0.020397464519174277,0.020397464519165485,0.4592954162569106,1,132,100,40
0.19592791505767165,0.1959279150576499,0.5948726814422709,1,132,200,5
0.11375984215521996,0.11375984215520887,0.4911333741353354,1,132,200,10
0.18680458118269214,0.18680458118267,0.6683720763895118,1,132,200,20
0.020397464519174277,0.02039746451917189,0.46343228815631937,1,132,200,40
0.19592791505767165,0.1959279150576691,0.5937318441692917,1,132,400,5
0.11375984215521996,0.11375984215521857,0.4927882986867165,1,132,400,10
0.18680458118269214,0.1868045811826896,0.6670761297201636,1,132,400,20
0.020397464519174277,0.020397464519173958,0.4660687093589792,1,132,400,40
0.19592791505767165,0.19592791505767163,0.5935943468627712,1,132,800,5
0.11375984215521996,0.11375984215521992,0.4930867757727621,1,132,800,10
0.18680458118269214,0.18680458118269205,0.6669106968541296,1,132,800,20
0.020397464519174277,0.020397464519174242,0.4665023940032468,1,132,800,40
0.4324031582421168,0.43240315824170594,0.51038466881644,1,133,50,5
0.007027924564290536,0.007027924564283375,0.47083159342425995,1,133,50,10
0.20117985171925606,0.20117985171905714,0.41919691871303144,1,133,50,20
0.23511987094581369,0.23511987094555198,0.4392715206230911,1,133,50,40
0.4324031582421168,0.4324031582419618,0.49367451989078126,1,133,100,5
0.007027924564290536,0.00702792456428783,0.4748757641912231,1,133,100,10
0.20117985171925606,0.20117985171918112,0.4151681023153526,1,133,100,20
0.23511987094581369,0.23511987094571501,0.4337189783945074,1,133,100,40
0.4324031582421168,0.4324031582420753,0.47966799057301396,1,133,200,5
0.007027924564290536,0.007027924564289842,0.4807364284036966,1,133,200,10
0.20117985171925606,0.201179851719236,0.4133048905813304,1,133,200,20
0.23511987094581369,0.23511987094578723,0.42994340696555045,1,133,200,40
0.4324031582421168,0.43240315824211184,0.4734847284891084,1,133,400,5
0.007027924564290536,0.007027924564290508,0.48438130656319267,1,133,400,10
0.20117985171925606,0.20117985171925368,0.41313034323057307,1,133,400,20
0.23511987094581369,0.2351198709458105,0.4286527499581777,1,133,400,40
0.4324031582421168,0.4324031582421167,0.4725931516981431,1,133,800,5
0.007027924564290536,0.00702792456429055,0.48497675524777845,1,133,800,10
0.20117985171925606,0.20117985171925606,0.41314799125846613,1,133,800,20
0.23511987094581369,0.23511987094581357,0.4284914984493261,1,133,800,40
0.3675400269845988,0.36754002698424804,0.5147246718986086,1,134,50,5
0.10308588487522505,0.1030858848751113,0.5657036377296484,1,134,50,10
0.1708627708154477,0.17086277081527554,0.509584455809028,1,134,50,20
0.17022877138146048,0.17022877138127906,0.4414178160402206,1,134,50,40
0.3675400269845988,0.36754002698446653,0.5013310689813792,1,134,100,5
0.10308588487522505,0.10308588487518217,0.5648374369913749,1,134,100,10
0.1708627708154477,0.1708627708153828,0.5061129203466295,1,134,100,20
0.17022877138146048,0.17022877138139214,0.43844935921886263,1,134,100,40
0.3675400269845988,0.3675400269845634,0.49052377419222853,1,134,200,5
0.10308588487522505,0.10308588487521356,0.5656414063509034,1,134,200,10
0.1708627708154477,0.17086277081543028,0.5047171661005676,1,134,200,20
0.17022877138146048,0.17022877138144218,0.43732882864357936,1,134,200,40
0.3675400269845988,0.36754002698459465,0.4859323125666813,1,134,400,5
0.10308588487522505,0.10308588487522369,0.5666512619415625,1,134,400,10
0.1708627708154477,0.17086277081544554,0.5047491268530171,1,134,400,20
0.17022877138146048,0.17022877138145842,0.4374195953531541,1,134,400,40
0.3675400269845988,0.36754002698459876,0.485282120118235,1,134,800,5
0.10308588487522505,0.10308588487522499,0.5668401513114987,1,134,800,10
0.1708627708154477,0.17086277081544765,0.5047965613621396,1,134,800,20
0.17022877138146048,0.17022877138146053,0.43747136664652453,1,134,800,40
0.012523070995917415,0.012523070995902927,0.4464849124473378,1,135,50,5
0.059610227092857876,0.059610227092799145,0.3870249434192416,1,135,50,10
0.28947853758336206,0.28947853758305103,0.43159751526151935,1,135,50,20
0.1554884498478888,0.15548844984774862,0.44270263086637984,1,135,50,40
0.012523070995917415,0.01252307099591194,0.44939690340243255,1,135,100,5
0.059610227092857876,0.05961022709283572,0.38922983998035243,1,135,100,10
0.28947853758336206,0.2894785375832448,0.4238285395927658,1,135,100,20
0.1554884498478888,0.15548844984783594,0.4407459493996917,1,135,100,40
0.012523070995917415,0.012523070995915937,0.4537270859005344,1,135,200,5
0.059610227092857876,0.05961022709285196,0.39343525447242594,1,135,200,10
0.28947853758336206,0.28947853758333053,0.4180191151886198,1,135,200,20
0.1554884498478888,0.15548844984787463,0.44130745832345175,1,135,200,40
0.012523070995917415,0.012523070995917231,0.4564474156996857,1,135,400,5
0.059610227092857876,0.05961022709285724,0.39630080251837707,1,135,400,10
0.28947853758336206,0.28947853758335834,0.41575525220657883,1,135,400,20
0.1554884498478888,0.1554884498478871,0.4424977561400567,1,135,400,40
0.012523070995917415,0.012523070995917443,0.45689310483573803,1,135,800,5
0.059610227092857876,0.05961022709285775,0.39678066600968903,1,135,800,10
0.28947853758336206,0.28947853758336206,0.41544869331161416,1,135,800,20
0.1554884498478888,0.15548844984788882,0.44273165945918824,1,135,800,40
0.14365950151366141,0.14365950151352566,0.5411122497522358,1,136,50,5
0.21444558241190667,0.21444558241170159,0.45168630204845295,1,136,50,10
0.42879327196313777,0.4287932719626746,0.501749161565072,1,136,50,20
0.275472897923801,0.27547289792352025,0.6245051659988865,1,136,50,40
0.14365950151366141,0.1436595015136103,0.538863850363212,1,136,100,5
0.21444558241190667,0.21444558241182932,0.4467209561844163,1,136,100,10
0.42879327196313777,0.42879327196296313,0.4869081292561881,1,136,100,20
0.275472897923801,0.2754728979236951,0.6148003109754091,1,136,100,40
0.14365950151366141,0.14365950151364773,0.5389233598068024,1,136,200,5
0.21444558241190667,0.214445582411886,0.44408988690893564,1,136,200,10
0.42879327196313777,0.4287932719630908,0.47421398334906584,1,136,200,20
0.275472897923801,0.2754728979237726,0.6073038680366412,1,136,200,40
0.14365950151366141,0.1436595015136598,0.539781830669307,1,136,400,5
0.21444558241190667,0.21444558241190415,0.4435837039944813,1,136,400,10
0.42879327196313777,0.4287932719631322,0.46850121693343877,1,136,400,20
0.275472897923801,0.2754728979237977,0.6042677134850116,1,136,400,40
0.14365950151366141,0.1436595015136615,0.539960604448289,1,136,800,5
0.21444558241190667,0.21444558241190673,0.44355401780674264,1,136,800,10
0.42879327196313777,0.4287932719631376,0.4676702884882492,1,136,800,20
0.275472897923801,0.275472897923801,0.6038479760797062,1,136,800,40
0.14403907342280803,0.14403907342265582,0.3155895095268988,1,137,50,5
0.11094999732214054,0.11094999732203405,0.5461201007817199,1,137,50,10
0.19560332375740055,0.19560332375715414,0.4935296437816813,1,137,50,20
0.1560518861725151,0.15605188617234744,0.42545204889846083,1,137,50,40
0.14403907342280803,0.14403907342275063,0.3146252624355995,1,137,100,5
0.11094999732214054,0.11094999732210035,0.5454534797292251,1,137,100,10
0.19560332375740055,0.1956033237573076,0.48924046600265625,1,137,100,20
0.1560518861725151,0.15605188617245186,0.42317050741420137,1,137,100,40
0.14403907342280803,0.1440390734227926,0.31548190099658213,1,137,200,5
0.11094999732214054,0.11094999732212982,0.5469801615830316,1,137,200,10
0.19560332375740055,0.1956033237573757,0.4863377522306868,1,137,200,20
0.1560518861725151,0.15605188617249807,0.4226902674564665,1,137,200,40
0.14403907342280803,0.14403907342280622,0.316572732252891,1,137,400,5
0.11094999732214054,0.11094999732213934,0.5485468163674779,1,137,400,10
0.19560332375740055,0.19560332375739764,0.48535276131291194,1,137,400,20
0.1560518861725151,0.15605188617251312,0.423091310180615,1,137,400,40
0.14403907342280803,0.14403907342280808,0.3167771119209705,1,137,800,5
0.11094999732214054,0.11094999732214057,0.5488317017289268,1,137,800,10
0.19560332375740055,0.19560332375740053,0.48523032059464255,1,137,800,20
0.1560518861725151,0.15605188617251506,0.4231896455699241,1,137,800,40
0.1938270144824742,0.19382701448224132,0.48981909160725645,1,138,50,5
0.08221589224260711,0.0822158922425138,0.3504129739949203,1,138,50,10
0.2834226342675872,0.28342263426728637,0.5878309720859174,1,138,50,20
0.052552840517587636,0.05255284051753249,0.4041569911249734,1,138,50,40
0.1938270144824742,0.19382701448238643,0.48555975245810723,1,138,100,5
0.08221589224260711,0.08221589224257195,0.35112759129769233,1,138,100,10
0.2834226342675872,0.28342263426747377,0.5783655328624676,1,138,100,20
0.052552840517587636,0.052552840517566826,0.4061860926533508,1,138,100,40
0.1938270144824742,0.19382701448245065,0.48281141986113946,1,138,200,5
0.08221589224260711,0.08221589224259772,0.35337669205217764,1,138,200,10
0.2834226342675872,0.28342263426755676,0.5709514705268033,1,138,200,20
0.052552840517587636,0.05255284051758207,0.40997480990938634,1,138,200,40
0.1938270144824742,0.1938270144824715,0.48194995938828067,1,138,400,5
0.08221589224260711,0.08221589224260603,0.3550759111529701,1,138,400,10
0.2834226342675872,0.2834226342675836,0.5679010445608069,1,138,400,20
0.052552840517587636,0.05255284051758701,0.41254110929862997,1,138,400,40
0.1938270144824742,0.1938270144824742,0.48184898997327896,1,138,800,5
0.08221589224260711,0.08221589224260707,0.35536759769580634,1,138,800,10
0.2834226342675872,0.2834226342675871,0.5674759032791652,1,138,800,20
0.052552840517587636,0.05255284051758766,0.4129702051835724,1,138,800,40
0.294658774549956,0.2946587745496084,0.37542703562391566,1,139,50,5
-0.015755046945966782,-0.015755046945948183,0.46880165102178173,1,139,50,10
0.11727097828365719,0.11727097828353658,0.6035420377659926,1,139,50,20
-0.013441440797714276,-0.0134414407977012,0.5049885931061466,1,139,50,40
0.294658774549956,0.2946587745498248,0.36857131614631544,1,139,100,5
-0.015755046945966782,-0.015755046945959743,0.4726351580363178,1,139,100,10
0.11727097828365719,0.11727097828361174,0.6020388748096941,1,139,100,20
-0.013441440797714276,-0.01344144079770936,0.510403281421864,1,139,100,40
0.294658774549956,0.2946587745499208,0.3633539158544226,1,139,200,5
-0.015755046945966782,-0.015755046945964885,0.4777993234003487,1,139,200,10
0.11727097828365719,0.11727097828364502,0.6024735047525771,1,139,200,20
-0.013441440797714276,-0.01344144079771302,0.5177862286983278,1,139,200,40
0.294658774549956,0.2946587745499518,0.3612771493089727,1,139,400,5
-0.015755046945966782,-0.015755046945966536,0.4809141724594498,1,139,400,10
0.11727097828365719,0.11727097828365575,0.6033907569292971,1,139,400,20
-0.013441440797714276,-0.013441440797714116,0.5222630107053816,1,139,400,40
0.294658774549956,0.2946587745499558,0.3609926616175738,1,139,800,5
-0.015755046945966782,-0.015755046945966782,0.4814184894167338,1,139,800,10
0.11727097828365719,0.11727097828365728,0.603570948319865,1,139,800,20
-0.013441440797714276,-0.013441440797714387,0.5229889778392276,1,139,800,40
0.45957458477280916,0.4595745847723116,0.4198462383628735,1,140,50,5
0.09218708742648979,0.09218708742638534,0.4183191848165574,1,140,50,10
0.06883066302088114,0.06883066302080876,0.4335751927814001,1,140,50,20
0.17315148525077667,0.173151485250572,0.38071166918817023,1,140,50,40
0.45957458477280916,0.4595745847726216,0.40531230352757847,1,140,100,5
0.09218708742648979,0.09218708742645038,0.4184100831466335,1,140,100,10
0.06883066302088114,0.06883066302085385,0.4348562315640284,1,140,100,20
0.17315148525077667,0.17315148525069962,0.37802999631093265,1,140,100,40
0.45957458477280916,0.45957458477275887,0.3929081200240489,1,140,200,5
0.09218708742648979,0.0921870874264792,0.42005817874276097,1,140,200,10
0.06883066302088114,0.06883066302087387,0.43791233314867595,1,140,200,20
0.17315148525077667,0.17315148525075602,0.37686025856182603,1,140,200,40
0.45957458477280916,0.4595745847728033,0.38733729321633203,1,140,400,5
0.09218708742648979,0.09218708742648858,0.42145860619626685,1,140,400,10
0.06883066302088114,0.06883066302088031,0.44011001833219515,1,140,400,20
0.17315148525077667,0.17315148525077412,0.3768053407647768,1,140,400,40
0.45957458477280916,0.4595745847728092,0.38652775204253276,1,140,800,5
0.09218708742648979,0.09218708742648979,0.42170499749066004,1,140,800,10
0.06883066302088114,0.06883066302088112,0.44048297653991664,1,140,800,20
0.17315148525077667,0.17315148525077653,0.37682791451991043,1,140,800,40
0.16096095365128865,0.16096095365113045,0.5928045174271335,1,141,50,5
0.11419174316046393,0.11419174316034486,0.498918747920742,1,141,50,10
0.08410102408603437,0.08410102408592446,0.5697158297596315,1,141,50,20
0.34426373423829126,0.34426373423796747,0.6331153012321676,1,141,50,40
0.16096095365128865,0.16096095365122903,0.5892376858540591,1,141,100,5
0.11419174316046393,0.11419174316041908,0.49803044256692347,1,141,100,10
0.08410102408603437,0.08410102408599295,0.5692011281652465,1,141,100,20
0.34426373423829126,0.34426373423816925,0.6189430164450892,1,141,100,40
0.16096095365128865,0.16096095365127266,0.5878459938920323,1,141,200,5
0.11419174316046393,0.11419174316045194,0.49901071168099326,1,141,200,10
0.08410102408603437,0.0841010240860232,0.5698734242092106,1,141,200,20
0.34426373423829126,0.3442637342382586,0.6074462193161233,1,141,200,40
0.16096095365128865,0.1609609536512868,0.5879156791382371,1,141,400,5
0.11419174316046393,0.1141917431604625,0.5001817934800448,1,141,400,10
0.08410102408603437,0.0841010240860331,0.5706426700086585,1,141,400,20
0.34426373423829126,0.3442637342382875,0.6025346172739182,1,141,400,40
0.16096095365128865,0.16096095365128868,0.5879709274359368,1,141,800,5
0.11419174316046393,0.11419174316046395,0.5003994410325077,1,141,800,10
0.08410102408603437,0.08410102408603434,0.5707848075489743,1,141,800,20
0.34426373423829126,0.34426373423829126,0.6018372220593842,1,141,800,40
0.087417406554516,0.08741740655442579,0.43001226664594583,1,142,50,5
0.028956541431195484,0.028956541431162157,0.5899371538274558,1,142,50,10
0.12874080028636914,0.128740800286226,0.49803767089726925,1,142,50,20
0.022825485840544002,0.022825485840522006,0.3711938169598691,1,142,50,40
0.087417406554516,0.08741740655448196,0.43063588580247253,1,142,100,5
0.028956541431195484,0.028956541431182904,0.5920940369675054,1,142,100,10
0.12874080028636914,0.12874080028631518,0.49636196802572774,1,142,100,20
0.022825485840544002,0.022825485840535717,0.3751378861975785,1,142,100,40
0.087417406554516,0.08741740655450683,0.4331223150342087,1,142,200,5
0.028956541431195484,0.028956541431192147,0.5957034601517963,1,142,200,10
0.12874080028636914,0.1287408002863547,0.49635586923603786,1,142,200,20
0.022825485840544002,0.022825485840541775,0.38113618327585475,1,142,200,40
0.087417406554516,0.08741740655451484,0.4350605446837829,1,142,400,5
0.028956541431195484,0.028956541431195117,0.5980680127849864,1,142,400,10
0.12874080028636914,0.1287408002863675,0.49695180910154324,1,142,400,20
0.022825485840544002,0.022825485840543704,0.38493665157487233,1,142,400,40
0.087417406554516,0.08741740655451602,0.4353955648237582,1,142,800,5
0.028956541431195484,0.028956541431195533,0.5984599176232237,1,142,800,10
0.12874080028636914,0.12874080028636917,0.497077294585654,1,142,800,20
0.022825485840544002,0.022825485840544016,0.3855608012656914,1,142,800,40
0.1855350016289948,0.1855350016287823,0.5234777140131606,1,143,50,5
0.009291354924697237,0.00929135492468719,0.5292050515445692,1,143,50,10
0.26929308627194337,0.26929308627164084,0.35442086049099225,1,143,50,20
0.16207129297857387,0.16207129297838835,0.7117821948180398,1,143,50,40
0.1855350016289948,0.1855350016289147,0.51925410447759,1,143,100,5
0.009291354924697237,0.009291354924693393,0.532639547870289,1,143,100,10
0.26929308627194337,0.26929308627182935,0.3485875383092309,1,143,100,20
0.16207129297857387,0.16207129297850392,0.7074344637997417,1,143,100,40
0.1855350016289948,0.1855350016289734,0.516679847237604,1,143,200,5
0.009291354924697237,0.009291354924696293,0.5376803363784687,1,143,200,10
0.26929308627194337,0.26929308627191284,0.3445092101714538,1,143,200,20
0.16207129297857387,0.16207129297855516,0.7047423322167297,1,143,200,40
0.1855350016289948,0.18553500162899225,0.5159569278847587,1,143,400,5
0.009291354924697237,0.00929135492469721,0.5408310727544327,1,143,400,10
0.26929308627194337,0.2692930862719398,0.34305604599499906,1,143,400,20
0.16207129297857387,0.1620712929785717,0.7039614543365136,1,143,400,40
0.1855350016289948,0.18553500162899478,0.5158800115708242,1,143,800,5
0.009291354924697237,0.009291354924697265,0.5413465345996431,1,143,800,10
0.26929308627194337,0.2692930862719433,0.34286945570754424,1,143,800,20
0.16207129297857387,0.16207129297857378,0.7038757895456614,1,143,800,40
0.01649907527333498,0.016499075273317926,0.5184615187147459,1,144,50,5
0.09722917986204328,0.09722917986193799,0.5983265723023841,1,144,50,10
-0.033538763838308325,-0.033538763838269536,0.5265648156735925,1,144,50,20
0.16648586824260278,0.16648586824243497,0.42013537734033773,1,144,50,40
0.01649907527333498,0.0164990752733285,0.5219436917821936,1,144,100,5
0.09722917986204328,0.09722917986200366,0.5976559562434605,1,144,100,10
-0.033538763838308325,-0.03353876383829374,0.5312916495137705,1,144,100,20
0.16648586824260278,0.1664858682425395,0.41757222550850626,1,144,100,40
0.01649907527333498,0.016499075273333233,0.5272032744513536,1,144,200,5
0.09722917986204328,0.09722917986203261,0.5987118530403865,1,144,200,10
-0.033538763838308325,-0.03353876383830441,0.5373798743907883,1,144,200,20
0.16648586824260278,0.16648586824258582,0.4170553660890462,1,144,200,40
0.01649907527333498,0.016499075273334787,0.5305271489287837,1,144,400,5
0.09722917986204328,0.09722917986204208,0.5998705871465072,1,144,400,10
-0.033538763838308325,-0.033538763838307936,0.540977679902666,1,144,400,20
0.16648586824260278,0.16648586824260075,0.4175256095901752,1,144,400,40
0.01649907527333498,0.01649907527333498,0.5310726340943578,1,144,800,5
0.09722917986204328,0.09722917986204321,0.6000834323040226,1,144,800,10
-0.033538763838308325,-0.03353876383830841,0.5415565927305762,1,144,800,20
0.16648586824260278,0.16648586824260275,0.41763956393626844,1,144,800,40
0.0550809435115803,0.05508094351152093,0.47204627405399247,1,145,50,5
0.19191619467099008,0.19191619467076554,0.43994017011261055,1,145,50,10
0.26100644717480287,0.261006447174567,0.4624241177722363,1,145,50,20
0.1468093111986654,0.14680931119849783,0.3066269349975581,1,145,50,40
0.0550809435115803,0.0550809435115579,0.47365021341385544,1,145,100,5
0.19191619467099008,0.19191619467090548,0.4361157900470647,1,145,100,10
0.26100644717480287,0.261006447174714,0.4549907797541569,1,145,100,20
0.1468093111986654,0.14680931119860227,0.3054364823422033,1,145,100,40
0.0550809435115803,0.055080943511574276,0.47693183546491624,1,145,200,5
0.19191619467099008,0.19191619467096746,0.4338648660617004,1,145,200,10
0.26100644717480287,0.26100644717477905,0.45022534008912757,1,145,200,20
0.1468093111986654,0.14680931119864846,0.30581794238105026,1,145,200,40
0.0550809435115803,0.05508094351157958,0.47920975694502194,1,145,400,5
0.19191619467099008,0.19191619467098736,0.4332798457347154,1,145,400,10
0.26100644717480287,0.26100644717480004,0.44874880928954447,1,145,400,20
0.1468093111986654,0.14680931119866344,0.30657676201568185,1,145,400,40
0.0550809435115803,0.055080943511580216,0.47959300791228354,1,145,800,5
0.19191619467099008,0.19191619467099005,0.43322249365577864,1,145,800,10
0.26100644717480287,0.26100644717480287,0.44857734877637445,1,145,800,20
0.1468093111986654,0.14680931119866536,0.3067251909462848,1,145,800,40
0.18823746852529416,0.188237468525062,0.5176284680784189,1,146,50,5
0.13088016474851796,0.13088016474836175,0.5489445608198417,1,146,50,10
0.22727031736231118,0.22727031736208558,0.4317517322431279,1,146,50,20
0.328272768210931,0.3282727682105354,0.6878157791383807,1,146,50,40
0.18823746852529416,0.18823746852520667,0.5134176227994987,1,146,100,5
0.13088016474851796,0.13088016474845907,0.546818912258438,1,146,100,10
0.22727031736231118,0.22727031736222614,0.426440660265435,1,146,100,20
0.328272768210931,0.32827276821078194,0.6760622154881708,1,146,100,40
0.18823746852529416,0.18823746852527065,0.5106464848695339,1,146,200,5
0.13088016474851796,0.1308801647485022,0.5461606864990658,1,146,200,10
0.22727031736231118,0.22727031736228837,0.4233178854971025,1,146,200,20
0.328272768210931,0.328272768210891,0.6660287475183332,1,146,200,40
0.18823746852529416,0.18823746852529144,0.5097477952260306,1,146,400,5
0.13088016474851796,0.1308801647485161,0.5463510336765589,1,146,400,10
0.22727031736231118,0.22727031736230843,0.42250820455245114,1,146,400,20
0.328272768210931,0.32827276821092627,0.6615216922335373,1,146,400,40
0.18823746852529416,0.18823746852529405,0.5096396629083051,1,146,800,5
0.13088016474851796,0.13088016474851794,0.5464102582051253,1,146,800,10
0.22727031736231118,0.22727031736231107,0.4224290452387772,1,146,800,20
0.328272768210931,0.32827276821093077,0.660866675275699,1,146,800,40
0.03265711924161099,0.032657119241574356,0.595740021959536,1,147,50,5
0.024974088997186297,0.024974088997158216,0.7257237214760077,1,147,50,10
0.36240994207720945,0.3624099420768178,0.6051256072827631,1,147,50,20
0.35863939872529793,0.3586393987249175,0.534817670173099,1,147,50,40
0.03265711924161099,0.03265711924159717,0.597869971748038,1,147,100,5
0.024974088997186297,0.024974088997175715,0.7280491185620852,1,147,100,10
0.36240994207720945,0.3624099420770619,0.591746842577198,1,147,100,20
0.35863939872529793,0.3586393987251546,0.5224622186257288,1,147,100,40
0.03265711924161099,0.03265711924160732,0.6015316678997806,1,147,200,5
0.024974088997186297,0.02497408899718352,0.7318835648267819,1,147,200,10
0.36240994207720945,0.3624099420771699,0.5804704231913212,1,147,200,20
0.35863939872529793,0.3586393987252596,0.5122448832862171,1,147,200,40
0.03265711924161099,0.032657119241610584,0.6039513362948973,1,147,400,5
0.024974088997186297,0.024974088997186047,0.7343833152563659,1,147,400,10
0.36240994207720945,0.36240994207720484,0.5754657273143782,1,147,400,20
0.35863939872529793,0.3586393987252934,0.5077939104056213,1,147,400,40
0.03265711924161099,0.03265711924161099,0.6043533054575476,1,147,800,5
0.024974088997186297,0.02497408899718631,0.7347970840535346,1,147,800,10
0.36240994207720945,0.36240994207720945,0.5747423289475377,1,147,800,20
0.35863939872529793,0.3586393987252978,0.5071560492418488,1,147,800,40
0.041982467462768014,0.04198246746272592,0.36683890083774495,1,148,50,5
0.19226415295393054,0.1922641529537332,0.4294123289977189,1,148,50,10
0.23861398391657612,0.23861398391634228,0.4571796745537278,1,148,50,20
0.1335341959420035,0.13353419594186558,0.5569576612917999,1,148,50,40
0.041982467462768014,0.04198246746275211,0.36969150052239275,1,148,100,5
0.19226415295393054,0.19226415295385618,0.4256504955324696,1,148,100,10
0.23861398391657612,0.23861398391648803,0.4510474776234614,1,148,100,20
0.1335341959420035,0.13353419594195148,0.5548965886147478,1,148,100,40
0.041982467462768014,0.04198246746276371,0.3744597997358038,1,148,200,5
0.19226415295393054,0.19226415295391064,0.4238987385614293,1,148,200,10
0.23861398391657612,0.23861398391655259,0.44717860608052085,1,148,200,20
0.1335341959420035,0.13353419594198956,0.5547739899221444,1,148,200,40
0.041982467462768014,0.04198246746276746,0.37758238766153085,1,148,400,5
0.19226415295393054,0.19226415295392824,0.4237253090806691,1,148,400,10
0.23861398391657612,0.23861398391657335,0.4460148036737479,1,148,400,20
0.1335341959420035,0.13353419594200186,0.5554069023554898,1,148,400,40
0.041982467462768014,0.04198246746276804,0.37809987927904587,1,148,800,5
0.19226415295393054,0.1922641529539305,0.42373994102574963,1,148,800,10
0.23861398391657612,0.23861398391657604,0.44588294729904754,1,148,800,20
0.1335341959420035,0.13353419594200344,0.5555435603212333,1,148,800,40
0.3738490402339886,0.3738490402336449,0.5288137207004405,1,149,50,5
0.21903270071365882,0.2190327007134364,0.3253688531639056,1,149,50,10
0.2297420197268602,0.22974201972662966,0.4762405747283569,1,149,50,20
0.04741337316524489,0.047413373165195546,0.4790768735726717,1,149,50,40
0.3738490402339886,0.373849040233859,0.5144941782780926,1,149,100,5
0.21903270071365882,0.219032700713575,0.321649620318005,1,149,100,10
0.2297420197268602,0.22974201972677333,0.47034051267851273,1,149,100,20
0.04741337316524489,0.047413373165226355,0.48119709046686315,1,149,100,40
0.3738490402339886,0.3738490402339538,0.5029587120697503,1,149,200,5
0.21903270071365882,0.2190327007136363,0.3199800657608685,1,149,200,10
0.2297420197268602,0.22974201972683686,0.4666009293154284,1,149,200,20
0.04741337316524489,0.04741337316523996,0.4851061872314426,1,149,200,40
0.3738490402339886,0.3738490402339846,0.49806632282792757,1,149,400,5
0.21903270071365882,0.2190327007136561,0.31986282729174875,1,149,400,10
0.2297420197268602,0.2297420197268575,0.4654662546748543,1,149,400,20
0.04741337316524489,0.047413373165244264,0.4877444660316483,1,149,400,40
0.3738490402339886,0.37384904023398846,0.49737409544383726,1,149,800,5
0.21903270071365882,0.21903270071365877,0.3198868766106346,1,149,800,10
0.2297420197268602,0.22974201972686012,0.46533675162477106,1,149,800,20
0.04741337316524489,0.04741337316524488,0.48818518547270157,1,149,800,40
0.28629822073265515,0.2862982207323666,0.4381764866644027,1,150,50,5
0.2122429844445216,0.21224298444428347,0.5174482609202908,1,150,50,10
0.3298628034981589,0.3298628034978255,0.4666732351996898,1,150,50,20
0.30583768451455456,0.30583768451419213,0.4979197741909836,1,150,50,40
0.28629822073265515,0.2862982207325464,0.4302033994511168,1,150,100,5
0.2122429844445216,0.2122429844444318,0.5121187154028305,1,150,100,10
0.3298628034981589,0.3298628034980332,0.45632983363583635,1,150,100,20
0.30583768451455456,0.3058376845144179,0.4891365753888556,1,150,100,40
0.28629822073265515,0.286298220732626,0.42443302133733585,1,150,200,5
0.2122429844445216,0.21224298444449757,0.5085340413470224,1,150,200,10
0.3298628034981589,0.3298628034981252,0.4482464662845969,1,150,200,20
0.30583768451455456,0.305837684514518,0.4820344203528379,1,150,200,40
0.28629822073265515,0.28629822073265165,0.42227634494449273,1,150,400,5
0.2122429844445216,0.21224298444451875,0.5073293609263089,1,150,400,10
0.3298628034981589,0.32986280349815494,0.4449290836251718,1,150,400,20
0.30583768451455456,0.30583768451455023,0.4790104139472993,1,150,400,40
0.28629822073265515,0.28629822073265504,0.42199118506846967,1,150,800,5
0.2122429844445216,0.21224298444452158,0.5071806191369315,1,150,800,10
0.3298628034981589,0.32986280349815883,0.4444673333010107,1,150,800,20
0.30583768451455456,0.3058376845145545,0.47858172953829525,1,150,800,40
0.20160809418903597,0.2016080941888031,0.4857677670223103,1,151,50,5
0.09811452743717274,0.09811452743705866,0.38338903808353836,1,151,50,10
0.09749889739139052,0.09749889739128595,0.5572624525927249,1,151,50,20
0.010261957709337126,0.010261957709325538,0.49468425795999005,1,151,50,40
0.20160809418903597,0.20160809418894823,0.4811856419105354,1,151,100,5
0.09811452743717274,0.09811452743712981,0.383326657449893,1,151,100,10
0.09749889739139052,0.09749889739135113,0.556769852867264,1,151,100,20
0.010261957709337126,0.010261957709332754,0.4978096958889579,1,151,100,40
0.20160809418903597,0.20160809418901246,0.4782375138332525,1,151,200,5
0.09811452743717274,0.09811452743716124,0.3847480655165869,1,151,200,10
0.09749889739139052,0.09749889739138004,0.5580324224583807,1,151,200,20
0.010261957709337126,0.010261957709335925,0.5024175663554595,1,151,200,40
0.20160809418903597,0.2016080941890332,0.47731814416960583,1,151,400,5
0.09811452743717274,0.09811452743717144,0.38600638159473144,1,151,400,10
0.09749889739139052,0.09749889739138927,0.5593069890740691,1,151,400,20
0.010261957709337126,0.010261957709337043,0.5053027648081445,1,151,400,40
0.20160809418903597,0.20160809418903597,0.4772108262916487,1,151,800,5
0.09811452743717274,0.09811452743717268,0.3862295037719722,1,151,800,10
0.09749889739139052,0.09749889739139042,0.5595381615521267,1,151,800,20
0.010261957709337126,0.010261957709337126,0.5057750205246825,1,151,800,40
0.32902880292833303,0.32902880292799663,0.525804615114386,1,152,50,5
0.06615277155309741,0.06615277155301852,0.604598082880339,1,152,50,10
0.05591577711421446,0.05591577711415051,0.5889249465866185,1,152,50,20
0.15330286988938754,0.153302869889236,0.49540040911039857,1,152,50,40
0.32902880292833303,0.32902880292820624,0.5146943355629712,1,152,100,5
0.06615277155309741,0.06615277155306766,0.604969836195955,1,152,100,10
0.05591577711421446,0.055915777114190324,0.589936656783971,1,152,100,20
0.15330286988938754,0.15330286988933045,0.4928867467116449,1,152,100,40
0.32902880292833303,0.329028802928299,0.5058217292969,1,152,200,5
0.06615277155309741,0.06615277155308946,0.6067392397036679,1,152,200,10
0.05591577711421446,0.055915777114208004,0.5924490422231244,1,152,200,20
0.15330286988938754,0.15330286988937225,0.4924959344330647,1,152,200,40
0.32902880292833303,0.32902880292832903,0.5020932486581877,1,152,400,5
0.06615277155309741,0.06615277155309651,0.6081443751774355,1,152,400,10
0.05591577711421446,0.05591577711421371,0.594270593934823,1,152,400,20
0.15330286988938754,0.15330286988938568,0.4930580208304788,1,152,400,40
0.32902880292833303,0.3290288029283329,0.5015680793434679,1,152,800,5
0.06615277155309741,0.06615277155309737,0.6083882178693387,1,152,800,10
0.05591577711421446,0.05591577711421443,0.594580323197799,1,152,800,20
0.15330286988938754,0.15330286988938746,0.4931876100797729,1,152,800,40
0.10991752233653937,0.10991752233641588,0.3304212107261624,1,153,50,5
0.24934491139342183,0.2493449113931682,0.4893375220942866,1,153,50,10
0.396800434072492,0.3968004340720676,0.46725252273282086,1,153,50,20
0.11328333478980218,0.11328333478965943,0.46729293707360053,1,153,50,40
0.10991752233653937,0.10991752233649282,0.33033044614286516,1,153,100,5
0.24934491139342183,0.2493449113933262,0.4824198210858113,1,153,100,10
0.396800434072492,0.396800434072332,0.4543442563472734,1,153,100,20
0.11328333478980218,0.11328333478974842,0.4661343118698185,1,153,100,40
0.10991752233653937,0.10991752233652693,0.33182798896062843,1,153,200,5
0.24934491139342183,0.2493449113933962,0.4776380630096233,1,153,200,10
0.396800434072492,0.396800434072449,0.4435609381368169,1,153,200,20
0.11328333478980218,0.11328333478978778,0.4662707706000406,1,153,200,40
0.10991752233653937,0.10991752233653791,0.333162689425226,1,153,400,5
0.24934491139342183,0.2493449113934188,0.47596233236573404,1,153,400,10
0.396800434072492,0.3968004340724869,0.4388161855387315,1,153,400,20
0.11328333478980218,0.11328333478980053,0.4668051385218203,1,153,400,40
0.10991752233653937,0.10991752233653937,0.3333996520074646,1,153,800,5
0.24934491139342183,0.24934491139342183,0.47574946234113225,1,153,800,10
0.396800434072492,0.39680043407249177,0.43813306137885255,1,153,800,20
0.11328333478980218,0.11328333478980215,0.4669135189413143,1,153,800,40
0.19571341019346905,0.19571341019323135,0.5470881625739302,1,154,50,5
0.06791584622732233,0.067915846227252,0.45230536978779734,1,154,50,10
0.19609647929326646,0.1960964792930646,0.5014055309212253,1,154,50,20
0.33152369634001905,0.33152369633968837,0.6057429131075437,1,154,50,40
0.19571341019346905,0.19571341019337946,0.5423546173174796,1,154,100,5
0.06791584622732233,0.06791584622729585,0.45364623065638343,1,154,100,10
0.19609647929326646,0.19609647929319035,0.4968274966435648,1,154,100,20
0.33152369634001905,0.3315236963398944,0.5931885693114494,1,154,100,40
0.19571341019346905,0.195713410193445,0.5391161020068371,1,154,200,5
0.06791584622732233,0.0679158462273153,0.4568155118280016,1,154,200,10
0.19609647929326646,0.19609647929324603,0.4942728307560419,1,154,200,20
0.33152369634001905,0.33152369633998563,0.583011019777902,1,154,200,40
0.19571341019346905,0.19571341019346622,0.5379985662533173,1,154,400,5
0.06791584622732233,0.06791584622732158,0.4590901440326327,1,154,400,10
0.19609647929326646,0.1960964792932641,0.4936941140902542,1,154,400,20
0.33152369634001905,0.3315236963400151,0.5786660038201168,1,154,400,40
0.19571341019346905,0.19571341019346897,0.5378580508192912,1,154,800,5
0.06791584622732233,0.06791584622732233,0.4594759803518246,1,154,800,10
0.19609647929326646,0.19609647929326637,0.4936469476277483,1,154,800,20
0.33152369634001905,0.33152369634001905,0.5780492615430909,1,154,800,40
0.02466114985157747,0.024661149851550896,0.5709939013675018,1,155,50,5
0.24547345517021757,0.2454734551699574,0.526554806929199,1,155,50,10
0.11617309826980884,0.11617309826967359,0.5078380619692247,1,155,50,20
0.2578384201670128,0.2578384201666941,0.5242772880678958,1,155,50,40
0.02466114985157747,0.024661149851567456,0.5737403647309993,1,155,100,5
0.24547345517021757,0.24547345517011948,0.5195317517676998,1,155,100,10
0.11617309826980884,0.11617309826975786,0.5065366273747576,1,155,100,20
0.2578384201670128,0.2578384201668927,0.5173195428585097,1,155,100,40
0.02466114985157747,0.024661149851574776,0.5781240223094284,1,155,200,5
0.24547345517021757,0.2454734551701913,0.5144950264191991,1,155,200,10
0.11617309826980884,0.11617309826979519,0.5067505347538033,1,155,200,20
0.2578384201670128,0.2578384201669806,0.5118746749181277,1,155,200,40
0.02466114985157747,0.02466114985157719,0.580950240791853,1,155,400,5
0.24547345517021757,0.24547345517021452,0.512635399333329,1,155,400,10
0.11617309826980884,0.11617309826980723,0.5074034854073136,1,155,400,20
0.2578384201670128,0.25783842016700903,0.5096367289933507,1,155,400,40
0.02466114985157747,0.02466114985157751,0.5814166351497967,1,155,800,5
0.24547345517021757,0.2454734551702175,0.512391299014469,1,155,800,10
0.11617309826980884,0.1161730982698088,0.5075345409023815,1,155,800,20
0.2578384201670128,0.2578384201670126,0.5093249855338604,1,155,800,40
-0.03399616400918838,-0.033996164009151106,0.5444987051555088,1,156,50,5
0.21411483946124305,0.21411483946098808,0.506871657933505,1,156,50,10
0.1467041910879469,0.14670419108779414,0.4654154483957994,1,156,50,20
0.10924105149003446,0.1092410514899168,0.4993177227521572,1,156,50,40
-0.03399616400918838,-0.033996164009174386,0.5497252540302215,1,156,100,5
0.21411483946124305,0.21411483946114696,0.5016710605807664,1,156,100,10
0.1467041910879469,0.14670419108788926,0.46330038390194384,1,156,100,20
0.10924105149003446,0.10924105148999004,0.498541350356136,1,156,100,40
-0.03399616400918838,-0.033996164009184614,0.5564682689632477,1,156,200,5
0.21411483946124305,0.21411483946121726,0.49803327235430866,1,156,200,10
0.1467041910879469,0.14670419108793137,0.46309237844098655,1,156,200,20
0.10924105149003446,0.10924105149002258,0.49951473016384174,1,156,200,40
-0.03399616400918838,-0.03399616400918794,0.5604561254929854,1,156,400,5
0.21411483946124305,0.21411483946124005,0.49673614177895536,1,156,400,10
0.1467041910879469,0.14670419108794505,0.46367040079849453,1,156,400,20
0.10924105149003446,0.10924105149003308,0.5006396600270357,1,156,400,40
-0.03399616400918838,-0.033996164009188416,0.5610979536652911,1,156,800,5
0.21411483946124305,0.214114839461243,0.4965695099437346,1,156,800,10
0.1467041910879469,0.14670419108794686,0.46379800840772745,1,156,800,20
0.10924105149003446,0.10924105149003434,0.5008478042267289,1,156,800,40
0.08422020039386484,0.08422020039376778,0.40295338643971856,1,157,50,5
0.06800398403459543,0.06800398403452873,0.5504173867525328,1,157,50,10
0.24901665768637546,0.24901665768607817,0.3802837261090889,1,157,50,20
0.18240496594781175,0.18240496594759603,0.535023029484962,1,157,50,40
0.08422020039386484,0.08422020039382819,0.4033331437692946,1,157,100,5
0.06800398403459543,0.06800398403457028,0.5517666875653704,1,157,100,10
0.24901665768637546,0.24901665768626347,0.37499379175315695,1,157,100,20
0.18240496594781175,0.18240496594773048,0.530876632299542,1,157,100,40
0.08422020039386484,0.08422020039385505,0.4052091539772096,1,157,200,5
0.06800398403459543,0.06800398403458868,0.555159731742443,1,157,200,10
0.24901665768637546,0.2490166576863454,0.3712616417734177,1,157,200,20
0.18240496594781175,0.18240496594779,0.5282828885479878,1,157,200,40
0.08422020039386484,0.08422020039386374,0.4067041136010983,1,157,400,5
0.06800398403459543,0.06800398403459466,0.5576259007055294,1,157,400,10
0.24901665768637546,0.24901665768637202,0.3699145165062808,1,157,400,20
0.18240496594781175,0.18240496594780914,0.5275153215835683,1,157,400,40
0.08422020039386484,0.08422020039386482,0.40696373379455375,1,157,800,5
0.06800398403459543,0.06800398403459541,0.5580454840680706,1,157,800,10
0.24901665768637546,0.2490166576863754,0.36974012487821917,1,157,800,20
0.18240496594781175,0.18240496594781166,0.527429585689925,1,157,800,40
0.22128566234132785,0.22128566234109087,0.5706983861176179,1,158,50,5
0.21081846020664652,0.21081846020637807,0.3946121323586974,1,158,50,10
0.16540628969119084,0.16540628969101445,0.4350274165456378,1,158,50,20
0.16142570210518753,0.1614257021050264,0.35125036325383296,1,158,50,40
0.22128566234132785,0.22128566234123848,0.5644011396353155,1,158,100,5
0.21081846020664652,0.21081846020654535,0.39058186096481995,1,158,100,10
0.16540628969119084,0.1654062896911243,0.4323060701547606,1,158,100,20
0.16142570210518753,0.16142570210512677,0.34950626975702975,1,158,100,40
0.22128566234132785,0.2212856623413039,0.560032701076851,1,158,200,5
0.21081846020664652,0.21081846020661937,0.3879034836665103,1,158,200,10
0.16540628969119084,0.16540628969117305,0.43142455732916146,1,158,200,20
0.16142570210518753,0.1614257021051712,0.3498235281259274,1,158,200,40
0.22128566234132785,0.22128566234132505,0.5584937381165634,1,158,400,5
0.21081846020664652,0.21081846020664335,0.387020660688526,1,158,400,10
0.16540628969119084,0.16540628969118865,0.43163448994330356,1,158,400,20
0.16142570210518753,0.16142570210518553,0.350725170075593,1,158,400,40
0.22128566234132785,0.22128566234132774,0.5582975695411592,1,158,800,5
0.21081846020664652,0.21081846020664652,0.3869131588079794,1,158,800,10
0.16540628969119084,0.16540628969119076,0.4317043459637794,1,158,800,20
0.16142570210518753,0.1614257021051874,0.35090550285132005,1,158,800,40
0.15463380788205838,0.15463380788190342,0.4488544528299584,1,159,50,5
0.3258253519248678,0.32582535192456563,0.4153892917791143,1,159,50,10
0.14170213644415264,0.14170213644399182,0.5037263233210809,1,159,50,20
0.1507061600420614,0.15070616004190757,0.7370826224489333,1,159,50,40
0.15463380788205838,0.1546338078819999,0.4465911959800659,1,159,100,5
0.3258253519248678,0.3258253519247538,0.4056037256291226,1,159,100,10
0.14170213644415264,0.14170213644409202,0.5014499122407348,1,159,100,20
0.1507061600420614,0.15070616004200346,0.7331456615965735,1,159,100,40
0.15463380788205838,0.15463380788204265,0.4463881242744271,1,159,200,5
0.3258253519248678,0.3258253519248372,0.39843025262432574,1,159,200,10
0.14170213644415264,0.1417021364441364,0.5007948998293311,1,159,200,20
0.1507061600420614,0.1507061600420459,0.7312442790878064,1,159,200,40
0.15463380788205838,0.1546338078820565,0.4470236080755371,1,159,400,5
0.3258253519248678,0.32582535192486417,0.3957038840603998,1,159,400,10
0.14170213644415264,0.1417021364441507,0.5010421347080085,1,159,400,20
0.1507061600420614,0.1507061600420595,0.7310035839172528,1,159,400,40
0.15463380788205838,0.15463380788205827,0.44716315411801355,1,159,800,5
0.3258253519248678,0.3258253519248678,0.3953398639597029,1,159,800,10
0.14170213644415264,0.14170213644415264,0.5011132272139593,1,159,800,20
0.1507061600420614,0.15070616004206133,0.7310084365617189,1,159,800,40
0.23107733752046397,0.23107733752020762,0.47496522945822706,1,160,50,5
0.14540658210187798,0.14540658210171326,0.5310314356327702,1,160,50,10
0.21082132949930452,0.21082132949908816,0.44691973599277496,1,160,50,20
0.26393169022691265,0.2639316902266185,0.4487681662740358,1,160,50,40
0.23107733752046397,0.2310773375203674,0.4692103126856759,1,160,100,5
0.14540658210187798,0.14540658210181592,0.5284462915678089,1,160,100,10
0.21082132949930452,0.21082132949922297,0.44219258785995397,1,160,100,20
0.26393169022691265,0.2639316902268018,0.44196246735476363,1,160,100,40
0.23107733752046397,0.23107733752043808,0.4652493730042375,1,160,200,5
0.14540658210187798,0.14540658210186133,0.5274964842419613,1,160,200,10
0.21082132949930452,0.21082132949928273,0.4395042053815272,1,160,200,20
0.26393169022691265,0.26393169022688306,0.43696616737816807,1,160,200,40
0.23107733752046397,0.231077337520461,0.4638701478150863,1,160,400,5
0.14540658210187798,0.14540658210187601,0.5275981644000118,1,160,400,10
0.21082132949930452,0.21082132949930193,0.4388627224087652,1,160,400,20
0.26393169022691265,0.2639316902269091,0.43506370320479676,1,160,400,40
0.23107733752046397,0.23107733752046394,0.46369568037058945,1,160,800,5
0.14540658210187798,0.14540658210187804,0.5276472504533938,1,160,800,10
0.21082132949930452,0.2108213294993045,0.4388062586615724,1,160,800,20
0.26393169022691265,0.26393169022691254,0.43480941637305526,1,160,800,40
0.09018589133665313,0.09018589133654399,0.5397536003568637,1,161,50,5
0.31588510368819367,0.3158851036878342,0.5004670502293215,1,161,50,10
0.22710997419959844,0.22710997419932433,0.6195717328869548,1,161,50,20
0.224911920553314,0.22491192055307585,0.48077155142140504,1,161,50,40
0.09018589133665313,0.09018589133661206,0.5392750486790564,1,161,100,5
0.31588510368819367,0.31588510368805817,0.49099949044909075,1,161,100,10
0.22710997419959844,0.22710997419949508,0.612973904014475,1,161,100,20
0.224911920553314,0.2249119205532243,0.47512941755026417,1,161,100,40
0.09018589133665313,0.0901858913366421,0.5401778717213107,1,161,200,5
0.31588510368819367,0.31588510368815736,0.4833530873949957,1,161,200,10
0.22710997419959844,0.22710997419957074,0.6079422460840957,1,161,200,20
0.224911920553314,0.22491192055328996,0.4714373692816806,1,161,200,40
0.09018589133665313,0.09018589133665188,0.5411345933151721,1,161,400,5
0.31588510368819367,0.3158851036881894,0.4801013988323215,1,161,400,10
0.22710997419959844,0.22710997419959525,0.6059344538288769,1,161,400,20
0.224911920553314,0.22491192055331116,0.4702514823285709,1,161,400,40
0.09018589133665313,0.09018589133665313,0.541309426698944,1,161,800,5
0.31588510368819367,0.31588510368819367,0.47964071567857336,1,161,800,10
0.22710997419959844,0.22710997419959833,0.6056590511755746,1,161,800,20
0.224911920553314,0.2249119205533139,0.47010982432613313,1,161,800,40
0.14528621165050118,0.14528621165035024,0.5151190279394706,1,162,50,5
0.12344516758242706,0.12344516758230813,0.7369074959344954,1,162,50,10
0.003677845570499688,0.0036778455704957747,0.44567327247920757,1,162,50,20
-0.046272597029327026,-0.04627259702927349,0.5332021615877984,1,162,50,40
0.14528621165050118,0.14528621165044428,0.5127488864405548,1,162,100,5
0.12344516758242706,0.12344516758238223,0.7346034350224109,1,162,100,10
0.003677845570499688,0.003677845570498245,0.44960023412368144,1,162,100,20
-0.046272597029327026,-0.04627259702930682,0.5384501006752354,1,162,100,40
0.14528621165050118,0.145286211650486,0.5123035279406465,1,162,200,5
0.12344516758242706,0.12344516758241503,0.7345238795538992,1,162,200,10
0.003677845570499688,0.0036778455704993412,0.4552260390723143,1,162,200,20
-0.046272597029327026,-0.04627259702932164,0.545042906760296,1,162,200,40
0.14528621165050118,0.14528621165049938,0.5127666902925694,1,162,400,5
0.12344516758242706,0.12344516758242566,0.7352814029371321,1,162,400,10
0.003677845570499688,0.0036778455704996743,0.4587087585477113,1,162,400,20
-0.046272597029327026,-0.046272597029326276,0.5488924798121112,1,162,400,40
0.14528621165050118,0.14528621165050118,0.5128770700114464,1,162,800,5
0.12344516758242706,0.12344516758242703,0.7354430071312948,1,162,800,10
0.003677845570499688,0.0036778455704996604,0.4592769611603899,1,162,800,20
-0.046272597029327026,-0.046272597029327026,0.5495096128712561,1,162,800,40
0.21268734840500675,0.21268734840472858,0.6025158883808122,1,163,50,5
0.04287948939027357,0.042879489390226205,0.6195103017482545,1,163,50,10
0.0607548031467435,0.060754803146681,0.5523696526608074,1,163,50,20
0.18486399966661043,0.18486399966638994,0.3516932990240049,1,163,50,40
0.21268734840500675,0.21268734840490192,0.5969023870428345,1,163,100,5
0.04287948939027357,0.04287948939025572,0.6212239409139664,1,163,100,10
0.0607548031467435,0.060754803146719966,0.5537753053069598,1,163,100,20
0.18486399966661043,0.18486399966652733,0.3488471761031289,1,163,100,40
0.21268734840500675,0.2126873484049787,0.5926225195859862,1,163,200,5
0.04287948939027357,0.042879489390268755,0.6245288895509542,1,163,200,10
0.0607548031467435,0.0607548031467372,0.5570281005514632,1,163,200,20
0.18486399966661043,0.18486399966658812,0.3474920319664444,1,163,200,40
0.21268734840500675,0.2126873484050035,0.5909152423921235,1,163,400,5
0.04287948939027357,0.04287948939027306,0.6267877334853221,1,163,400,10
0.0607548031467435,0.06075480314674267,0.55935210207701,1,163,400,20
0.18486399966661043,0.18486399966660785,0.3473349055030428,1,163,400,40
0.21268734840500675,0.21268734840500672,0.5906810989590802,1,163,800,5
0.04287948939027357,0.042879489390273556,0.6271662926025933,1,163,800,10
0.0607548031467435,0.06075480314674339,0.5597458831199333,1,163,800,20
0.18486399966661043,0.18486399966661038,0.347341396266106,1,163,800,40
0.23571034418737108,0.235710344187121,0.4288856069944442,1,164,50,5
0.14977774719006234,0.14977774718989745,0.5219455745673149,1,164,50,10
0.32411223450188864,0.32411223450156446,0.554943675321517,1,164,50,20
0.09791887970944557,0.09791887970935527,0.46964496115747734,1,164,50,40
0.23571034418737108,0.2357103441872768,0.4233308520253273,1,164,100,5
0.14977774719006234,0.14977774719000025,0.5192540760423031,1,164,100,10
0.32411223450188864,0.3241122345017664,0.5435021206926822,1,164,100,20
0.09791887970944557,0.09791887970941152,0.47020826642657887,1,164,100,40
0.23571034418737108,0.23571034418734585,0.4197162223800801,1,164,200,5
0.14977774719006234,0.14977774719004575,0.5182929878799716,1,164,200,10
0.32411223450188864,0.3241122345018559,0.5343942098959168,1,164,200,20
0.09791887970944557,0.09791887970943647,0.4731065236244353,1,164,200,40
0.23571034418737108,0.2357103441873682,0.41856630040147963,1,164,400,5
0.14977774719006234,0.14977774719006048,0.5184230192173492,1,164,400,10
0.32411223450188864,0.32411223450188476,0.5305799903559787,1,164,400,20
0.09791887970944557,0.09791887970944455,0.475424484006585,1,164,400,40
0.23571034418737108,0.23571034418737102,0.41842994641074116,1,164,800,5
0.14977774719006234,0.14977774719006232,0.5184783957022943,1,164,800,10
0.32411223450188864,0.32411223450188853,0.5300436566566493,1,164,800,20
0.09791887970944557,0.09791887970944556,0.47582733666204374,1,164,800,40
0.25739692987879015,0.25739692987853774,0.5276673280389875,1,165,50,5
0.2429818979384212,0.24298189793815086,0.7490761971179851,1,165,50,10
0.21939254690022447,0.21939254690000404,0.4374799724855536,1,165,50,20
0.3569787606907259,0.35697876069035417,0.4961971283622939,1,165,50,40
0.25739692987879015,0.257396929878695,0.5198101683548768,1,165,100,5
0.2429818979384212,0.2429818979383193,0.7403393401259291,1,165,100,10
0.21939254690022447,0.21939254690014137,0.4324630060921517,1,165,100,20
0.3569787606907259,0.3569787606905859,0.48436075087803043,1,165,100,40
0.25739692987879015,0.25739692987876467,0.5142646034631205,1,165,200,5
0.2429818979384212,0.2429818979383939,0.7334738793165612,1,165,200,10
0.21939254690022447,0.21939254690020227,0.42957607637092027,1,165,200,20
0.3569787606907259,0.3569787606906884,0.4747133150172313,1,165,200,40
0.25739692987879015,0.2573969298787871,0.5122618104188985,1,165,400,5
0.2429818979384212,0.24298189793841796,0.7306390543400179,1,165,400,10
0.21939254690022447,0.21939254690022175,0.4288659407426548,1,165,400,20
0.3569787606907259,0.35697876069072154,0.4705716336018191,1,165,400,40
0.25739692987879015,0.25739692987879004,0.5120024496127106,1,165,800,5
0.2429818979384212,0.24298189793842112,0.730243244518185,1,165,800,10
0.21939254690022447,0.21939254690022442,0.42880083310558165,1,165,800,20
0.3569787606907259,0.3569787606907259,0.4699821828238291,1,165,800,40
-0.0024186807598208376,-0.0024186807598184507,0.37697495087385335,1,166,50,5
0.18383980954401588,0.1838398095438419,0.48960155150683904,1,166,50,10
0.1660485753634598,0.16604857536329493,0.6274164329750569,1,166,50,20
0.07650309127252468,0.07650309127243547,0.41797118904912,1,166,50,40
-0.0024186807598208376,-0.002418680759819901,0.3818373354673823,1,166,100,5
0.18383980954401588,0.1838398095439503,0.48573565120249806,1,166,100,10
0.1660485753634598,0.16604857536339762,0.6233389046209092,1,166,100,20
0.07650309127252468,0.07650309127249103,0.418534457964992,1,166,100,40
-0.0024186807598208376,-0.002418680759820581,0.3886765522829982,1,166,200,5
0.18383980954401588,0.18383980954399828,0.4842182295512515,1,166,200,10
0.1660485753634598,0.1660485753634432,0.6214094894555207,1,166,200,20
0.07650309127252468,0.07650309127251564,0.420555742253235,1,166,200,40
-0.0024186807598208376,-0.002418680759820876,0.39287871996087026,1,166,400,5
0.18383980954401588,0.1838398095440138,0.4842858970797731,1,166,400,10
0.1660485753634598,0.16604857536345793,0.6211948551788495,1,166,400,20
0.07650309127252468,0.07650309127252353,0.4221111756608491,1,166,400,40
-0.0024186807598208376,-0.002418680759820817,0.39356280487959555,1,166,800,5
0.18383980954401588,0.18383980954401585,0.4843443886500344,1,166,800,10
0.1660485753634598,0.16604857536345968,0.6212060053299054,1,166,800,20
0.07650309127252468,0.07650309127252466,0.42237927396076547,1,166,800,40
0.1921173473707543,0.19211734737053138,0.40968474826602114,1,167,50,5
0.37568079523273035,0.37568079523235304,0.3872218738391028,1,167,50,10
0.30701844128840156,0.3070184412881016,0.572741626142847,1,167,50,20
0.21817295209041404,0.21817295209015408,0.5515825160369953,1,167,50,40
0.1921173473707543,0.1921173473706703,0.40609726875608143,1,167,100,5
0.37568079523273035,0.3756807952325881,0.3761920593391407,1,167,100,10
0.30701844128840156,0.3070184412882885,0.5617705492772564,1,167,100,20
0.21817295209041404,0.21817295209031606,0.5458574078453597,1,167,100,40
0.1921173473707543,0.19211734737073183,0.4041006778720143,1,167,200,5
0.37568079523273035,0.3756807952326922,0.36746767516897033,1,167,200,10
0.30701844128840156,0.3070184412883712,0.5532154107663996,1,167,200,20
0.21817295209041404,0.21817295209038773,0.5417087673162225,1,167,200,40
0.1921173473707543,0.1921173473707516,0.4036518036657752,1,167,400,5
0.37568079523273035,0.3756807952327258,0.36383920479119997,1,167,400,10
0.30701844128840156,0.30701844128839795,0.5497130267331516,1,167,400,20
0.21817295209041404,0.21817295209041093,0.5401556383254265,1,167,400,40
0.1921173473707543,0.1921173473707542,0.40361565997536103,1,167,800,5
0.37568079523273035,0.3756807952327302,0.36333074087839046,1,167,800,10
0.30701844128840156,0.3070184412884015,0.5492261379525598,1,167,800,20
0.21817295209041404,0.218172952090414,0.539950079565564,1,167,800,40
0.14530129774348807,0.1453012977433208,0.4837635461130849,1,168,50,5
0.16706193815798256,0.1670619381578075,0.4507404860505255,1,168,50,10
0.17325711321099674,0.17325711321081166,0.46624364145102765,1,168,50,20
0.3307766285210585,0.3307766285207097,0.47055663281818527,1,168,50,40
0.14530129774348807,0.14530129774342498,0.4814410237269835,1,168,100,5
0.16706193815798256,0.1670619381579166,0.44785037425793495,1,168,100,10
0.17325711321099674,0.17325711321092693,0.4629548548301247,1,168,100,20
0.3307766285210585,0.33077662852092704,0.4603792910658532,1,168,100,40
0.14530129774348807,0.14530129774347122,0.4806969633400976,1,168,200,5
0.16706193815798256,0.1670619381579649,0.44686772165854793,1,168,200,10
0.17325711321099674,0.17325711321097798,0.4615168335078554,1,168,200,20
0.3307766285210585,0.3307766285210232,0.4522987262790132,1,168,200,40
0.14530129774348807,0.1453012977434861,0.480883314532759,1,168,400,5
0.16706193815798256,0.16706193815798048,0.4470502649392848,1,168,400,10
0.17325711321099674,0.17325711321099452,0.46144647209969947,1,168,400,20
0.3307766285210585,0.3307766285210543,0.44892419816245466,1,168,400,40
0.14530129774348807,0.1453012977434881,0.4809442026267897,1,168,800,5
0.16706193815798256,0.16706193815798254,0.44711731208422834,1,168,800,10
0.17325711321099674,0.1732571132109967,0.4614736243779629,1,168,800,20
0.3307766285210585,0.3307766285210583,0.4484503501786693,1,168,800,40
0.37720375186589633,0.37720375186550487,0.4977286007575109,1,169,50,5
0.04292481061824766,0.04292481061819932,0.6447665906413593,1,169,50,10
0.4281774657940557,0.4281774657936159,0.41494839314773274,1,169,50,20
0.15459733266706516,0.15459733266689188,0.39466033927754157,1,169,50,40
0.37720375186589633,0.3772037518657487,0.48490276250087994,1,169,100,5
0.04292481061824766,0.042924810618229406,0.6463371030401349,1,169,100,10
0.4281774657940557,0.4281774657938899,0.4012910004212916,1,169,100,20
0.15459733266706516,0.15459733266699988,0.3925904757166278,1,169,100,40
0.37720375186589633,0.37720375186585675,0.4743081077683102,1,169,200,5
0.04292481061824766,0.04292481061824273,0.6494410451053607,1,169,200,10
0.4281774657940557,0.4281774657940112,0.38992763919161627,1,169,200,20
0.15459733266706516,0.15459733266704767,0.3921740849194518,1,169,200,40
0.37720375186589633,0.3772037518658916,0.46969782541659144,1,169,400,5
0.04292481061824766,0.042924810618247156,0.6515764649984238,1,169,400,10
0.4281774657940557,0.4281774657940504,0.38494731802767135,1,169,400,20
0.15459733266706516,0.15459733266706302,0.3925546952458462,1,169,400,40
0.37720375186589633,0.3772037518658963,0.46903747284434727,1,169,800,5
0.04292481061824766,0.04292481061824767,0.6519349352488656,1,169,800,10
0.4281774657940557,0.42817746579405563,0.3842315809974348,1,169,800,20
0.15459733266706516,0.1545973326670651,0.39264687185828684,1,169,800,40
0.007184213342223758,0.007184213342214245,0.4346182964631222,1,170,50,5
0.05374130864682915,0.053741308646773935,0.4453861456039391,1,170,50,10
0.20217187895892008,0.20217187895868377,0.4418594981888725,1,170,50,20
0.07401742335240064,0.07401742335232533,0.6009221984608109,1,170,50,40
0.007184213342223758,0.007184213342220122,0.4369686211900584,1,170,100,5
0.05374130864682915,0.053741308646808365,0.44739622411946023,1,170,100,10
0.20217187895892008,0.20217187895883104,0.43763235295951486,1,170,100,20
0.07401742335240064,0.07401742335237219,0.6016198010137384,1,170,100,40
0.007184213342223758,0.0071842133422227936,0.4403985815175462,1,170,200,5
0.05374130864682915,0.05374130864682354,0.45124710430354564,1,170,200,10
0.20217187895892008,0.20217187895889627,0.4349934038538536,1,170,200,20
0.07401742335240064,0.07401742335239292,0.6042346890188832,1,170,200,40
0.007184213342223758,0.007184213342223612,0.44253768180890796,1,170,400,5
0.05374130864682915,0.053741308646828474,0.45387428067898705,1,170,400,10
0.20217187895892008,0.2021718789589173,0.4342155026415154,1,170,400,20
0.07401742335240064,0.07401742335239969,0.6062580700687862,1,170,400,40
0.007184213342223758,0.007184213342223744,0.44288741597795245,1,170,800,5
0.05374130864682915,0.05374130864682914,0.45431436380406504,1,170,800,10
0.20217187895892008,0.20217187895892005,0.43412891241800505,1,170,800,20
0.07401742335240064,0.07401742335240064,0.6066072477515566,1,170,800,40
0.3074808770383522,0.30748087703803,0.4956215692313565,1,171,50,5
-0.012089867984611938,-0.012089867984596367,0.44360182758251043,1,171,50,10
0.27428060892536754,0.274280608925095,0.4011557825775819,1,171,50,20
0.14943907229726464,0.1494390722971199,0.5563432557822237,1,171,50,40
0.3074808770383522,0.3074808770382308,0.4860942725363806,1,171,100,5
-0.012089867984611938,-0.012089867984606123,0.44672697808626816,1,171,100,10
0.27428060892536754,0.27428060892526485,0.3941819469453962,1,171,100,20
0.14943907229726464,0.14943907229721004,0.5536380271291201,1,171,100,40
0.3074808770383522,0.30748087703831967,0.47866666065763186,1,171,200,5
-0.012089867984611938,-0.01208986798461037,0.45097129921791845,1,171,200,10
0.27428060892536754,0.27428060892534006,0.3894392937834953,1,171,200,20
0.14943907229726464,0.14943907229725004,0.553145544810105,1,171,200,40
0.3074808770383522,0.30748087703834837,0.47562664766241713,1,171,400,5
-0.012089867984611938,-0.01208986798461173,0.4535404896472886,1,171,400,10
0.27428060892536754,0.2742806089253643,0.3878177065259204,1,171,400,20
0.14943907229726464,0.14943907229726286,0.5536879617548269,1,171,400,40
0.3074808770383522,0.3074808770383522,0.4752040911442752,1,171,800,5
-0.012089867984611938,-0.01208986798461198,0.4539569034603692,1,171,800,10
0.27428060892536754,0.27428060892536743,0.38761508047762433,1,171,800,20
0.14943907229726464,0.1494390722972646,0.5538163808468082,1,171,800,40
0.029070683559160527,0.029070683559123,0.5180188413302783,1,172,50,5
0.31429221037495164,0.3142922103746539,0.47298181029405195,1,172,50,10
0.11357762455347314,0.1135776245533689,0.42379280217086157,1,172,50,20
0.11407203388132403,0.11407203388120118,0.4743122493950569,1,172,50,40
0.029070683559160527,0.029070683559146396,0.5196803683480764,1,172,100,5
0.31429221037495164,0.31429221037483934,0.4629039189625853,1,172,100,10
0.11357762455347314,0.11357762455343384,0.4238958670350824,1,172,100,20
0.11407203388132403,0.1140720338812777,0.4734495213424626,1,172,100,40
0.029070683559160527,0.029070683559156707,0.5224991551411267,1,172,200,5
0.31429221037495164,0.31429221037492155,0.4553502894429794,1,172,200,10
0.11357762455347314,0.1135776245534626,0.4263723097112674,1,172,200,20
0.11407203388132403,0.11407203388131161,0.47433714514128666,1,172,200,40
0.029070683559160527,0.029070683559160038,0.5243539725183568,1,172,400,5
0.31429221037495164,0.31429221037494803,0.45239825594554883,1,172,400,10
0.11357762455347314,0.11357762455347192,0.4284886309974171,1,172,400,20
0.11407203388132403,0.11407203388132253,0.475418493417591,1,172,400,40
0.029070683559160527,0.029070683559160496,0.5246617587849889,1,172,800,5
0.31429221037495164,0.3142922103749516,0.4519978747093399,1,172,800,10
0.11357762455347314,0.11357762455347312,0.4288613895665562,1,172,800,20
0.11407203388132403,0.11407203388132407,0.4756199752709398,1,172,800,40
0.011279408615201561,0.01127940861518887,0.4391916773345181,1,173,50,5
-0.0361837053963891,-0.03618370539635171,0.4270612535486369,1,173,50,10
0.004731859392195337,0.004731859392189543,0.5324926139092675,1,173,50,20
0.05316643256358565,0.05316643256352634,0.48583636006897307,1,173,50,40
0.011279408615201561,0.011279408615196718,0.4423267862033994,1,173,100,5
-0.0361837053963891,-0.036183705396375054,0.432751432265408,1,173,100,10
0.004731859392195337,0.004731859392193102,0.535313970272018,1,173,100,20
0.05316643256358565,0.0531664325635633,0.48730427561255585,1,173,100,40
0.011279408615201561,0.011279408615200243,0.4469555550237765,1,173,200,5
-0.0361837053963891,-0.03618370539638527,0.44015209128933275,1,173,200,10
0.004731859392195337,0.004731859392194698,0.5393886925601025,1,173,200,20
0.05316643256358565,0.053166432563579724,0.49033863646095277,1,173,200,40
0.011279408615201561,0.011279408615201422,0.44985545494582974,1,173,400,5
-0.0361837053963891,-0.03618370539638864,0.4445454278407622,1,173,400,10
0.004731859392195337,0.004731859392195267,0.5419194159170113,1,173,400,20
0.05316643256358565,0.05316643256358495,0.49245036631992295,1,173,400,40
0.011279408615201561,0.01127940861520152,0.45033019231813726,1,173,800,5
-0.0361837053963891,-0.03618370539638906,0.44525333234394043,1,173,800,10
0.004731859392195337,0.004731859392195302,0.5423326885026871,1,173,800,20
0.05316643256358565,0.05316643256358562,0.49280588497891964,1,173,800,40
0.49565863692939016,0.4956586369288594,0.6230324785114535,1,174,50,5
0.2159882639422765,0.21598826394204534,0.3354871824588145,1,174,50,10
0.12036065487489296,0.12036065487476794,0.5063458830006472,1,174,50,20
-0.014443603126617799,-0.014443603126603338,0.5173636302590102,1,174,50,40
0.49565863692939016,0.49565863692919016,0.6026155333054284,1,174,100,5
0.2159882639422765,0.21598826394218934,0.33174422582510593,1,174,100,10
0.12036065487489296,0.12036065487484585,0.5051550109120326,1,174,100,20
-0.014443603126617799,-0.014443603126612303,0.5225550397161121,1,174,100,40
0.49565863692939016,0.49565863692933665,0.5845371901430509,1,174,200,5
0.2159882639422765,0.21598826394225307,0.32985894075402256,1,174,200,10
0.12036065487489296,0.12036065487488032,0.505855286090497,1,174,200,20
-0.014443603126617799,-0.014443603126616335,0.5296056164998286,1,174,200,40
0.49565863692939016,0.4956586369293839,0.576143429823367,1,174,400,5
0.2159882639422765,0.21598826394227374,0.32956263373745415,1,174,400,10
0.12036065487489296,0.12036065487489148,0.5068914703709332,1,174,400,20
-0.014443603126617799,-0.014443603126617598,0.5338735103297197,1,174,400,40
0.49565863692939016,0.49565863692939016,0.5749058289711807,1,174,800,5
0.2159882639422765,0.21598826394227644,0.32955532338139676,1,174,800,10
0.12036065487489296,0.12036065487489293,0.5070889206036665,1,174,800,20
-0.014443603126617799,-0.014443603126617785,0.5345652500385757,1,174,800,40
0.3349337521361555,0.33493375213581933,0.5295604889225396,1,175,50,5
0.39264424143043053,0.39264424142998045,0.4756267031894519,1,175,50,10
0.28401063019973016,0.2840106301993982,0.6698113913892869,1,175,50,20
0.01850638080289875,0.01850638080287493,0.5788269704777262,1,175,50,40
0.3349337521361555,0.33493375213602883,0.5179744936317718,1,175,100,5
0.39264424143043053,0.3926442414302608,0.4633946619601973,1,175,100,10
0.28401063019973016,0.28401063019960504,0.6600554611789269,1,175,100,20
0.01850638080289875,0.01850638080288977,0.5808381168702699,1,175,100,40
0.3349337521361555,0.3349337521361216,0.5087120924363733,1,175,200,5
0.39264424143043053,0.392644241430385,0.45304154492880017,1,175,200,10
0.28401063019973016,0.28401063019969663,0.6520490652483981,1,175,200,20
0.01850638080289875,0.01850638080289632,0.5839993544552414,1,175,200,40
0.3349337521361555,0.33493375213615145,0.5048153667340884,1,175,400,5
0.39264424143043053,0.3926442414304251,0.44842822832730944,1,175,400,10
0.28401063019973016,0.28401063019972617,0.6485878253470437,1,175,400,20
0.01850638080289875,0.01850638080289843,0.5860264939418333,1,175,400,40
0.3349337521361555,0.3349337521361554,0.5042661910457258,1,175,800,5
0.39264424143043053,0.3926442414304305,0.44776019209085016,1,175,800,10
0.28401063019973016,0.28401063019972994,0.6480935810711856,1,175,800,20
0.01850638080289875,0.018506380802898813,0.5863605248865273,1,175,800,40
0.1629724665755011,0.16297246657531855,0.49183990549139445,1,176,50,5
0.27194622456158646,0.27194622456125156,0.42933346393131355,1,176,50,10
0.27692435815189426,0.27692435815154215,0.49143751459698015,1,176,50,20
0.10405471659784371,0.10405471659772464,0.46114986837465566,1,176,50,40
0.1629724665755011,0.16297246657543232,0.4887708272280087,1,176,100,5
0.27194622456158646,0.27194622456146017,0.422793198904308,1,176,100,10
0.27692435815189426,0.27692435815176153,0.4841979481369169,1,176,100,20
0.10405471659784371,0.10405471659779891,0.4605773445785535,1,176,100,40
0.1629724665755011,0.16297246657548276,0.48738483579488645,1,176,200,5
0.27194622456158646,0.27194622456155254,0.4177632088996508,1,176,200,10
0.27692435815189426,0.2769243581518586,0.4784073865255026,1,176,200,20
0.10405471659784371,0.10405471659783175,0.46155186518878166,1,176,200,40
0.1629724665755011,0.16297246657549902,0.4872808836468411,1,176,400,5
0.27194622456158646,0.27194622456158246,0.41573621299849084,1,176,400,10
0.27692435815189426,0.27692435815189,0.4759699727698434,1,176,400,20
0.10405471659784371,0.10405471659784231,0.4626046460379246,1,176,400,40
0.1629724665755011,0.16297246657550102,0.48729945512715067,1,176,800,5
0.27194622456158646,0.2719462245615863,0.4154567237634902,1,176,800,10
0.27692435815189426,0.2769243581518941,0.47562637132780106,1,176,800,20
0.10405471659784371,0.10405471659784368,0.462797586271134,1,176,800,40
0.14687754669886843,0.1468775466987069,0.3864798913509579,1,177,50,5
0.0899450098293538,0.08994500982925036,0.3589924152762175,1,177,50,10
0.18803883863439186,0.18803883863421111,0.46269834067951693,1,177,50,20
0.19145851654324986,0.19145851654302823,0.4520706714166833,1,177,50,40
0.14687754669886843,0.14687754669880748,0.38478865657812333,1,177,100,5
0.0899450098293538,0.08994500982931487,0.35935489556378664,1,177,100,10
0.18803883863439186,0.18803883863432364,0.4588611336399877,1,177,100,20
0.19145851654324986,0.19145851654316628,0.4481601562164945,1,177,100,40
0.14687754669886843,0.14687754669885209,0.38480347349737687,1,177,200,5
0.0899450098293538,0.08994500982934335,0.3612208832335707,1,177,200,10
0.18803883863439186,0.18803883863437357,0.45730239781284227,1,177,200,20
0.19145851654324986,0.19145851654322743,0.4458577019832314,1,177,200,40
0.14687754669886843,0.1468775466988665,0.3854231727120242,1,177,400,5
0.0899450098293538,0.08994500982935269,0.3627133271320193,1,177,400,10
0.18803883863439186,0.18803883863438964,0.4573238469419916,1,177,400,20
0.19145851654324986,0.19145851654324725,0.44525878071635827,1,177,400,40
0.14687754669886843,0.14687754669886838,0.38555304393550205,1,177,800,5
0.0899450098293538,0.08994500982935386,0.3629727107043038,1,177,800,10
0.18803883863439186,0.18803883863439172,0.45737382535790716,1,177,800,20
0.19145851654324986,0.1914585165432498,0.4452000088405683,1,177,800,40
0.1814397307583338,0.18143973075807454,0.34361091923653997,1,178,50,5
0.18783118069410043,0.18783118069388913,0.5575489535732685,1,178,50,10
-0.028734283763224663,-0.028734283763196214,0.45703643383759096,1,178,50,20
0.3040034119174275,0.30400341191710945,0.4354822805123181,1,178,50,40
0.1814397307583338,0.18143973075823613,0.3409557774694952,1,178,100,5
0.18783118069410043,0.18783118069402077,0.5529623893943029,1,178,100,10
-0.028734283763224663,-0.028734283763213964,0.46290324668767935,1,178,100,20
0.3040034119174275,0.3040034119173077,0.4269336301742816,1,178,100,40
0.1814397307583338,0.18143973075830766,0.339358627951986,1,178,200,5
0.18783118069410043,0.1878311806940791,0.5500918646593522,1,178,200,10
-0.028734283763224663,-0.02873428376322177,0.4706464292455757,1,178,200,20
0.3040034119174275,0.3040034119173954,0.4204630499740092,1,178,200,40
0.1814397307583338,0.1814397307583307,0.3389225503654487,1,178,400,5
0.18783118069410043,0.18783118069409788,0.5492415649092673,1,178,400,10
-0.028734283763224663,-0.02873428376322429,0.4752742183290073,1,178,400,20
0.3040034119174275,0.30400341191742364,0.41790405050211765,1,178,400,40
0.1814397307583338,0.18143973075833386,0.3388774456985607,1,178,800,5
0.18783118069410043,0.18783118069410037,0.5491465065917855,1,178,800,10
-0.028734283763224663,-0.028734283763224684,0.4760214294800664,1,178,800,20
0.3040034119174275,0.3040034119174274,0.4175547195188405,1,178,800,40
0.3291552397963724,0.3291552397959822,0.4319662301242645,1,179,50,5
0.024425289045363546,0.024425289045337438,0.6037243899428467,1,179,50,10
0.26358525719782666,0.2635852571975349,0.541218609629341,1,179,50,20
0.2615780472442156,0.2615780472438856,0.4163775338437815,1,179,50,40
0.3291552397963724,0.3291552397962253,0.4231226252016015,1,179,100,5
0.024425289045363546,0.024425289045353682,0.6065236296000527,1,179,100,10
0.26358525719782666,0.26358525719771664,0.5333872641081199,1,179,100,20
0.2615780472442156,0.2615780472440911,0.41041988867913726,1,179,100,40
0.3291552397963724,0.329155239796333,0.41596096086512235,1,179,200,5
0.024425289045363546,0.024425289045360933,0.6109967357702161,1,179,200,10
0.26358525719782666,0.26358525719779713,0.5274183901271883,1,179,200,20
0.2615780472442156,0.2615780472441822,0.40589418912664543,1,179,200,40
0.3291552397963724,0.32915523979636774,0.41290688404329934,1,179,400,5
0.024425289045363546,0.02442528904536318,0.6138817948797131,1,179,400,10
0.26358525719782666,0.2635852571978231,0.5250382618705207,1,179,400,20
0.2615780472442156,0.26157804724421163,0.4040966364811753,1,179,400,40
0.3291552397963724,0.32915523979637235,0.41247361264945304,1,179,800,5
0.024425289045363546,0.024425289045363438,0.6143579523719711,1,179,800,10
0.26358525719782666,0.26358525719782655,0.5247119071565023,1,179,800,20
0.2615780472442156,0.26157804724421546,0.40385068185747625,1,179,800,40
0.10235783467415638,0.1023578346740503,0.5996061451162362,1,180,50,5
0.23273945928556306,0.23273945928532197,0.7337514511030623,1,180,50,10
0.253368576113691,0.2533685761133995,0.4289586436803967,1,180,50,20
0.22610970473152936,0.2261097047312865,0.5110723845076023,1,180,50,40
0.10235783467415638,0.10235783467411633,0.5988305772676995,1,180,100,5
0.23273945928556306,0.23273945928547218,0.7253451638236086,1,180,100,10
0.253368576113691,0.2533685761135812,0.4228844883804287,1,180,100,20
0.22610970473152936,0.22610970473143788,0.5051104686861398,1,180,100,40
0.10235783467415638,0.1023578346741456,0.5999424685606223,1,180,200,5
0.23273945928556306,0.23273945928553869,0.719049289832662,1,180,200,10
0.253368576113691,0.2533685761136616,0.41850012010978743,1,180,200,20
0.22610970473152936,0.22610970473150488,0.5010572752002362,1,180,200,40
0.10235783467415638,0.10235783467415507,0.6011875473951305,1,180,400,5
0.23273945928556306,0.23273945928556017,0.7165911198937195,1,180,400,10
0.253368576113691,0.25336857611368746,0.4168672608417974,1,180,400,20
0.22610970473152936,0.22610970473152653,0.49967210539793855,1,180,400,40
0.10235783467415638,0.1023578346741563,0.6014169147985066,1,180,800,5
0.23273945928556306,0.232739459285563,0.7162578940379934,1,180,800,10
0.253368576113691,0.25336857611369096,0.41665181346877334,1,180,800,20
0.22610970473152936,0.22610970473152936,0.4994990790305228,1,180,800,40
0.21396559507585183,0.21396559507562224,0.5093619167939808,1,181,50,5
0.16660754075284512,0.16660754075265796,0.5845059864793525,1,181,50,10
0.2556451929209227,0.2556451929206454,0.4580004432990899,1,181,50,20
0.15752034982978813,0.15752034982958557,0.49596371325680066,1,181,50,40
0.21396559507585183,0.2139655950757654,0.503952315902435,1,181,100,5
0.16660754075284512,0.1666075407527746,0.5806781849681519,1,181,100,10
0.2556451929209227,0.2556451929208183,0.45134385727513093,1,181,100,20
0.15752034982978813,0.15752034982971175,0.49306483588079886,1,181,100,40
0.21396559507585183,0.2139655950758287,0.5004376921044558,1,181,200,5
0.16660754075284512,0.1666075407528262,0.5785488641642764,1,181,200,10
0.2556451929209227,0.2556451929208947,0.44658268677902296,1,181,200,20
0.15752034982978813,0.15752034982976762,0.4914608460542301,1,181,200,40
0.21396559507585183,0.21396559507584917,0.4993226452468972,1,181,400,5
0.16660754075284512,0.16660754075284293,0.578070807093734,1,181,400,10
0.2556451929209227,0.2556451929209193,0.44483116916065113,1,181,400,20
0.15752034982978813,0.15752034982978566,0.4911062731568219,1,181,400,40
0.21396559507585183,0.2139655950758519,0.49919070723619335,1,181,800,5
0.16660754075284512,0.16660754075284506,0.5780323988888614,1,181,800,10
0.2556451929209227,0.2556451929209226,0.44460176295725096,1,181,800,20
0.15752034982978813,0.1575203498297881,0.4910785059179712,1,181,800,40
0.255490902367647,0.25549090236734934,0.5937390217719913,1,182,50,5
0.016233925197496828,0.01623392519747647,0.4763139644122261,1,182,50,10
0.14791590193285753,0.14791590193267934,0.4481731182291413,1,182,50,20
0.13339370822584556,0.13339370822567886,0.5842061234653433,1,182,50,40
0.255490902367647,0.2554909023675347,0.5859771619858942,1,182,100,5
0.016233925197496828,0.01623392519748911,0.4786017380569434,1,182,100,10
0.14791590193285753,0.1479159019327903,0.44591895304165724,1,182,100,20
0.13339370822584556,0.13339370822578278,0.5817813267967649,1,182,100,40
0.255490902367647,0.2554909023676169,0.5799161381623666,1,182,200,5
0.016233925197496828,0.016233925197494732,0.48209690809354494,1,182,200,10
0.14791590193285753,0.14791590193283943,0.44510981118786697,1,182,200,20
0.13339370822584556,0.13339370822582874,0.5807081160650116,1,182,200,40
0.255490902367647,0.25549090236764344,0.5774309528399486,1,182,400,5
0.016233925197496828,0.0162339251974966,0.48431515247753243,1,182,400,10
0.14791590193285753,0.14791590193285542,0.44521504655942984,1,182,400,20
0.13339370822584556,0.13339370822584357,0.580644962554077,1,182,400,40
0.255490902367647,0.255490902367647,0.5770851959103118,1,182,800,5
0.016233925197496828,0.01623392519749685,0.48467962601531456,1,182,800,10
0.14791590193285753,0.14791590193285745,0.44526077695084415,1,182,800,20
0.13339370822584556,0.1333937082258455,0.5806629889016147,1,182,800,40
0.16268114138208162,0.1626811413818855,0.6086500505139412,1,183,50,5
0.3266341580931844,0.3266341580927795,0.40640067053687073,1,183,50,10
0.08416765481205463,0.08416765481196256,0.7399483595352234,1,183,50,20
0.1917351918421228,0.19173519184188237,0.5952653536440815,1,183,50,40
0.16268114138208162,0.16268114138200765,0.6048867577528487,1,183,100,5
0.3266341580931844,0.3266341580930317,0.39824639249618493,1,183,100,10
0.08416765481205463,0.08416765481201996,0.7394195929967706,1,183,100,20
0.1917351918421228,0.19173519184203214,0.5904289337050204,1,183,100,40
0.16268114138208162,0.16268114138206174,0.6026107617127434,1,183,200,5
0.3266341580931844,0.32663415809314345,0.3916320341669806,1,183,200,10
0.08416765481205463,0.08416765481204531,0.7405815038367245,1,183,200,20
0.1917351918421228,0.19173519184209847,0.5870061405108201,1,183,200,40
0.16268114138208162,0.16268114138207923,0.601982022740216,1,183,400,5
0.3266341580931844,0.32663415809317947,0.38880651669774274,1,183,400,10
0.08416765481205463,0.08416765481205346,0.7417815229491974,1,183,400,20
0.1917351918421228,0.19173519184211996,0.5857652840770582,1,183,400,40
0.16268114138208162,0.16268114138208145,0.6019162093445021,1,183,800,5
0.3266341580931844,0.32663415809318425,0.3884053392939461,1,183,800,10
0.08416765481205463,0.08416765481205465,0.7419999566267738,1,183,800,20
0.1917351918421228,0.19173519184212268,0.585604213533888,1,183,800,40
0.27342222539784616,0.27342222539758815,0.40573306850401863,1,184,50,5
0.046741988347980726,0.046741988347921266,0.4711119373852293,1,184,50,10
0.33874779074912414,0.3387477907487706,0.3864474770197085,1,184,50,20
-0.08005129793766295,-0.08005129793758853,0.4218118286895981,1,184,50,40
0.27342222539784616,0.2734222253977489,0.3986059380045226,1,184,100,5
0.046741988347980726,0.046741988347958334,0.47226163410912014,1,184,100,10
0.33874779074912414,0.3387477907489908,0.37720456772712213,1,184,100,20
-0.08005129793766295,-0.08005129793763482,0.4305960498468406,1,184,100,40
0.27342222539784616,0.27342222539782013,0.3939337673181955,1,184,200,5
0.046741988347980726,0.04674198834797472,0.47461485763569455,1,184,200,10
0.33874779074912414,0.33874779074908845,0.37006826064866677,1,184,200,20
-0.08005129793766295,-0.08005129793765539,0.4414407496976818,1,184,200,40
0.27342222539784616,0.27342222539784306,0.39242846780193086,1,184,400,5
0.046741988347980726,0.04674198834797996,0.47624850625343684,1,184,400,10
0.33874779074912414,0.33874779074911976,0.36717950287622186,1,184,400,20
-0.08005129793766295,-0.0800512979376621,0.44771858352145394,1,184,400,40
0.27342222539784616,0.27342222539784616,0.39224823746755366,1,184,800,5
0.046741988347980726,0.04674198834798077,0.4765233681052442,1,184,800,10
0.33874779074912414,0.338747790749124,0.36678025325525265,1,184,800,20
-0.08005129793766295,-0.08005129793766294,0.4487222763847518,1,184,800,40
0.22608795517793367,0.22608795517771124,0.5872856431449742,1,185,50,5
0.26560809347663694,0.2656080934763211,0.3475550562756961,1,185,50,10
0.16591840753438813,0.16591840753421463,0.48953443118002704,1,185,50,20
0.02319405791866703,0.023194057918643138,0.37475470382604925,1,185,50,40
0.22608795517793367,0.22608795517784985,0.5803907779134161,1,185,100,5
0.26560809347663694,0.265608093476518,0.34207247689373077,1,185,100,10
0.16591840753438813,0.1659184075343227,0.48640419470329055,1,185,100,20
0.02319405791866703,0.023194057918658015,0.37810186582751065,1,185,100,40
0.22608795517793367,0.22608795517791117,0.5757659031853928,1,185,200,5
0.26560809347663694,0.265608093476605,0.33816514325529023,1,185,200,10
0.16591840753438813,0.1659184075343706,0.48519632951976466,1,185,200,20
0.02319405791866703,0.023194057918664628,0.3832352447342425,1,185,200,40
0.22608795517793367,0.226087955177931,0.5742183912868182,1,185,400,5
0.26560809347663694,0.2656080934766332,0.3367348144960286,1,185,400,10
0.16591840753438813,0.16591840753438603,0.4852692041889071,1,185,400,20
0.02319405791866703,0.023194057918666744,0.3864978253262029,1,185,400,40
0.22608795517793367,0.22608795517793362,0.5740279053805515,1,185,800,5
0.26560809347663694,0.26560809347663694,0.33654803787472,1,185,800,10
0.16591840753438813,0.16591840753438808,0.48531976089473905,1,185,800,20
0.02319405791866703,0.02319405791866697,0.38703410366220015,1,185,800,40
0.37715381074931453,0.3771538107488872,0.5182960878503446,1,186,50,5
0.2974071135596806,0.29740711355939675,0.4651943628273978,1,186,50,10
0.13164676170668665,0.13164676170653178,0.38518159064067214,1,186,50,20
0.34048143827019045,0.3404814382698951,0.5386993135018403,1,186,50,40
0.37715381074931453,0.3771538107491534,0.5059456589292842,1,186,100,5
0.2974071135596806,0.2974071135595736,0.45609575239890976,1,186,100,10
0.13164676170668665,0.13164676170662826,0.38391223595765195,1,186,100,20
0.34048143827019045,0.340481438270079,0.5255739924371703,1,186,100,40
0.37715381074931453,0.37715381074927135,0.4955134555860196,1,186,200,5
0.2974071135596806,0.297407113559652,0.4494603296277452,1,186,200,10
0.13164676170668665,0.1316467617066709,0.38412648957561374,1,186,200,20
0.34048143827019045,0.34048143827016064,0.5154905167942169,1,186,200,40
0.37715381074931453,0.3771538107493094,0.4908738498978104,1,186,400,5
0.2974071135596806,0.2974071135596773,0.4469553231671063,1,186,400,10
0.13164676170668665,0.13164676170668488,0.38476823100382707,1,186,400,20
0.34048143827019045,0.340481438270187,0.5114321662471668,1,186,400,40
0.37715381074931453,0.3771538107493143,0.49020259283380696,1,186,800,5
0.2974071135596806,0.2974071135596805,0.4466221536901872,1,186,800,10
0.13164676170668665,0.13164676170668665,0.38489691944833826,1,186,800,20
0.34048143827019045,0.3404814382701904,0.5108729566367404,1,186,800,40
0.15815713015891203,0.15815713015874644,0.4081379082479347,1,187,50,5
0.06844885130655515,0.068448851306486,0.4992793662140788,1,187,50,10
0.031717058416913746,0.031717058416881064,0.5287443726854877,1,187,50,20
0.2066035507797715,0.2066035507795509,0.45852054647213364,1,187,50,40
0.15815713015891203,0.15815713015884958,0.40594465835665955,1,187,100,5
0.06844885130655515,0.06844885130652914,0.5005927102062427,1,187,100,10
0.031717058416913746,0.03171705841690141,0.5315367809189715,1,187,100,20
0.2066035507797715,0.2066035507796883,0.4538883458703277,1,187,100,40
0.15815713015891203,0.15815713015889532,0.40564102402124025,1,187,200,5
0.06844885130655515,0.06844885130654822,0.5038326213130836,1,187,200,10
0.031717058416913746,0.031717058416910374,0.5361327493905144,1,187,200,20
0.2066035507797715,0.20660355077974918,0.4511475671587968,1,187,200,40
0.15815713015891203,0.15815713015891003,0.40616394870713146,1,187,400,5
0.06844885130655515,0.06844885130655437,0.50617854028479,1,187,400,10
0.031717058416913746,0.0317170584169134,0.5391270900800005,1,187,400,20
0.2066035507797715,0.20660355077976889,0.45042645772867523,1,187,400,40
0.15815713015891203,0.15815713015891192,0.40628276048782086,1,187,800,5
0.06844885130655515,0.06844885130655506,0.5065773057139902,1,187,800,10
0.031717058416913746,0.0317170584169138,0.5396226421889843,1,187,800,20
0.2066035507797715,0.20660355077977144,0.4503547794173089,1,187,800,40
0.28485655886320094,0.28485655886285044,0.5179811615007117,1,188,50,5
0.06672293123317975,0.06672293123310963,0.43895207866909197,1,188,50,10
0.1311824834259107,0.13118248342577443,0.4864442296878716,1,188,50,20
-0.12298162326021671,-0.12298162326007801,0.428782706160689,1,188,50,40
0.28485655886320094,0.2848565588630688,0.5100112854825859,1,188,100,5
0.06672293123317975,0.06672293123315326,0.440304710338405,1,188,100,10
0.1311824834259107,0.13118248342585936,0.4848819472247279,1,188,100,20
-0.12298162326021671,-0.12298162326016446,0.436894184460733,1,188,100,40
0.28485655886320094,0.28485655886316547,0.5035945206071111,1,188,200,5
0.06672293123317975,0.0667229312331727,0.44343186855763245,1,188,200,10
0.1311824834259107,0.1311824834258969,0.48522168760406265,1,188,200,20
-0.12298162326021671,-0.1229816232602027,0.4463460455791938,1,188,200,40
0.28485655886320094,0.2848565588631968,0.500874649848165,1,188,400,5
0.06672293123317975,0.06672293123317892,0.44566565090734367,1,188,400,10
0.1311824834259107,0.13118248342590905,0.48607764410117243,1,188,400,20
-0.12298162326021671,-0.1229816232602151,0.451654167350964,1,188,400,40
0.28485655886320094,0.2848565588632009,0.5004899228531539,1,188,800,5
0.06672293123317975,0.06672293123317971,0.44604412650180225,1,188,800,10
0.1311824834259107,0.13118248342591066,0.4862477148495617,1,188,800,20
-0.12298162326021671,-0.12298162326021668,0.45249458910228735,1,188,800,40
0.08337330943968702,0.08337330943959054,0.37577199302763276,1,189,50,5
0.11087928674416031,0.11087928674404125,0.325121303369815,1,189,50,10
0.11334304679317174,0.1133430467930571,0.48184813517181097,1,189,50,20
0.24877483690365737,0.24877483690341384,0.4853770572836681,1,189,50,40
0.08337330943968702,0.08337330943965064,0.3762691350594426,1,189,100,5
0.11087928674416031,0.11087928674411543,0.32519902660850064,1,189,100,10
0.11334304679317174,0.11334304679312848,0.4811912061613433,1,189,100,20
0.24877483690365737,0.24877483690356555,0.4784330780239358,1,189,100,40
0.08337330943968702,0.0833733094396773,0.378247297343848,1,189,200,5
0.11087928674416031,0.1108792867441483,0.32701307126446433,1,189,200,10
0.11334304679317174,0.11334304679316012,0.4825114835719382,1,189,200,20
0.24877483690365737,0.24877483690363272,0.47378150828562027,1,189,200,40
0.08337330943968702,0.08337330943968585,0.37978896192739,1,189,400,5
0.11087928674416031,0.11087928674415892,0.32856252093805305,1,189,400,10
0.11334304679317174,0.11334304679317038,0.4838951893429888,1,189,400,20
0.24877483690365737,0.24877483690365448,0.4722284068406488,1,189,400,40
0.08337330943968702,0.08337330943968696,0.38005542294176753,1,189,800,5
0.11087928674416031,0.11087928674416028,0.32883540622636587,1,189,800,10
0.11334304679317174,0.11334304679317164,0.48414762704689956,1,189,800,20
0.24877483690365737,0.24877483690365723,0.47203752432055635,1,189,800,40
0.11348176779383524,0.11348176779371738,0.4426967049579249,1,190,50,5
0.3148958742465344,0.3148958742461452,0.5364544149662139,1,190,50,10
0.15446876673754575,0.15446876673736637,0.4116397346319504,1,190,50,20
0.17021285465561206,0.17021285465539798,0.40966453978239,1,190,50,40
0.11348176779383524,0.11348176779379085,0.4421421522277218,1,190,100,5
0.3148958742465344,0.3148958742463877,0.5271269882014864,1,190,100,10
0.15446876673754575,0.1544687667374782,0.4094123600488158,1,190,100,20
0.17021285465561206,0.17021285465553138,0.4068574122213848,1,190,100,40
0.11348176779383524,0.11348176779382331,0.44345964422997497,1,190,200,5
0.3148958742465344,0.3148958742464951,0.5193801553057344,1,190,200,10
0.15446876673754575,0.15446876673752757,0.40873530829819804,1,190,200,20
0.17021285465561206,0.17021285465559044,0.4053980750983714,1,190,200,40
0.11348176779383524,0.11348176779383387,0.44480419540064076,1,190,400,5
0.3148958742465344,0.31489587424652976,0.5159908618322463,1,190,400,10
0.15446876673754575,0.15446876673754362,0.4089457853535965,1,190,400,20
0.17021285465561206,0.17021285465560954,0.4051363598485387,1,190,400,40
0.11348176779383524,0.1134817677938352,0.44504848136264563,1,190,800,5
0.3148958742465344,0.3148958742465344,0.5155041741929716,1,190,800,10
0.15446876673754575,0.15446876673754573,0.4090097917224431,1,190,800,20
0.17021285465561206,0.17021285465561198,0.40512389815909877,1,190,800,40
0.30723879147516675,0.3072387914748111,0.6186108117870097,1,191,50,5
0.203870178957626,0.20387017895740994,0.5960435538853887,1,191,50,10
0.1413479814116115,0.14134798141146,0.5435920102528153,1,191,50,20
0.30114501185563153,0.30114501185534903,0.4068954506573953,1,191,50,40
0.30723879147516675,0.3072387914750327,0.6082456549963658,1,191,100,5
0.203870178957626,0.20387017895754456,0.5903384695933254,1,191,100,10
0.1413479814116115,0.1413479814115544,0.5411786733217644,1,191,100,20
0.30114501185563153,0.301145011855525,0.39845787067192073,1,191,100,40
0.30723879147516675,0.3072387914751309,0.5996750428712538,1,191,200,5
0.203870178957626,0.20387017895760412,0.5865814659487267,1,191,200,10
0.1413479814116115,0.14134798141159616,0.5405814332854328,1,191,200,20
0.30114501185563153,0.301145011855603,0.3925418909994597,1,191,200,40
0.30723879147516675,0.30723879147516253,0.5959417999570062,1,191,400,5
0.203870178957626,0.20387017895762335,0.5853616860376394,1,191,400,10
0.1413479814116115,0.14134798141160965,0.5409280310884819,1,191,400,20
0.30114501185563153,0.30114501185562814,0.3904252722355848,1,191,400,40
0.30723879147516675,0.30723879147516664,0.5954068201134296,1,191,800,5
0.203870178957626,0.20387017895762594,0.5852147961510168,1,191,800,10
0.1413479814116115,0.14134798141161137,0.5410183313004793,1,191,800,20
0.30114501185563153,0.3011450118556315,0.3901527824288651,1,191,800,40
0.08817787359370632,0.0881778735936192,0.4932120502730444,1,192,50,5
0.30766355079391927,0.3076635507935901,0.5167494976116335,1,192,50,10
0.3513223495752284,0.35132234957488007,0.5840998153175123,1,192,50,20
0.07955544987599135,0.07955544987590407,0.4547551116491484,1,192,50,40
0.08817787359370632,0.08817787359367343,0.49375575490863444,1,192,100,5
0.30766355079391927,0.30766355079379526,0.5070557690869226,1,192,100,10
0.3513223495752284,0.3513223495750971,0.5707657526736113,1,192,100,20
0.07955544987599135,0.07955544987595847,0.4553239203713828,1,192,100,40
0.08817787359370632,0.08817787359369751,0.4963343974475701,1,192,200,5
0.30766355079391927,0.30766355079388613,0.4993920033231577,1,192,200,10
0.3513223495752284,0.3513223495751932,0.5598556035125168,1,192,200,20
0.07955544987599135,0.07955544987598259,0.4575395376680783,1,192,200,40
0.08817787359370632,0.0881778735937053,0.4983814811986782,1,192,400,5
0.30766355079391927,0.30766355079391544,0.4962063670795616,1,192,400,10
0.3513223495752284,0.3513223495752241,0.5551533455211739,1,192,400,20
0.07955544987599135,0.07955544987599032,0.4592619586172066,1,192,400,40
0.08817787359370632,0.08817787359370628,0.4987367001013072,1,192,800,5
0.30766355079391927,0.3076635507939192,0.4957600791404551,1,192,800,10
0.3513223495752284,0.35132234957522823,0.5544828563123427,1,192,800,20
0.07955544987599135,0.07955544987599134,0.4595595004983505,1,192,800,40
0.34736631355316727,0.3473663135527844,0.7272605355929554,1,193,50,5
0.17741973945500653,0.1774197394548198,0.48166015743849544,1,193,50,10
0.20880375299386833,0.20880375299364312,0.45492537913028114,1,193,50,20
0.3905517255635262,0.39055172556311724,0.5763795607967063,1,193,50,40
0.34736631355316727,0.34736631355302294,0.7132583427235859,1,193,100,5
0.17741973945500653,0.17741973945493617,0.4780800723238151,1,193,100,10
0.20880375299386833,0.20880375299378345,0.45024265113260203,1,193,100,20
0.3905517255635262,0.39055172556337203,0.5617244027262387,1,193,100,40
0.34736631355316727,0.3473663135531285,0.7013115104509731,1,193,200,5
0.17741973945500653,0.17741973945498768,0.4764125853074373,1,193,200,10
0.20880375299386833,0.20880375299384557,0.447418106419013,1,193,200,20
0.3905517255635262,0.39055172556348483,0.5493198170908831,1,193,200,40
0.34736631355316727,0.3473663135531626,0.6959475676090463,1,193,400,5
0.17741973945500653,0.1774197394550043,0.4762472183329698,1,193,400,10
0.20880375299386833,0.20880375299386567,0.4466422905463492,1,193,400,20
0.3905517255635262,0.39055172556352136,0.5437921355683009,1,193,400,40
0.34736631355316727,0.34736631355316716,0.695168186748237,1,193,800,5
0.17741973945500653,0.17741973945500655,0.4762610874168393,1,193,800,10
0.20880375299386833,0.20880375299386827,0.44656155262966984,1,193,800,20
0.3905517255635262,0.3905517255635261,0.542991678233612,1,193,800,40
0.09427685020813575,0.09427685020802382,0.40356912975553405,1,194,50,5
0.25090956541273546,0.2509095654124469,0.4309942566849324,1,194,50,10
0.13095405147972988,0.13095405147957892,0.6143215592341873,1,194,50,20
0.1528894384912092,0.15288943849102082,0.6728774797415544,1,194,50,40
0.09427685020813575,0.09427685020809365,0.4034873883654311,1,194,100,5
0.25090956541273546,0.2509095654126267,0.42499157588950226,1,194,100,10
0.13095405147972988,0.13095405147967298,0.6119168248894898,1,194,100,20
0.1528894384912092,0.15288943849113826,0.6692158565649468,1,194,100,40
0.09427685020813575,0.0942768502081244,0.40482807825645295,1,194,200,5
0.25090956541273546,0.2509095654127063,0.4206768507461627,1,194,200,10
0.13095405147972988,0.1309540514797146,0.6110885496297002,1,194,200,20
0.1528894384912092,0.1528894384911902,0.6669794181132794,1,194,200,40
0.09427685020813575,0.09427685020813445,0.40602315541661893,1,194,400,5
0.25090956541273546,0.25090956541273196,0.4190789020558872,1,194,400,10
0.13095405147972988,0.13095405147972805,0.6112311725139629,1,194,400,20
0.1528894384912092,0.15288943849120692,0.6663485959217207,1,194,400,40
0.09427685020813575,0.09427685020813575,0.4062353349697487,1,194,800,5
0.25090956541273546,0.2509095654127354,0.4188687637990361,1,194,800,10
0.13095405147972988,0.1309540514797299,0.6112853224557433,1,194,800,20
0.1528894384912092,0.15288943849120917,0.6662811905948962,1,194,800,40
0.2238256762224981,0.2238256762222672,0.3801049265068658,1,195,50,5
0.06265346832101068,0.06265346832095266,0.42481091592329806,1,195,50,10
0.20775673605508027,0.20775673605484177,0.5843674208628898,1,195,50,20
0.30020833924609247,0.3002083392457565,0.42318451966670967,1,195,50,40
0.2238256762224981,0.22382567622241106,0.37555083350982926,1,195,100,5
0.06265346832101068,0.06265346832098881,0.42721598550962303,1,195,100,10
0.20775673605508027,0.2077567360549904,0.5787381146840384,1,195,100,20
0.30020833924609247,0.3002083392459658,0.41526962536605705,1,195,100,40
0.2238256762224981,0.22382567622247485,0.37300919552941914,1,195,200,5
0.06265346832101068,0.06265346832100482,0.43189215343146575,1,195,200,10
0.20775673605508027,0.20775673605505618,0.5747920180739962,1,195,200,20
0.30020833924609247,0.30020833924605855,0.40918395202576013,1,195,200,40
0.2238256762224981,0.22382567622249538,0.37243321666734774,1,195,400,5
0.06265346832101068,0.06265346832101003,0.4350952059055016,1,195,400,10
0.20775673605508027,0.20775673605507736,0.5733806300095139,1,195,400,20
0.30020833924609247,0.3002083392460884,0.4067322424529688,1,195,400,40
0.2238256762224981,0.22382567622249816,0.37238624585552427,1,195,800,5
0.06265346832101068,0.06265346832101067,0.4356323041802729,1,195,800,10
0.20775673605508027,0.20775673605508022,0.5731989667421573,1,195,800,20
0.30020833924609247,0.3002083392460923,0.40639424345680714,1,195,800,40
0.16946684082479627,0.16946684082462618,0.6257160077997506,1,196,50,5
0.20596627532154085,0.2059662753213318,0.5490524598025219,1,196,50,10
0.2406970103392876,0.24069701033904328,0.4742675677894863,1,196,50,20
0.11850413571485321,0.11850413571473035,0.44531866727281105,1,196,50,40
0.16946684082479627,0.16946684082473218,0.6214682104221771,1,196,100,5
0.20596627532154085,0.20596627532146206,0.5435790456832295,1,196,100,10
0.2406970103392876,0.24069701033919558,0.4679098956894145,1,196,100,20
0.11850413571485321,0.11850413571480689,0.4445441706104979,1,196,100,40
0.16946684082479627,0.16946684082477903,0.6193330987070649,1,196,200,5
0.20596627532154085,0.20596627532151973,0.5402083821117727,1,196,200,10
0.2406970103392876,0.24069701033926294,0.4636804169741794,1,196,200,20
0.11850413571485321,0.1185041357148408,0.4456545352776792,1,196,200,40
0.16946684082479627,0.16946684082479427,0.6190007010409517,1,196,400,5
0.20596627532154085,0.20596627532153847,0.5392414068641856,1,196,400,10
0.2406970103392876,0.24069701033928462,0.4622839622459627,1,196,400,20
0.11850413571485321,0.1185041357148518,0.4468979023480514,1,196,400,40
0.16946684082479627,0.16946684082479618,0.6189930893905441,1,196,800,5
0.20596627532154085,0.2059662753215409,0.5391364043781052,1,196,800,10
0.2406970103392876,0.24069701033928742,0.46211370525138906,1,196,800,20
0.11850413571485321,0.11850413571485326,0.44712695435245475,1,196,800,40
0.09688345481620314,0.09688345481609796,0.3553507750690146,1,197,50,5
0.19951662579893203,0.19951662579866886,0.4945670393329912,1,197,50,10
0.2670610039997788,0.2670610039995116,0.6891847749569429,1,197,50,20
0.17531805094421865,0.1753180509440123,0.493133186923042,1,197,50,40
0.09688345481620314,0.09688345481616353,0.35571634905734795,1,197,100,5
0.19951662579893203,0.19951662579883284,0.4902063366652695,1,197,100,10
0.2670610039997788,0.2670610039996781,0.6791320179376028,1,197,100,20
0.17531805094421865,0.17531805094414077,0.48955513932016725,1,197,100,40
0.09688345481620314,0.0968834548161926,0.35777091986095955,1,197,200,5
0.19951662579893203,0.19951662579890544,0.48712323880950914,1,197,200,10
0.2670610039997788,0.26706100399975186,0.6713701497627674,1,197,200,20
0.17531805094421865,0.17531805094419775,0.4875274036630162,1,197,200,40
0.09688345481620314,0.0968834548162019,0.35942622936942564,1,197,400,5
0.19951662579893203,0.19951662579892887,0.4860070646056508,1,197,400,10
0.2670610039997788,0.2670610039997756,0.6682280316867758,1,197,400,20
0.17531805094421865,0.17531805094421618,0.48704806447586263,1,197,400,40
0.09688345481620314,0.09688345481620309,0.35971435753306974,1,197,800,5
0.19951662579893203,0.19951662579893198,0.48586230193509194,1,197,800,10
0.2670610039997788,0.26706100399977883,0.6677937559100151,1,197,800,20
0.17531805094421865,0.17531805094421854,0.48700642344254413,1,197,800,40
0.3751887722670615,0.3751887722666965,0.5723901105595419,1,198,50,5
0.2981143669229208,0.29811436692260407,0.587154126760627,1,198,50,10
0.15597017850794523,0.1559701785077829,0.6693757322041486,1,198,50,20
-0.053175900345104325,-0.05317590034504506,0.6433472551955188,1,198,50,40
0.3751887722670615,0.37518877226692393,0.5578042644868284,1,198,100,5
0.2981143669229208,0.2981143669228015,0.5769923767390264,1,198,100,10
0.15597017850794523,0.15597017850788406,0.6655404419636526,1,198,100,20
-0.053175900345104325,-0.053175900345081996,0.6494376408767544,1,198,100,40
0.3751887722670615,0.37518877226702474,0.545756090320332,1,198,200,5
0.2981143669229208,0.29811436692288895,0.5688981326005675,1,198,200,10
0.15597017850794523,0.15597017850792885,0.6636650063979894,1,198,200,20
-0.053175900345104325,-0.05317590034509831,0.6569638380307498,1,198,200,40
0.3751887722670615,0.3751887722670572,0.5405134443046353,1,198,400,5
0.2981143669229208,0.2981143669229171,0.5655061157803569,1,198,400,10
0.15597017850794523,0.15597017850794326,0.6634103929962862,1,198,400,20
-0.053175900345104325,-0.053175900345103694,0.6613227372988327,1,198,400,40
0.3751887722670615,0.3751887722670615,0.5397625245299879,1,198,800,5
0.2981143669229208,0.2981143669229208,0.5650289894939562,1,198,800,10
0.15597017850794523,0.15597017850794515,0.6634115621980066,1,198,800,20
-0.053175900345104325,-0.053175900345104374,0.662019738766565,1,198,800,40
0.026182304544964063,0.026182304544935253,0.42425465937084866,1,199,50,5
0.2404616188859459,0.2404616188856817,0.5501958024328586,1,199,50,10
0.09295493712282649,0.09295493712272238,0.4319249756729615,1,199,50,20
0.09946809305284346,0.09946809305271986,0.5399500723560521,1,199,50,40
0.026182304544964063,0.02618230454495324,0.4269693126873968,1,199,100,5
0.2404616188859459,0.24046161888584627,0.5432809624963508,1,199,100,10
0.09295493712282649,0.09295493712278727,0.4319725707479088,1,199,100,20
0.09946809305284346,0.09946809305279686,0.5390475169920639,1,199,100,40
0.026182304544964063,0.026182304544961163,0.4312570533347738,1,199,200,5
0.2404616188859459,0.24046161888591916,0.5382255736719774,1,199,200,10
0.09295493712282649,0.092954937122816,0.43361474190095795,1,199,200,20
0.09946809305284346,0.09946809305283097,0.5394689836433754,1,199,200,40
0.026182304544964063,0.026182304544963675,0.43401128418248525,1,199,400,5
0.2404616188859459,0.2404616188859427,0.5363108907717564,1,199,400,10
0.09295493712282649,0.09295493712282529,0.4350255551945591,1,199,400,20
0.09946809305284346,0.09946809305284203,0.540159291917327,1,199,400,40
0.026182304544964063,0.026182304544964008,0.4344653396816024,1,199,800,5
0.2404616188859459,0.24046161888594583,0.53605575834454,1,199,800,10
0.09295493712282649,0.09295493712282643,0.4352743031235059,1,199,800,20
0.09946809305284346,0.09946809305284343,0.5402921480507042,1,199,800,40
0.39471600143263424,0.3947160014322507,0.4307175776699651,1,200,50,5
0.23838063074082627,0.2383806307405999,0.445516674886574,1,200,50,10
0.42093398460918297,0.4209339846087369,0.4607708739853743,1,200,50,20
0.19298400022231818,0.19298400022208534,0.5649764326090883,1,200,50,40
0.39471600143263424,0.39471600143248964,0.4177206977731287,1,200,100,5
0.23838063074082627,0.23838063074074092,0.4394914442014701,1,200,100,10
0.42093398460918297,0.4209339846090148,0.44683090607677245,1,200,100,20
0.19298400022231818,0.1929840002222304,0.5602176632471739,1,200,100,40
0.39471600143263424,0.39471600143259555,0.40722212052350815,1,200,200,5
0.23838063074082627,0.23838063074080346,0.435861264611477,1,200,200,10
0.42093398460918297,0.4209339846091379,0.4350787387792934,1,200,200,20
0.19298400022231818,0.19298400022229462,0.5569728284987848,1,200,200,40
0.39471600143263424,0.3947160014326297,0.40275674867344635,1,200,400,5
0.23838063074082627,0.23838063074082352,0.434866628613145,1,200,400,10
0.42093398460918297,0.42093398460917764,0.4298617334728622,1,200,400,20
0.19298400022231818,0.19298400022231543,0.5558588483260726,1,200,400,40
0.39471600143263424,0.3947160014326342,0.402124063683145,1,200,800,5
0.23838063074082627,0.23838063074082622,0.4347633800168367,1,200,800,10
0.42093398460918297,0.42093398460918285,0.429107570618365,1,200,800,20
0.19298400022231818,0.19298400022231818,0.5557192648579203,1,200,800,40
0.15541229509141521,0.15541229509124832,0.45929168355038097,1,201,50,5
0.10710066245628251,0.1071006624561637,0.500486423265128,1,201,50,10
0.1821609605830075,0.182160960582827,0.4867469161962218,1,201,50,20
0.31055379631105956,0.31055379631071905,0.4682542656613879,1,201,50,40
0.15541229509141521,0.15541229509135235,0.4567970810474021,1,201,100,5
0.10710066245628251,0.10710066245623777,0.49970763063107115,1,201,100,10
0.1821609605830075,0.1821609605829395,0.4829449483339936,1,201,100,20
0.31055379631105956,0.3105537963109312,0.4592128602317056,1,201,100,40
0.15541229509141521,0.15541229509139842,0.45611012224752323,1,201,200,5
0.10710066245628251,0.1071006624562705,0.5005798717710144,1,201,200,10
0.1821609605830075,0.18216096058298925,0.4812922306997637,1,201,200,20
0.31055379631105956,0.3105537963110252,0.4521000061884515,1,201,200,40
0.15541229509141521,0.15541229509141324,0.45640786646958026,1,201,400,5
0.10710066245628251,0.10710066245628107,0.5016177285525809,1,201,400,10
0.1821609605830075,0.18216096058300535,0.4812193175231893,1,201,400,20
0.31055379631105956,0.3105537963110555,0.4491593414879994,1,201,400,40
0.15541229509141521,0.15541229509141521,0.4564905113927402,1,201,800,5
0.10710066245628251,0.1071006624562825,0.5018105142121585,1,201,800,10
0.1821609605830075,0.18216096058300754,0.48125219593665214,1,201,800,20
0.31055379631105956,0.3105537963110594,0.4487484933324879,1,201,800,40
0.09537648680933183,0.09537648680923771,0.46493142960334455,1,202,50,5
0.43780324541223287,0.4378032454117809,0.6047823501073193,1,202,50,10
0.017999536438981473,0.017999536438960413,0.5291172754763314,1,202,50,20
0.3323596372952493,0.3323596372949026,0.4394460937362743,1,202,50,40
0.09537648680933183,0.09537648680929642,0.46527521002150085,1,202,100,5
0.43780324541223287,0.43780324541206256,0.5870871594595333,1,202,100,10
0.017999536438981473,0.017999536438973552,0.5316859194784451,1,202,100,20
0.3323596372952493,0.3323596372951185,0.42960779024915485,1,202,100,40
0.09537648680933183,0.09537648680932231,0.4676653538866446,1,202,200,5
0.43780324541223287,0.4378032454121872,0.5717842203028355,1,202,200,10
0.017999536438981473,0.01799953643897932,0.5356435463319827,1,202,200,20
0.3323596372952493,0.3323596372952141,0.42189464730796733,1,202,200,40
0.09537648680933183,0.09537648680933075,0.4696202683334279,1,202,400,5
0.43780324541223287,0.4378032454122275,0.56482714537245,1,202,400,10
0.017999536438981473,0.01799953643898123,0.5381631268905616,1,202,400,20
0.3323596372952493,0.3323596372952451,0.41871795048201116,1,202,400,40
0.09537648680933183,0.09537648680933179,0.46996160541096865,1,202,800,5
0.43780324541223287,0.43780324541223287,0.5638106761362636,1,202,800,10
0.017999536438981473,0.017999536438981445,0.5385774721674494,1,202,800,20
0.3323596372952493,0.3323596372952492,0.4182749825563859,1,202,800,40
0.2089837529894465,0.20898375298920346,0.42267405327283786,1,203,50,5
0.08444023973036029,0.08444023973026077,0.5475237942390087,1,203,50,10
0.2879726779391148,0.28797267793885345,0.3269118025260755,1,203,50,20
0.2793143888642418,0.27931438886393034,0.4862476366294048,1,203,50,40
0.2089837529894465,0.20898375298935495,0.41835330176794805,1,203,100,5
0.08444023973036029,0.0844402397303228,0.5473247217002031,1,203,100,10
0.2879726779391148,0.28797267793901626,0.32035382245769817,1,203,100,20
0.2793143888642418,0.2793143888641244,0.4783789230636219,1,203,100,40
0.2089837529894465,0.20898375298942198,0.4156387165507683,1,203,200,5
0.08444023973036029,0.08444023973035028,0.5485717960139788,1,203,200,10
0.2879726779391148,0.2879726779390884,0.31641635985041044,1,203,200,20
0.2793143888642418,0.27931438886421034,0.47234841258539845,1,203,200,40
0.2089837529894465,0.20898375298944366,0.4148286346665414,1,203,400,5
0.08444023973036029,0.0844402397303591,0.5497275716030773,1,203,400,10
0.2879726779391148,0.28797267793911163,0.315345687725743,1,203,400,20
0.2793143888642418,0.2793143888642381,0.4699280982148286,1,203,400,40
0.2089837529894465,0.2089837529894465,0.4147374841563628,1,203,800,5
0.08444023973036029,0.0844402397303603,0.5499342180274631,1,203,800,10
0.2879726779391148,0.2879726779391148,0.31523541454885784,1,203,800,20
0.2793143888642418,0.2793143888642417,0.4695950915503385,1,203,800,40
0.03590411104564758,0.03590411104560812,0.6556357771206651,1,204,50,5
0.1004613741020138,0.10046137410190571,0.487450505055637,1,204,50,10
0.13891687356296395,0.1389168735627752,0.515614320412541,1,204,50,20
0.34388940353142616,0.3438894035309942,0.4610814658037503,1,204,50,40
0.03590411104564758,0.03590411104563276,0.6576499729167913,1,204,100,5
0.1004613741020138,0.10046137410197305,0.4871057169071928,1,204,100,10
0.13891687356296395,0.13891687356289278,0.5132760234017135,1,204,100,20
0.34388940353142616,0.34388940353126335,0.4516704120380413,1,204,100,40
0.03590411104564758,0.035904111045643616,0.6612616321296702,1,204,200,5
0.1004613741020138,0.10046137410200287,0.48850123671059453,1,204,200,10
0.13891687356296395,0.13891687356294485,0.5120908227263704,1,204,200,20
0.34388940353142616,0.3438894035313825,0.44380167965257106,1,204,200,40
0.03590411104564758,0.03590411104564715,0.6636793252954266,1,204,400,5
0.1004613741020138,0.1004613741020125,0.4898383705144058,1,204,400,10
0.13891687356296395,0.13891687356296173,0.511899256306628,1,204,400,20
0.34388940353142616,0.34388940353142095,0.44033639829532717,1,204,400,40
0.03590411104564758,0.03590411104564753,0.664082338706673,1,204,800,5
0.1004613741020138,0.10046137410201385,0.4900788207639294,1,204,800,10
0.13891687356296395,0.13891687356296384,0.5118935481684455,1,204,800,20
0.34388940353142616,0.343889403531426,0.43983728858088855,1,204,800,40
0.19394227657188806,0.19394227657167784,0.5101629901107226,1,205,50,5
-0.05280454053674438,-0.05280454053668508,0.4184574935596961,1,205,50,10
0.021774604709776574,0.02177460470975337,0.40953884712931504,1,205,50,20
0.2366496909373098,0.23664969093706945,0.3999926836232102,1,205,50,40
0.19394227657188806,0.1939422765718088,0.5056379389072283,1,205,100,5
-0.05280454053674438,-0.052804540536722,0.42399548506863105,1,205,100,10
0.021774604709776574,0.02177460470976783,0.4126860034256132,1,205,100,20
0.2366496909373098,0.23664969093721921,0.3946698505215344,1,205,100,40
0.19394227657188806,0.1939422765718668,0.5029487454580106,1,205,200,5
-0.05280454053674438,-0.05280454053673833,0.43096481996876457,1,205,200,10
0.021774604709776574,0.021774604709774173,0.41751778007734414,1,205,200,20
0.2366496909373098,0.23664969093728555,0.39144343371532553,1,205,200,40
0.19394227657188806,0.19394227657188556,0.5022340448775271,1,205,400,5
-0.05280454053674438,-0.05280454053674358,0.4350377190863921,1,205,400,10
0.021774604709776574,0.021774604709776324,0.42058987548186466,1,205,400,20
0.2366496909373098,0.23664969093730687,0.39054785448780815,1,205,400,40
0.19394227657188806,0.19394227657188806,0.5021622094051402,1,205,800,5
-0.05280454053674438,-0.05280454053674434,0.4356908273100804,1,205,800,10
0.021774604709776574,0.02177460470977656,0.4210948984584557,1,205,800,20
0.2366496909373098,0.2366496909373097,0.3904536566809075,1,205,800,40
0.2533869312707321,0.25338693127044387,0.4838928471073288,1,206,50,5
-0.08715191011859053,-0.0871519101184973,0.49172667428728556,1,206,50,10
0.07746634609656303,0.07746634609646927,0.3895934348014455,1,206,50,20
0.21925302557023862,0.21925302557002824,0.4792059135743521,1,206,50,40
0.2533869312707321,0.2533869312706235,0.4771994796143514,1,206,100,5
-0.08715191011859053,-0.08715191011855541,0.49933136978382375,1,206,100,10
0.07746634609656303,0.07746634609652768,0.39007763828219055,1,206,100,20
0.21925302557023862,0.21925302557015924,0.4737169049939706,1,206,100,40
0.2533869312707321,0.25338693127070283,0.47224802613264705,1,206,200,5
-0.08715191011859053,-0.08715191011858106,0.5084670862756249,1,206,200,10
0.07746634609656303,0.07746634609655359,0.3919156537926538,1,206,200,20
0.21925302557023862,0.21925302557021736,0.4705624664446776,1,206,200,40
0.2533869312707321,0.2533869312707287,0.47034425204419694,1,206,400,5
-0.08715191011859053,-0.08715191011858935,0.5136821498107218,1,206,400,10
0.07746634609656303,0.07746634609656186,0.3933401011840628,1,206,400,20
0.21925302557023862,0.21925302557023604,0.46978909712935657,1,206,400,40
0.2533869312707321,0.25338693127073203,0.4700883816056378,1,206,800,5
-0.08715191011859053,-0.08715191011859048,0.514512226255319,1,206,800,10
0.07746634609656303,0.077466346096563,0.3935860031579369,1,206,800,20
0.21925302557023862,0.2192530255702385,0.46971849665240917,1,206,800,40
0.226274931064132,0.2262749310638893,0.5627458301760466,1,207,50,5
0.1306264879534957,0.1306264879533642,0.47623794702939126,1,207,50,10
0.22793571663764522,0.22793571663740878,0.5994441762661549,1,207,50,20
0.09068904251835776,0.09068904251824889,0.607033441084824,1,207,50,40
0.226274931064132,0.22627493106404045,0.5562909674606997,1,207,100,5
0.1306264879534957,0.1306264879534461,0.47484876144870264,1,207,100,10
0.22793571663764522,0.22793571663755607,0.5924817640859918,1,207,100,20
0.09068904251835776,0.09068904251831672,0.6063379414556964,1,207,100,40
0.226274931064132,0.2262749310641074,0.5517641395240999,1,207,200,5
0.1306264879534957,0.13062648795348242,0.4754755411951497,1,207,200,10
0.22793571663764522,0.22793571663762136,0.5875811163204896,1,207,200,20
0.09068904251835776,0.09068904251834672,0.6070518396184628,1,207,200,40
0.226274931064132,0.2262749310641291,0.5501440075851904,1,207,400,5
0.1306264879534957,0.13062648795349413,0.4765189751443294,1,207,400,10
0.22793571663764522,0.22793571663764245,0.5858180518409278,1,207,400,20
0.09068904251835776,0.09068904251835644,0.6079221294386703,1,207,400,40
0.226274931064132,0.22627493106413193,0.5499353919220725,1,207,800,5
0.1306264879534957,0.13062648795349563,0.4767200936186252,1,207,800,10
0.22793571663764522,0.22793571663764528,0.585590286245155,1,207,800,20
0.09068904251835776,0.09068904251835769,0.6080842998536773,1,207,800,40
0.24785262760980759,0.2478526276095193,0.6393329452644366,1,208,50,5
0.11529639752140008,0.11529639752128341,0.43317357656938216,1,208,50,10
0.4370690566236728,0.437069056623266,0.7105768441564903,1,208,50,20
0.4350837709655309,0.43508377096515255,0.3645838173075862,1,208,50,40
0.24785262760980759,0.24785262760969892,0.6315008766667617,1,208,100,5
0.11529639752140008,0.11529639752135609,0.43269337731449586,1,208,100,10
0.4370690566236728,0.4370690566235194,0.6894549508769331,1,208,100,20
0.4350837709655309,0.4350837709653883,0.35021163699903646,1,208,100,40
0.24785262760980759,0.24785262760977847,0.625375542400012,1,208,200,5
0.11529639752140008,0.11529639752138829,0.4341837189979052,1,208,200,10
0.4370690566236728,0.4370690566236317,0.6712562786244867,1,208,200,20
0.4350837709655309,0.43508377096549267,0.3389052439130719,1,208,200,40
0.24785262760980759,0.2478526276098041,0.6228596292109709,1,208,400,5
0.11529639752140008,0.11529639752139867,0.43565188728985016,1,208,400,10
0.4370690566236728,0.437069056623668,0.66301082614952,1,208,400,20
0.4350837709655309,0.4350837709655263,0.3342309233989793,1,208,400,40
0.24785262760980759,0.24785262760980747,0.622509287104534,1,208,800,5
0.11529639752140008,0.11529639752140004,0.43591712405403665,1,208,800,10
0.4370690566236728,0.4370690566236727,0.6618079198155513,1,208,800,20
0.4350837709655309,0.43508377096553086,0.33357786700841907,1,208,800,40
0.08521531452737628,0.08521531452726233,0.5969079890634608,1,209,50,5
0.16161814211165093,0.16161814211146602,0.4461393756182458,1,209,50,10
0.008550587020742725,0.008550587020731068,0.3312972441993845,1,209,50,20
0.19882399824934366,0.19882399824913072,0.5395458738067594,1,209,50,40
0.08521531452737628,0.08521531452733343,0.5962330063898595,1,209,100,5
0.16161814211165093,0.16161814211158126,0.44342267539316943,1,209,100,10
0.008550587020742725,0.00855058702073836,0.3334885390776362,1,209,100,20
0.19882399824934366,0.1988239982492634,0.5345521568831526,1,209,100,40
0.08521531452737628,0.08521531452736483,0.596698135404795,1,209,200,5
0.16161814211165093,0.16161814211163228,0.4423149469317788,1,209,200,10
0.008550587020742725,0.008550587020741594,0.33669406895522547,1,209,200,20
0.19882399824934366,0.19882399824932206,0.5314489488458545,1,209,200,40
0.08521531452737628,0.08521531452737492,0.5973447555345042,1,209,400,5
0.16161814211165093,0.1616181421116487,0.4423265148902064,1,209,400,10
0.008550587020742725,0.008550587020742628,0.3386950838527336,1,209,400,20
0.19882399824934366,0.1988239982493411,0.5305424143254167,1,209,400,40
0.08521531452737628,0.08521531452737627,0.5974671517812229,1,209,800,5
0.16161814211165093,0.16161814211165093,0.4423612597165578,1,209,800,10
0.008550587020742725,0.008550587020742802,0.33902232960405226,1,209,800,20
0.19882399824934366,0.19882399824934355,0.5304423189613627,1,209,800,40
0.29725425147227164,0.2972542514719254,0.4239444822892837,1,210,50,5
0.06909651860682178,0.06909651860673069,0.39128220600970876,1,210,50,10
0.2458241399858191,0.24582413998552746,0.33542626142546794,1,210,50,20
0.2371770853067242,0.23717708530645226,0.5539291882291055,1,210,50,40
0.29725425147227164,0.29725425147214113,0.416313905450137,1,210,100,5
0.06909651860682178,0.06909651860678746,0.39174956926819304,1,210,100,10
0.2458241399858191,0.24582413998570923,0.33073726309377904,1,210,100,20
0.2371770853067242,0.23717708530662177,0.5472663984211068,1,210,100,40
0.29725425147227164,0.29725425147223666,0.41038075445705335,1,210,200,5
0.06909651860682178,0.06909651860681255,0.3933565815768558,1,210,200,10
0.2458241399858191,0.2458241399857896,0.3276066900420104,1,210,200,20
0.2371770853067242,0.23717708530669673,0.5423200762069174,1,210,200,40
0.29725425147227164,0.2972542514722675,0.4079596519482937,1,210,400,5
0.06909651860682178,0.06909651860682073,0.3945862107824539,1,210,400,10
0.2458241399858191,0.24582413998581565,0.32656702811454474,1,210,400,20
0.2371770853067242,0.23717708530672094,0.5404097925408575,1,210,400,40
0.29725425147227164,0.29725425147227164,0.40762363958619696,1,210,800,5
0.06909651860682178,0.0690965186068218,0.3947978869276315,1,210,800,10
0.2458241399858191,0.24582413998581912,0.32643973844307506,1,210,800,20
0.2371770853067242,0.23717708530672418,0.5401524036618847,1,210,800,40
0.06992622955879409,0.06992622955872198,0.3379581482880236,1,211,50,5
0.19458561616842823,0.19458561616818648,0.5519297463433989,1,211,50,10
0.07928584446526815,0.07928584446517753,0.5611302383863178,1,211,50,20
0.1636628146425465,0.16366281464239513,0.6911101415234906,1,211,50,40
0.06992622955879409,0.06992622955876693,0.3396448234058238,1,211,100,5
0.19458561616842823,0.19458561616833708,0.5472480895674672,1,211,100,10
0.07928584446526815,0.07928584446523398,0.5612084682959033,1,211,100,20
0.1636628146425465,0.16366281464248944,0.6867732538292489,1,211,100,40
0.06992622955879409,0.06992622955878677,0.3431697659687387,1,211,200,5
0.19458561616842823,0.1945856161684038,0.5439996070350668,1,211,200,10
0.07928584446526815,0.07928584446525894,0.5628186081259643,1,211,200,20
0.1636628146425465,0.1636628146425312,0.684899090205425,1,211,200,40
0.06992622955879409,0.06992622955879317,0.34562957236128933,1,211,400,5
0.19458561616842823,0.19458561616842537,0.5428547870378633,1,211,400,10
0.07928584446526815,0.07928584446526704,0.56419057795258,1,211,400,20
0.1636628146425465,0.1636628146425447,0.6848255561376673,1,211,400,40
0.06992622955879409,0.0699262295587941,0.3460439703968986,1,211,800,5
0.19458561616842823,0.19458561616842812,0.5427088253215644,1,211,800,10
0.07928584446526815,0.07928584446526811,0.5644320926647668,1,211,800,20
0.1636628146425465,0.1636628146425465,0.6848647635777727,1,211,800,40
0.14159747603428458,0.14159747603412004,0.410658990303208,1,212,50,5
0.07889917910667676,0.07889917910657246,0.581335364078972,1,212,50,10
0.1742964256346658,0.17429642563446726,0.501905723461883,1,212,50,20
0.1972538157238744,0.1972538157236744,0.661679156218003,1,212,50,40
0.14159747603428458,0.14159747603422254,0.4089054397527886,1,212,100,5
0.07889917910667676,0.07889917910663746,0.5809618921051497,1,212,100,10
0.1742964256346658,0.17429642563459097,0.4982988363528752,1,212,100,20
0.1972538157238744,0.19725381572379896,0.6557136261237089,1,212,100,40
0.14159747603428458,0.14159747603426798,0.4086864435206664,1,212,200,5
0.07889917910667676,0.07889917910666616,0.5817459110731724,1,212,200,10
0.1742964256346658,0.17429642563464576,0.49633959097277736,1,212,200,20
0.1972538157238744,0.19725381572385425,0.6518684688250675,1,212,200,40
0.14159747603428458,0.14159747603428258,0.40912519790673746,1,212,400,5
0.07889917910667676,0.07889917910667543,0.5825616282499524,1,212,400,10
0.1742964256346658,0.17429642563466338,0.495930152650523,1,212,400,20
0.1972538157238744,0.197253815723872,0.6506654861541121,1,212,400,40
0.14159747603428458,0.14159747603428452,0.40922384240245285,1,212,800,5
0.07889917910667676,0.07889917910667675,0.582710278314432,1,212,800,10
0.1742964256346658,0.17429642563466574,0.4959012117290144,1,212,800,20
0.1972538157238744,0.1972538157238744,0.6505246996461986,1,212,800,40
-0.11065397129567442,-0.11065397129555746,0.4806468516640601,1,213,50,5
0.29767230076410695,0.29767230076377194,0.5186550065668796,1,213,50,10
0.29708969733512514,0.29708969733478785,0.5329848222752283,1,213,50,20
0.18665470414197172,0.18665470414175195,0.5433709388819086,1,213,50,40
-0.11065397129567442,-0.11065397129563037,0.48932144616940765,1,213,100,5
0.29767230076410695,0.29767230076398066,0.5096698641290919,1,213,100,10
0.29708969733512514,0.297089697334998,0.5239062353813784,1,213,100,20
0.18665470414197172,0.18665470414188884,0.5389873474040864,1,213,100,40
-0.11065397129567442,-0.11065397129566265,0.49953643990667546,1,213,200,5
0.29767230076410695,0.2976723007640731,0.5025268452907321,1,213,200,10
0.29708969733512514,0.29708969733509105,0.516644941271212,1,213,200,20
0.18665470414197172,0.18665470414194954,0.5361760988964881,1,213,200,40
-0.11065397129567442,-0.110653971295673,0.5053060696812758,1,213,400,5
0.29767230076410695,0.2976723007641029,0.4995397647021168,1,213,400,10
0.29708969733512514,0.2970896973351211,0.5135885466129403,1,213,400,20
0.18665470414197172,0.1866547041419691,0.5353045139574091,1,213,400,40
-0.11065397129567442,-0.11065397129567447,0.506221271600972,1,213,800,5
0.29767230076410695,0.2976723007641068,0.49912003663902327,1,213,800,10
0.29708969733512514,0.297089697335125,0.5131576940513551,1,213,800,20
0.18665470414197172,0.18665470414197166,0.5352032509401232,1,213,800,40
-0.1371781019223209,-0.13717810192218619,0.4618931794580106,1,214,50,5
0.23138128586505435,0.23138128586478449,0.5155428943404049,1,214,50,10
0.1273235274714822,0.12732352747135395,0.4468391578233485,1,214,50,20
0.12976461056537825,0.12976461056524335,0.42518362684350797,1,214,50,40
-0.1371781019223209,-0.13717810192227015,0.47261888583211087,1,214,100,5
0.23138128586505435,0.2313812858649527,0.5095212088722789,1,214,100,10
0.1273235274714822,0.1273235274714339,0.44577441602904727,1,214,100,20
0.12976461056537825,0.1297646105653274,0.42404887137581954,1,214,100,40
-0.1371781019223209,-0.1371781019223074,0.4851103164202819,1,214,200,5
0.23138128586505435,0.2313812858650271,0.5051461477416199,1,214,200,10
0.1273235274714822,0.12732352747146927,0.44671377199775186,1,214,200,20
0.12976461056537825,0.1297646105653646,0.4247999398005358,1,214,200,40
-0.1371781019223209,-0.13717810192231927,0.49212339963372914,1,214,400,5
0.23138128586505435,0.2313812858650512,0.503502554963744,1,214,400,10
0.1273235274714822,0.12732352747148068,0.4479125847176616,1,214,400,20
0.12976461056537825,0.12976461056537658,0.42586015484226925,1,214,400,40
-0.1371781019223209,-0.13717810192232088,0.4932336573865451,1,214,800,5
0.23138128586505435,0.2313812858650543,0.5032845791787569,1,214,800,10
0.1273235274714822,0.1273235274714823,0.4481372566552704,1,214,800,20
0.12976461056537825,0.1297646105653783,0.4260611763559634,1,214,800,40
0.16784573751839776,0.16784573751821993,0.5636706309755886,1,215,50,5
0.13909086391587827,0.13909086391570402,0.5236020910635115,1,215,50,10
0.413653532494144,0.4136535324937305,0.5131792640829322,1,215,50,20
0.1997816297077025,0.19978162970745775,0.46052929303932916,1,215,50,40
0.16784573751839776,0.1678457375183307,0.5599196732519831,1,215,100,5
0.13909086391587827,0.13909086391581257,0.5212414267758235,1,215,100,10
0.413653532494144,0.41365353249398806,0.497961818230224,1,215,100,20
0.1997816297077025,0.1997816297076103,0.4562937006651673,1,215,100,40
0.16784573751839776,0.16784573751837978,0.5580633074509704,1,215,200,5
0.13909086391587827,0.13909086391586073,0.5202249346015408,1,215,200,10
0.413653532494144,0.41365353249410214,0.4851893454118309,1,215,200,20
0.1997816297077025,0.19978162970767774,0.4535154638145309,1,215,200,40
0.16784573751839776,0.16784573751839563,0.5577950169320476,1,215,400,5
0.13909086391587827,0.13909086391587627,0.5201880879337645,1,215,400,10
0.413653532494144,0.41365353249413905,0.4795435299955964,1,215,400,20
0.1997816297077025,0.19978162970769966,0.45261948082924597,1,215,400,40
0.16784573751839776,0.16784573751839765,0.5577927539971004,1,215,800,5
0.13909086391587827,0.13909086391587822,0.5202099913099885,1,215,800,10
0.413653532494144,0.41365353249414394,0.4787289640556024,1,215,800,20
0.1997816297077025,0.19978162970770244,0.45251212471295027,1,215,800,40
0.18716483825997127,0.18716483825977415,0.5440097923884927,1,216,50,5
0.2181395129106176,0.21813951291037428,0.49073393922970554,1,216,50,10
0.08833068202477636,0.08833068202467424,0.4193037601216161,1,216,50,20
0.23767643759740711,0.23767643759718413,0.29752349274163814,1,216,50,40
0.18716483825997127,0.187164838259897,0.5395017945615871,1,216,100,5
0.2181395129106176,0.21813951291052588,0.4853788205830594,1,216,100,10
0.08833068202477636,0.08833068202473789,0.4194622731205452,1,216,100,20
0.23767643759740711,0.2376764375973231,0.29352690862068753,1,216,100,40
0.18716483825997127,0.1871648382599514,0.5369300735219107,1,216,200,5
0.2181395129106176,0.21813951291059291,0.48178958113484227,1,216,200,10
0.08833068202477636,0.08833068202476606,0.42111499258503254,1,216,200,20
0.23767643759740711,0.2376764375973846,0.2919234355766755,1,216,200,40
0.18716483825997127,0.18716483825996894,0.5363113980605478,1,216,400,5
0.2181395129106176,0.21813951291061465,0.48059010669135316,1,216,400,10
0.08833068202477636,0.08833068202477516,0.42249518038604755,1,216,400,20
0.23767643759740711,0.23767643759740442,0.2919631696391495,1,216,400,40
0.18716483825997127,0.18716483825997127,0.5362563270074525,1,216,800,5
0.2181395129106176,0.2181395129106175,0.4804425927292729,1,216,800,10
0.08833068202477636,0.08833068202477637,0.4227371810339872,1,216,800,20
0.23767643759740711,0.23767643759740706,0.29201829779158506,1,216,800,40
-0.004493489606058856,-0.0044934896060542205,0.5556098405801446,1,217,50,5
0.28625688864387455,0.286256888643573,0.5170003416419587,1,217,50,10
0.33718845319957724,0.33718845319925045,0.6010091915754627,1,217,50,20
0.1953799516093564,0.19537995160914193,0.4196779383324209,1,217,50,40
-0.004493489606058856,-0.0044934896060571244,0.5600737410947182,1,217,100,5
0.28625688864387455,0.28625688864376087,0.5081949887067005,1,217,100,10
0.33718845319957724,0.337188453199454,0.5879741827950848,1,217,100,20
0.1953799516093564,0.19537995160927552,0.41586796305229445,1,217,100,40
-0.004493489606058856,-0.004493489606058443,0.5662992748913972,1,217,200,5
0.28625688864387455,0.2862568886438441,0.5014480627420687,1,217,200,10
0.33718845319957724,0.33718845319954416,0.5774500798409185,1,217,200,20
0.1953799516093564,0.19537995160933475,0.41383041318514235,1,217,200,40
-0.004493489606058856,-0.004493489606058856,0.5701108129795195,1,217,400,5
0.28625688864387455,0.28625688864387105,0.4987408818161459,1,217,400,10
0.33718845319957724,0.3371884531995733,0.572976193697704,1,217,400,20
0.1953799516093564,0.19537995160935387,0.41342575614878396,1,217,400,40
-0.004493489606058856,-0.0044934896060589286,0.5707306618057181,1,217,800,5
0.28625688864387455,0.28625688864387444,0.49836845389831474,1,217,800,10
0.33718845319957724,0.33718845319957713,0.5723424630018235,1,217,800,20
0.1953799516093564,0.1953799516093564,0.4134001047250089,1,217,800,40
0.3279310174910647,0.32793101749069387,0.4062205152960204,1,218,50,5
0.26313262922117353,0.26313262922090275,0.5074815511819585,1,218,50,10
0.08677156832713823,0.0867715683270453,0.4143390516966869,1,218,50,20
0.24046987804013725,0.24046987803990427,0.5205571758411396,1,218,50,40
0.3279310174910647,0.3279310174909249,0.39752370741533966,1,218,100,5
0.26313262922117353,0.2631326292210715,0.49975475367963074,1,218,100,10
0.08677156832713823,0.08677156832710316,0.4148815424559116,1,218,100,20
0.24046987804013725,0.24046987804004943,0.5135896424418006,1,218,100,40
0.3279310174910647,0.32793101749102727,0.3906455108359465,1,218,200,5
0.26313262922117353,0.26313262922114616,0.49414265080682773,1,218,200,10
0.08677156832713823,0.08677156832712885,0.41715523857833114,1,218,200,20
0.24046987804013725,0.24046987804011366,0.5089589230631847,1,218,200,40
0.3279310174910647,0.3279310174910603,0.38778524229517564,1,218,400,5
0.26313262922117353,0.2631326292211703,0.4920352280701458,1,218,400,10
0.08677156832713823,0.08677156832713713,0.41893760276143377,1,218,400,20
0.24046987804013725,0.24046987804013442,0.5074324025275393,1,218,400,40
0.3279310174910647,0.3279310174910647,0.38738445398716637,1,218,800,5
0.26313262922117353,0.26313262922117353,0.4917558078134846,1,218,800,10
0.08677156832713823,0.08677156832713823,0.41924605467700626,1,218,800,20
0.24046987804013725,0.24046987804013709,0.5072465009392298,1,218,800,40
0.23257709398447735,0.23257709398423212,0.4624900090498105,1,219,50,5
0.21690186905599154,0.21690186905574163,0.3959903703777799,1,219,50,10
0.36782148953447613,0.36782148953407146,0.4777765721772838,1,219,50,20
0.06588736959761418,0.06588736959754277,0.42911146797792843,1,219,50,40
0.23257709398447735,0.23257709398438486,0.4566950580524466,1,219,100,5
0.21690186905599154,0.21690186905589737,0.3916173364182268,1,219,100,10
0.36782148953447613,0.3678214895343236,0.4661935207447503,1,219,100,20
0.06588736959761418,0.06588736959758724,0.43036281190147585,1,219,100,40
0.23257709398447735,0.23257709398445253,0.45286919933549635,1,219,200,5
0.21690186905599154,0.21690186905596634,0.3888799769947728,1,219,200,10
0.36782148953447613,0.3678214895344353,0.4566005472354203,1,219,200,20
0.06588736959761418,0.06588736959760691,0.43328128692573437,1,219,200,40
0.23257709398447735,0.2325770939844744,0.45162179320016516,1,219,400,5
0.21690186905599154,0.21690186905598857,0.3880688515898861,1,219,400,10
0.36782148953447613,0.3678214895344713,0.4524153280977349,1,219,400,20
0.06588736959761418,0.06588736959761334,0.43536995844738446,1,219,400,40
0.23257709398447735,0.2325770939844773,0.4514711028823344,1,219,800,5
0.21690186905599154,0.21690186905599151,0.3879781459835517,1,219,800,10
0.36782148953447613,0.367821489534476,0.4518151340264356,1,219,800,20
0.06588736959761418,0.06588736959761418,0.4357240090467265,1,219,800,40
-0.10744112439156793,-0.10744112439143211,0.4347019283960441,1,220,50,5
0.1334571323170349,0.13345713231688566,0.43328002964950146,1,220,50,10
0.1475424148463948,0.14754241484622846,0.39550019078548637,1,220,50,20
0.26956260615260885,0.26956260615230176,0.3700764676868118,1,220,50,40
-0.10744112439156793,-0.1074411243915167,0.4411161633205483,1,220,100,5
0.1334571323170349,0.1334571323169787,0.4317639308244221,1,220,100,10
0.1475424148463948,0.14754241484633207,0.3936761466764569,1,220,100,20
0.26956260615260885,0.26956260615249306,0.3640675857289601,1,220,100,40
-0.10744112439156793,-0.10744112439155422,0.44859839088112025,1,220,200,5
0.1334571323170349,0.1334571323170199,0.4318922642264601,1,220,200,10
0.1475424148463948,0.14754241484637795,0.3934810519152255,1,220,200,20
0.26956260615260885,0.2695626061525779,0.35977571406092435,1,220,200,40
-0.10744112439156793,-0.10744112439156622,0.4528028607469797,1,220,400,5
0.1334571323170349,0.13345713231703316,0.432547828738957,1,220,400,10
0.1475424148463948,0.14754241484639277,0.393965882075744,1,220,400,20
0.26956260615260885,0.2695626061526052,0.35819986176155405,1,220,400,40
-0.10744112439156793,-0.10744112439156793,0.4534686731172003,1,220,800,5
0.1334571323170349,0.1334571323170349,0.4326819300404842,1,220,800,10
0.1475424148463948,0.14754241484639483,0.39407351766492715,1,220,800,20
0.26956260615260885,0.26956260615260885,0.35799370305112044,1,220,800,40
0.29072481868084876,0.2907248186805229,0.45434258821658513,1,221,50,5
0.2775079295517848,0.2775079295515203,0.544668548724867,1,221,50,10
0.3541061403109113,0.35410614031056603,0.49938898165099543,1,221,50,20
0.3096375765052485,0.3096375765049276,0.46760275915996863,1,221,50,40
0.29072481868084876,0.29072481868072586,0.44640980580575634,1,221,100,5
0.2775079295517848,0.27750792955168513,0.5354692358009161,1,221,100,10
0.3541061403109113,0.35410614031078114,0.4871126264024001,1,221,100,20
0.3096375765052485,0.30963757650512763,0.4583036839920094,1,221,100,40
0.29072481868084876,0.2907248186808158,0.44030182213122815,1,221,200,5
0.2775079295517848,0.27750792955175807,0.5287419492728423,1,221,200,10
0.3541061403109113,0.35410614031087645,0.47729799405063733,1,221,200,20
0.3096375765052485,0.3096375765052161,0.4511396311493624,1,221,200,40
0.29072481868084876,0.2907248186808449,0.43783713167662147,1,221,400,5
0.2775079295517848,0.2775079295517817,0.5261931981057364,1,221,400,10
0.3541061403109113,0.35410614031090715,0.47316879717885013,1,221,400,20
0.3096375765052485,0.30963757650524465,0.44824690039107845,1,221,400,40
0.29072481868084876,0.29072481868084865,0.4374970539981084,1,221,800,5
0.2775079295517848,0.2775079295517848,0.5258535101465519,1,221,800,10
0.3541061403109113,0.35410614031091125,0.4725868486338699,1,221,800,20
0.3096375765052485,0.3096375765052485,0.44784762471908884,1,221,800,40
0.16862730266604975,0.16862730266587478,0.5528683281305897,1,222,50,5
0.3034167960541111,0.30341679605382205,0.5101812331904589,1,222,50,10
0.1337724472312355,0.13377244723107873,0.3783402880534841,1,222,50,20
0.15407144976750753,0.15407144976735182,0.5968267670863755,1,222,50,40
0.16862730266604975,0.16862730266598383,0.5491623485047105,1,222,100,5
0.3034167960541111,0.3034167960540021,0.5001181600230514,1,222,100,10
0.1337724472312355,0.13377244723117643,0.37704578479897616,1,222,100,20
0.15407144976750753,0.15407144976744894,0.593555545409951,1,222,100,40
0.16862730266604975,0.16862730266603213,0.5474244635939182,1,222,200,5
0.3034167960541111,0.3034167960540819,0.4925533988376747,1,222,200,10
0.1337724472312355,0.13377244723121962,0.37724722725781856,1,222,200,20
0.15407144976750753,0.15407144976749187,0.5923401579490994,1,222,200,40
0.16862730266604975,0.16862730266604767,0.5472430556810606,1,222,400,5
0.3034167960541111,0.30341679605410765,0.4895863694405355,1,222,400,10
0.1337724472312355,0.1337724472312336,0.37788685252411475,1,222,400,20
0.15407144976750753,0.1540714497675057,0.5924570774394562,1,222,400,40
0.16862730266604975,0.16862730266604972,0.5472556053624316,1,222,800,5
0.3034167960541111,0.30341679605411104,0.48918315974468707,1,222,800,10
0.1337724472312355,0.1337724472312355,0.3780154697073014,1,222,800,20
0.15407144976750753,0.15407144976750747,0.5925171148234865,1,222,800,40
0.08829987332218711,0.08829987332209027,0.42684376772079524,1,223,50,5
0.138573553656269,0.1385735536561158,0.4984254854323072,1,223,50,10
-0.024207442439184615,-0.024207442439155624,0.6778471888831323,1,223,50,20
0.3356426212948239,0.33564262129450273,0.6169689129499633,1,223,50,40
0.08829987332218711,0.08829987332215057,0.4271736766081834,1,223,100,5
0.138573553656269,0.13857355365621132,0.496345917625149,1,223,100,10
-0.024207442439184615,-0.024207442439173665,0.68207807431137,1,223,100,20
0.3356426212948239,0.3356426212947028,0.6036770121888069,1,223,100,40
0.08829987332218711,0.08829987332217731,0.4291592430663537,1,223,200,5
0.138573553656269,0.1385735536562535,0.49596593613115864,1,223,200,10
-0.024207442439184615,-0.02420744243918163,0.6875888214531496,1,223,200,20
0.3356426212948239,0.3356426212947914,0.5929584467485559,1,223,200,40
0.08829987332218711,0.08829987332218593,0.4307673489986821,1,223,400,5
0.138573553656269,0.1385735536562671,0.4963816867352713,1,223,400,10
-0.024207442439184615,-0.024207442439184282,0.6908624486087633,1,223,400,20
0.3356426212948239,0.33564262129482003,0.5884076457399419,1,223,400,40
0.08829987332218711,0.08829987332218708,0.4310475645784026,1,223,800,5
0.138573553656269,0.13857355365626897,0.496480190193466,1,223,800,10
-0.024207442439184615,-0.02420744243918453,0.6913900418594021,1,223,800,20
0.3356426212948239,0.33564262129482375,0.5877634147165404,1,223,800,40
0.07081703663521696,0.07081703663514154,0.5580738873278805,1,224,50,5
0.08717987659070427,0.08717987659060523,0.38397321809843366,1,224,50,10
0.06934421492057441,0.0693442149204911,0.43847247417231355,1,224,50,20
0.2419948742548747,0.24199487425461286,0.45679499411319524,1,224,50,40
0.07081703663521696,0.07081703663518854,0.5588256482863062,1,224,100,5
0.08717987659070427,0.08717987659066695,0.3843783224402948,1,224,100,10
0.06934421492057441,0.06934421492054298,0.4391155071629116,1,224,100,20
0.2419948742548747,0.24199487425477598,0.4507147582248944,1,224,100,40
0.07081703663521696,0.07081703663520936,0.5613223118210421,1,224,200,5
0.08717987659070427,0.0871798765906943,0.38632514616644953,1,224,200,10
0.06934421492057441,0.069344214920566,0.44112758819596387,1,224,200,20
0.2419948742548747,0.24199487425484817,0.4465224965418384,1,224,200,40
0.07081703663521696,0.07081703663521612,0.5632234630092223,1,224,400,5
0.08717987659070427,0.08717987659070306,0.38787258460138613,1,224,400,10
0.06934421492057441,0.06934421492057338,0.4426463998652143,1,224,400,20
0.2419948742548747,0.24199487425487157,0.44505885831393877,1,224,400,40
0.07081703663521696,0.0708170366352169,0.5635503881695727,1,224,800,5
0.08717987659070427,0.0871798765907042,0.38814117382269403,1,224,800,10
0.06934421492057441,0.06934421492057433,0.44290706621380327,1,224,800,20
0.2419948742548747,0.24199487425487456,0.4448733891019986,1,224,800,40
-0.013122839966712742,-0.01312283996669801,0.37634968467470675,1,225,50,5
0.03399515065776471,0.03399515065773029,0.5515128447926265,1,225,50,10
0.29356403703674266,0.29356403703640094,0.4764834388422118,1,225,50,20
0.1704695523531497,0.1704695523529506,0.7053574496785094,1,225,50,40
-0.013122839966712742,-0.013122839966707198,0.3803959981619043,1,225,100,5
0.03399515065776471,0.033995150657751765,0.5542780011165135,1,225,100,10
0.29356403703674266,0.2935640370366138,0.4683485131681718,1,225,100,20
0.1704695523531497,0.17046955235307465,0.7006674964445614,1,225,100,40
-0.013122839966712742,-0.013122839966711222,0.38591811067287873,1,225,200,5
0.03399515065776471,0.033995150657761326,0.5589075270650927,1,225,200,10
0.29356403703674266,0.2935640370367082,0.4619274298469256,1,225,200,20
0.1704695523531497,0.17046955235312966,0.6975816196028009,1,225,200,40
-0.013122839966712742,-0.013122839966712554,0.38926784465826153,1,225,400,5
0.03399515065776471,0.0339951506577643,0.5619408244386883,1,225,400,10
0.29356403703674266,0.29356403703673856,0.45926302402116315,1,225,400,20
0.1704695523531497,0.1704695523531473,0.6965811642645697,1,225,400,40
-0.013122839966712742,-0.013122839966712742,0.3898111092755953,1,225,800,5
0.03399515065776471,0.033995150657764775,0.5624435890525432,1,225,800,10
0.29356403703674266,0.2935640370367426,0.45889008554222777,1,225,800,20
0.1704695523531497,0.17046955235314964,0.6964608147283304,1,225,800,40
0.08451050247472808,0.08451050247463959,0.36321601473130294,1,226,50,5
-0.054550164586851815,-0.054550164586790274,0.46673953726630313,1,226,50,10
0.30370025474892826,0.30370025474855783,0.5321082672394148,1,226,50,20
0.18705410530034733,0.1870541053001223,0.5629297419813473,1,226,50,40
0.08451050247472808,0.08451050247469469,0.3641676946663943,1,226,100,5
-0.054550164586851815,-0.05455016458682863,0.4724007973344845,1,226,100,10
0.30370025474892826,0.3037002547487887,0.5231908426688843,1,226,100,20
0.18705410530034733,0.1870541053002625,0.5584250832346862,1,226,100,40
0.08451050247472808,0.08451050247471914,0.3669188568783037,1,226,200,5
-0.054550164586851815,-0.054550164586845626,0.47947074347328883,1,226,200,10
0.30370025474892826,0.30370025474889095,0.5158778936876197,1,226,200,20
0.18705410530034733,0.1870541053003246,0.5554338120215632,1,226,200,40
0.08451050247472808,0.08451050247472708,0.36896956716275275,1,226,400,5
-0.054550164586851815,-0.05455016458685112,0.48358689664067067,1,226,400,10
0.30370025474892826,0.3037002547489239,0.5127187593030269,1,226,400,20
0.18705410530034733,0.18705410530034472,0.5544491338451916,1,226,400,40
0.08451050247472808,0.08451050247472802,0.3693205162125389,1,226,800,5
-0.054550164586851815,-0.05455016458685178,0.484246165012718,1,226,800,10
0.30370025474892826,0.3037002547489283,0.512267810551553,1,226,800,20
0.18705410530034733,0.18705410530034733,0.5543293421077289,1,226,800,40
0.15300370906459237,0.15300370906442048,0.39917174711752773,1,227,50,5
0.12465242861941041,0.12465242861927969,0.46169363671260116,1,227,50,10
0.23716399870274008,0.23716399870251284,0.7079400420119217,1,227,50,20
0.2147536188255577,0.21475361882530944,0.800943956579002,1,227,50,40
0.15300370906459237,0.1530037090645276,0.3971264009668395,1,227,100,5
0.12465242861941041,0.12465242861936109,0.46053257110002677,1,227,100,10
0.23716399870274008,0.2371639987026543,0.6991895666165406,1,227,100,20
0.2147536188255577,0.21475361882546415,0.7934520884630936,1,227,100,40
0.15300370906459237,0.153003709064575,0.3967279912952528,1,227,200,5
0.12465242861941041,0.12465242861939721,0.46122837529003974,1,227,200,10
0.23716399870274008,0.23716399870271712,0.6928744766000846,1,227,200,20
0.2147536188255577,0.21475361882553257,0.7876769381796787,1,227,200,40
0.15300370906459237,0.1530037090645903,0.3971154396014925,1,227,400,5
0.12465242861941041,0.12465242861940881,0.46224997740918,1,227,400,10
0.23716399870274008,0.23716399870273733,0.6905230928933167,1,227,400,20
0.2147536188255577,0.2147536188255547,0.7853434507188877,1,227,400,40
0.15300370906459237,0.1530037090645923,0.39720852951847163,1,227,800,5
0.12465242861941041,0.12465242861941037,0.4624444918865753,1,227,800,10
0.23716399870274008,0.23716399870273996,0.6902128813859948,1,227,800,20
0.2147536188255577,0.21475361882555766,0.7850212521894698,1,227,800,40
0.22718336400973071,0.22718336400949615,0.48995023973538687,1,228,50,5
0.2935617149827835,0.2935617149824188,0.32370742547557835,1,228,50,10
0.13411854166451792,0.13411854166438641,0.46662777252301424,1,228,50,20
0.15014285203427907,0.15014285203412545,0.4022212103391031,1,228,50,40
0.22718336400973071,0.2271833640096422,0.4840711376824627,1,228,100,5
0.2935617149827835,0.2935617149826461,0.3177582302566996,1,228,100,10
0.13411854166451792,0.13411854166446835,0.4652228852729675,1,228,100,20
0.15014285203427907,0.1501428520342212,0.40044846978977067,1,228,100,40
0.22718336400973071,0.22718336400970698,0.48024035642885243,1,228,200,5
0.2935617149827835,0.2935617149827467,0.31327906776343006,1,228,200,10
0.13411854166451792,0.1341185416645046,0.4659412408158884,1,228,200,20
0.15014285203427907,0.1501428520342636,0.40063852639257524,1,228,200,40
0.22718336400973071,0.2271833640097279,0.47901886351184536,1,228,400,5
0.2935617149827835,0.29356171498277905,0.31151894788777124,1,228,400,10
0.13411854166451792,0.13411854166451642,0.4670699349459349,1,228,400,20
0.15014285203427907,0.1501428520342773,0.4014398432291274,1,228,400,40
0.22718336400973071,0.2271833640097306,0.4788737655267129,1,228,800,5
0.2935617149827835,0.2935617149827835,0.31127950672277405,1,228,800,10
0.13411854166451792,0.1341185416645179,0.4672863097128188,1,228,800,20
0.15014285203427907,0.15014285203427902,0.4016027912362104,1,228,800,40
0.34016546510618956,0.34016546510580226,0.49822146650961374,1,229,50,5
0.16012885321316286,0.1601288532129614,0.4710892039492768,1,229,50,10
0.18474265025274955,0.18474265025252345,0.5104876246814154,1,229,50,20
0.04489011580887638,0.04489011580883213,0.6665315162900376,1,229,50,40
0.34016546510618956,0.3401654651060436,0.4877717928692422,1,229,100,5
0.16012885321316286,0.16012885321308695,0.4682384915850297,1,229,100,10
0.18474265025274955,0.18474265025266434,0.5064517974405363,1,229,100,20
0.04489011580887638,0.04489011580885971,0.6687620755829684,1,229,100,40
0.34016546510618956,0.3401654651061504,0.4791696400376868,1,229,200,5
0.16012885321316286,0.1601288532131426,0.4667356990918932,1,229,200,10
0.18474265025274955,0.18474265025272668,0.5038700616398095,1,229,200,20
0.04489011580887638,0.044890115808871894,0.672989721973657,1,229,200,40
0.34016546510618956,0.34016546510618506,0.4754392967237783,1,229,400,5
0.16012885321316286,0.16012885321316045,0.46645183704397986,1,229,400,10
0.18474265025274955,0.18474265025274683,0.5030732632145072,1,229,400,20
0.04489011580887638,0.044890115808875905,0.6758653931632823,1,229,400,40
0.34016546510618956,0.3401654651061896,0.47490584661836943,1,229,800,5
0.16012885321316286,0.1601288532131628,0.466435986166447,1,229,800,10
0.18474265025274955,0.1847426502527495,0.5029810305835927,1,229,800,20
0.04489011580887638,0.04489011580887636,0.676346736731638,1,229,800,40
0.04059793093902565,0.04059793093897957,0.46539725586535563,1,230,50,5
0.10011558418371348,0.10011558418360944,0.5879025431806304,1,230,50,10
0.1843365321722849,0.1843365321720699,0.46025079970508265,1,230,50,20
0.24963178556199178,0.249631785561733,0.5504236272757945,1,230,50,40
0.04059793093902565,0.04059793093900833,0.46731865654589944,1,230,100,5
0.10011558418371348,0.10011558418367428,0.5872749790489269,1,230,100,10
0.1843365321722849,0.1843365321722038,0.45655481652959656,1,230,100,20
0.24963178556199178,0.24963178556189425,0.5428832264721013,1,230,100,40
0.04059793093902565,0.040597930939020976,0.4707409616085717,1,230,200,5
0.10011558418371348,0.10011558418370294,0.5885209529276518,1,230,200,10
0.1843365321722849,0.18433653217226315,0.45443870927842916,1,230,200,20
0.24963178556199178,0.2496317855619656,0.5374251724201272,1,230,200,40
0.04059793093902565,0.040597930939025174,0.47302730365775,1,230,400,5
0.10011558418371348,0.10011558418371222,0.5898295146248036,1,230,400,10
0.1843365321722849,0.1843365321722823,0.4539248451033552,1,230,400,20
0.24963178556199178,0.24963178556198873,0.5353848180453991,1,230,400,40
0.04059793093902565,0.04059793093902565,0.4734082214840697,1,230,800,5
0.10011558418371348,0.10011558418371348,0.5900683193061207,1,230,800,10
0.1843365321722849,0.1843365321722848,0.4538785223408562,1,230,800,20
0.24963178556199178,0.24963178556199173,0.5351150065702652,1,230,800,40
0.0839974603819754,0.08399746038188424,0.737139507171118,1,231,50,5
0.17185558926927325,0.1718555892690593,0.4882407897983816,1,231,50,10
0.14723829334826746,0.14723829334809493,0.43487887843281564,1,231,50,20
0.10673492568547976,0.1067349256853573,0.525639513582266,1,231,50,40
0.0839974603819754,0.08399746038194106,0.7366509954501174,1,231,100,5
0.17185558926927325,0.1718555892691926,0.48485281910353745,1,231,100,10
0.14723829334826746,0.1472382933482025,0.4327572126925918,1,231,100,20
0.10673492568547976,0.10673492568543358,0.5246780960422105,1,231,100,40
0.0839974603819754,0.08399746038196625,0.7378759912343607,1,231,200,5
0.17185558926927325,0.17185558926925165,0.48285594245094376,1,231,200,10
0.14723829334826746,0.1472382933482501,0.43215537799492865,1,231,200,20
0.10673492568547976,0.1067349256854674,0.5252665140220327,1,231,200,40
0.0839974603819754,0.08399746038197428,0.739116420130096,1,231,400,5
0.17185558926927325,0.17185558926927064,0.48233523592398286,1,231,400,10
0.14723829334826746,0.14723829334826544,0.432393328939106,1,231,400,20
0.10673492568547976,0.10673492568547825,0.5261231085463673,1,231,400,40
0.0839974603819754,0.0839974603819754,0.7393415105376335,1,231,800,5
0.17185558926927325,0.17185558926927325,0.482283996470908,1,231,800,10
0.14723829334826746,0.1472382933482675,0.4324609181287513,1,231,800,20
0.10673492568547976,0.10673492568547971,0.5262860595250529,1,231,800,40
0.12407091916268043,0.12407091916255347,0.5528823448964234,1,232,50,5
0.03467028867301539,0.03467028867298054,0.3847425406085917,1,232,50,10
0.3387849853464773,0.33878498534612134,0.42847665423134806,1,232,50,20
0.18294157081975457,0.18294157081954393,0.4882876742040676,1,232,50,40
0.12407091916268043,0.1240709191626326,0.5513160827289907,1,232,100,5
0.03467028867301539,0.03467028867300223,0.38781669776601096,1,232,100,10
0.3387849853464773,0.33878498534634316,0.4185797181884838,1,232,100,20
0.18294157081975457,0.18294157081967521,0.4844308627211282,1,232,100,40
0.12407091916268043,0.12407091916266766,0.5517081962838364,1,232,200,5
0.03467028867301539,0.03467028867301183,0.3927829914886736,1,232,200,10
0.3387849853464773,0.3387849853464414,0.41078368365967055,1,232,200,20
0.18294157081975457,0.18294157081973322,0.48219902208527765,1,232,200,40
0.12407091916268043,0.12407091916267887,0.552611119897527,1,232,400,5
0.03467028867301539,0.034670288673014964,0.3959982434578913,1,232,400,10
0.3387849853464773,0.33878498534647306,0.4075559488410977,1,232,400,20
0.18294157081975457,0.182941570819752,0.48164223139868534,1,232,400,40
0.12407091916268043,0.12407091916268037,0.5527895386410803,1,232,800,5
0.03467028867301539,0.034670288673015456,0.39652944393515194,1,232,800,10
0.3387849853464773,0.3387849853464773,0.4071046671641849,1,232,800,20
0.18294157081975457,0.18294157081975448,0.481590258471992,1,232,800,40
0.04492209969539937,0.04492209969535536,0.5281852099282487,1,233,50,5
0.1766688131219591,0.1766688131217806,0.5186905251491045,1,233,50,10
0.21687614349503903,0.21687614349479353,0.5204898350290179,1,233,50,20
0.23990377459044593,0.23990377459019685,0.3774790190876283,1,233,50,40
0.04492209969539937,0.04492209969538283,0.5307145297639405,1,233,100,5
0.1766688131219591,0.1766688131218918,0.5148723716021424,1,233,100,10
0.21687614349503903,0.2168761434949465,0.5149546474982623,1,233,100,20
0.23990377459044593,0.2399037745903521,0.3723200264653431,1,233,100,40
0.04492209969539937,0.04492209969539492,0.535252761901579,1,233,200,5
0.1766688131219591,0.17666881312194097,0.513126821319741,1,233,200,10
0.21687614349503903,0.21687614349501427,0.5111430091463549,1,233,200,20
0.23990377459044593,0.23990377459042087,0.369167810002359,1,233,200,40
0.04492209969539937,0.044922099695398905,0.5382912962741313,1,233,400,5
0.1766688131219591,0.176668813121957,0.5129789963075921,1,233,400,10
0.21687614349503903,0.21687614349503612,0.5098147645805651,1,233,400,20
0.23990377459044593,0.239903774590443,0.3682779629665598,1,233,400,40
0.04492209969539937,0.044922099695399384,0.5387978251066229,1,233,800,5
0.1766688131219591,0.176668813121959,0.5129988310253661,1,233,800,10
0.21687614349503903,0.216876143495039,0.50964666165186,1,233,800,20
0.23990377459044593,0.23990377459044596,0.3681828060365331,1,233,800,40
0.1348770393337014,0.13487703933356524,0.4703297565776035,1,234,50,5
0.2309633886823035,0.23096338868203023,0.37010094725046905,1,234,50,10
0.12011154937748199,0.12011154937734102,0.5224186615208142,1,234,50,20
0.2194318926538884,0.2194318926536546,0.5589842386172506,1,234,50,40
0.1348770393337014,0.13487703933365008,0.4687775824786568,1,234,100,5
0.2309633886823035,0.23096338868220054,0.36552475391550804,1,234,100,10
0.12011154937748199,0.12011154937742888,0.5208765035236117,1,234,100,20
0.2194318926538884,0.21943189265380025,0.5528665964612871,1,234,100,40
0.1348770393337014,0.13487703933368766,0.4692343665292296,1,234,200,5
0.2309633886823035,0.23096338868227584,0.36251153482380155,1,234,200,10
0.12011154937748199,0.12011154937746783,0.5208318697177194,1,234,200,20
0.2194318926538884,0.2194318926538648,0.5486893352859379,1,234,200,40
0.1348770393337014,0.1348770393336998,0.47018846722477103,1,234,400,5
0.2309633886823035,0.23096338868230032,0.3615334393031676,1,234,400,10
0.12011154937748199,0.1201115493774803,0.521346386902874,1,234,400,20
0.2194318926538884,0.21943189265388563,0.5472521615894983,1,234,400,40
0.1348770393337014,0.13487703933370143,0.47037576047509233,1,234,800,5
0.2309633886823035,0.23096338868230337,0.36141567191280727,1,234,800,10
0.12011154937748199,0.12011154937748186,0.5214558758013204,1,234,800,20
0.2194318926538884,0.21943189265388843,0.5470718194789168,1,234,800,40
0.20620978703559392,0.20620978703537557,0.4527961889704161,1,235,50,5
0.2564611064841975,0.2564611064839444,0.6983789419551161,1,235,50,10
0.1446173780898919,0.14461737808969866,0.49911545627665044,1,235,50,20
0.18142116350504206,0.1814211635048523,0.6155991748116116,1,235,50,40
0.20620978703559392,0.20620978703551168,0.44822854172080745,1,235,100,5
0.2564611064841975,0.2564611064841021,0.6887490445689244,1,235,100,10
0.1446173780898919,0.14461737808981903,0.4966593740866758,1,235,100,20
0.18142116350504206,0.18142116350497056,0.6108271784406054,1,235,100,40
0.20620978703559392,0.20620978703557175,0.44557804764372083,1,235,200,5
0.2564611064841975,0.256461106484172,0.6814543042084958,1,235,200,10
0.1446173780898919,0.1446173780898724,0.4953964456220702,1,235,200,20
0.18142116350504206,0.18142116350502285,0.6080234317297146,1,235,200,40
0.20620978703559392,0.2062097870355913,0.44491228017811607,1,235,400,5
0.2564611064841975,0.2564611064841945,0.6785666379959093,1,235,400,10
0.1446173780898919,0.14461737808988953,0.495179555187939,1,235,400,20
0.18142116350504206,0.18142116350503978,0.607297729534059,1,235,400,40
0.20620978703559392,0.2062097870355939,0.4448496049539873,1,235,800,5
0.2564611064841975,0.2564611064841974,0.6781722393956507,1,235,800,10
0.1446173780898919,0.1446173780898919,0.4951707895187367,1,235,800,20
0.18142116350504206,0.18142116350504203,0.6072269222841062,1,235,800,40
0.13943969330751885,0.13943969330738412,0.5317015277779576,1,236,50,5
0.04707900959305939,0.047079009593007565,0.4974821230528431,1,236,50,10
0.048998288873653206,0.04899828887360098,0.6931368641256527,1,236,50,20
0.2299607547543581,0.22996075475412797,0.46064033423300477,1,236,50,40
0.13943969330751885,0.13943969330746805,0.5296680424675482,1,236,100,5
0.04707900959305939,0.04707900959303983,0.4992463835212061,1,236,100,10
0.048998288873653206,0.04899828887363349,0.6946213548908526,1,236,100,20
0.2299607547543581,0.2299607547542713,0.4548963898265212,1,236,100,40
0.13943969330751885,0.13943969330750522,0.5298406903211299,1,236,200,5
0.04707900959305939,0.04707900959305415,0.5026119384130933,1,236,200,10
0.048998288873653206,0.04899828887364799,0.6978241256290163,1,236,200,20
0.2299607547543581,0.22996075475433486,0.45131799828619357,1,236,200,40
0.13943969330751885,0.13943969330751732,0.530720425333042,1,236,400,5
0.04707900959305939,0.04707900959305878,0.5049053173772229,1,236,400,10
0.048998288873653206,0.048998288873652554,0.7000763430096043,1,236,400,20
0.2299607547543581,0.22996075475435535,0.4502674670829864,1,236,400,40
0.13943969330751885,0.13943969330751876,0.5309003700519586,1,236,800,5
0.04707900959305939,0.04707900959305937,0.5052893702502523,1,236,800,10
0.048998288873653206,0.04899828887365314,0.7004564892989789,1,236,800,20
0.2299607547543581,0.22996075475435804,0.4501509548092728,1,236,800,40
0.016775518802640797,0.016775518802620924,0.45383540224032354,1,237,50,5
0.17671947017390927,0.17671947017370856,0.5117775532567542,1,237,50,10
0.2512451250103835,0.2512451250101143,0.5904547997520582,1,237,50,20
0.4619660059777146,0.461966005977251,0.4801819056787829,1,237,50,40
0.016775518802640797,0.016775518802633338,0.4564383015737439,1,237,100,5
0.17671947017390927,0.17671947017383363,0.508000254510824,1,237,100,10
0.2512451250103835,0.25124512501028207,0.582554384857223,1,237,100,20
0.4619660059777146,0.46196600597754,0.46333330773343107,1,237,100,40
0.016775518802640797,0.016775518802638764,0.46039729072017876,1,237,200,5
0.17671947017390927,0.176719470173889,0.5058855562611089,1,237,200,10
0.2512451250103835,0.25124512501035634,0.5766278730498867,1,237,200,20
0.4619660059777146,0.4619660059776678,0.44896130412615937,1,237,200,40
0.016775518802640797,0.016775518802640544,0.4629057649848872,1,237,400,5
0.17671947017390927,0.1767194701739069,0.5054020932907421,1,237,400,10
0.2512451250103835,0.25124512501038027,0.5743093614046798,1,237,400,20
0.4619660059777146,0.461966005977709,0.4425099326786205,1,237,400,40
0.016775518802640797,0.01677551880264073,0.4633177352161896,1,237,800,5
0.17671947017390927,0.17671947017390924,0.5053621218536175,1,237,800,10
0.2512451250103835,0.25124512501038343,0.5739947270390549,1,237,800,20
0.4619660059777146,0.4619660059777145,0.44157264173059596,1,237,800,40
0.3358246481661499,0.33582464816578794,0.5642388056170079,1,238,50,5
0.3518961952449408,0.3518961952445423,0.5127815509566699,1,238,50,10
0.07740974032864795,0.07740974032856617,0.5508147612696315,1,238,50,20
0.294498134670354,0.2944981346700183,0.35359527955029896,1,238,50,40
0.3358246481661499,0.33582464816601343,0.5526682631694306,1,238,100,5
0.3518961952449408,0.35189619524479065,0.5015918948358093,1,238,100,10
0.07740974032864795,0.07740974032861714,0.5513231665797785,1,238,100,20
0.294498134670354,0.29449813467022745,0.3469217297871868,1,238,100,40
0.3358246481661499,0.33582464816611335,0.5431571207966944,1,238,200,5
0.3518961952449408,0.35189619524490057,0.4922881337349617,1,238,200,10
0.07740974032864795,0.07740974032863968,0.5536114490455124,1,238,200,20
0.294498134670354,0.2944981346703202,0.3419821467732038,1,238,200,40
0.3358246481661499,0.33582464816614566,0.5390385667301313,1,238,400,5
0.3518961952449408,0.35189619524493604,0.48821323837598385,1,238,400,10
0.07740974032864795,0.0774097403286469,0.5554187261274243,1,238,400,20
0.294498134670354,0.2944981346703501,0.34008158361061325,1,238,400,40
0.3358246481661499,0.33582464816614993,0.5384500032311035,1,238,800,5
0.3518961952449408,0.35189619524494076,0.4876278056298022,1,238,800,10
0.07740974032864795,0.07740974032864796,0.55573199096554,1,238,800,20
0.294498134670354,0.29449813467035413,0.3398260420680926,1,238,800,40
-0.024140176219456265,-0.024140176219431222,0.5039491936042622,1,239,50,5
0.26053625594605817,0.2605362559457831,0.40309639522314566,1,239,50,10
0.18926744413860383,0.18926744413840316,0.4730205516670011,1,239,50,20
0.022488219612054425,0.022488219612027488,0.573922514726461,1,239,50,40
-0.024140176219456265,-0.024140176219446807,0.5091972784922756,1,239,100,5
0.26053625594605817,0.2605362559459544,0.3968219715664577,1,239,100,10
0.18926744413860383,0.1892674441385282,0.46899589009846887,1,239,100,20
0.022488219612054425,0.02248821961204426,0.576147842950709,1,239,100,40
-0.024140176219456265,-0.02414017621945369,0.5161533504031464,1,239,200,5
0.26053625594605817,0.26053625594603036,0.3925254551770955,1,239,200,10
0.18926744413860383,0.1892674441385836,0.4668707480746344,1,239,200,20
0.022488219612054425,0.02248821961205167,0.5797071339450746,1,239,200,40
-0.024140176219456265,-0.024140176219456,0.5203187357782358,1,239,400,5
0.26053625594605817,0.26053625594605484,0.3910408406942101,1,239,400,10
0.18926744413860383,0.18926744413860142,0.46646695797659643,1,239,400,20
0.022488219612054425,0.02248821961205407,0.5820035378259232,1,239,400,40
-0.024140176219456265,-0.024140176219456272,0.5209916778611782,1,239,800,5
0.26053625594605817,0.26053625594605795,0.39085400193987624,1,239,800,10
0.18926744413860383,0.1892674441386037,0.46644404390661615,1,239,800,20
0.022488219612054425,0.022488219612054404,0.5823825754615197,1,239,800,40
-0.01702748309166577,-0.017027483091646565,0.4367378345946667,1,240,50,5
0.11453583320801394,0.1145358332078859,0.48315042431966243,1,240,50,10
0.17647118218115057,0.17647118218097846,0.6240049543031214,1,240,50,20
0.30011238710842036,0.3001123871081038,0.5811293178489167,1,240,50,40
-0.01702748309166577,-0.01702748309165857,0.4409249648594471,1,240,100,5
0.11453583320801394,0.11453583320796573,0.48212194271523773,1,240,100,10
0.17647118218115057,0.1764711821810857,0.6194027795994586,1,240,100,20
0.30011238710842036,0.300112387108301,0.5708940731106298,1,240,100,40
-0.01702748309166577,-0.017027483091663825,0.446566139015835,1,240,200,5
0.11453583320801394,0.11453583320800105,0.48272482126167504,1,240,200,10
0.17647118218115057,0.17647118218113317,0.6170392386869974,1,240,200,20
0.30011238710842036,0.30011238710838845,0.562755728945824,1,240,200,40
-0.01702748309166577,-0.01702748309166559,0.4499688736260219,1,240,400,5
0.11453583320801394,0.1145358332080125,0.48361805206033964,1,240,400,10
0.17647118218115057,0.17647118218114857,0.6166353694125317,1,240,400,20
0.30011238710842036,0.3001123871084166,0.5593517364787385,1,240,400,40
-0.01702748309166577,-0.017027483091665803,0.4505198095942501,1,240,800,5
0.11453583320801394,0.114535833208014,0.48378828469101076,1,240,800,10
0.17647118218115057,0.17647118218115054,0.6166193927910819,1,240,800,20
0.30011238710842036,0.30011238710842025,0.5588733784850044,1,240,800,40
0.21678978857286707,0.21678978857262607,0.4188995772580615,1,241,50,5
0.2507731349597204,0.2507731349594412,0.5327790354760609,1,241,50,10
-0.009191909804108944,-0.00919190980410016,0.5466148949228439,1,241,50,20
0.17999116347567623,0.17999116347545846,0.451480850307047,1,241,50,40
0.21678978857286707,0.2167897885727763,0.4142696862371765,1,241,100,5
0.2507731349597204,0.2507731349596151,0.525623847252101,1,241,100,10
-0.009191909804108944,-0.009191909804105622,0.5520111453202692,1,241,100,20
0.17999116347567623,0.17999116347559416,0.4480287033387105,1,241,100,40
0.21678978857286707,0.21678978857284273,0.4113942203015981,1,241,200,5
0.2507731349597204,0.2507731349596922,0.5202911957704618,1,241,200,10
-0.009191909804108944,-0.009191909804107999,0.5594459394583424,1,241,200,20
0.17999116347567623,0.1799911634756542,0.4460448782838794,1,241,200,40
0.21678978857286707,0.2167897885728641,0.4105551697974049,1,241,400,5
0.2507731349597204,0.2507731349597171,0.5182216662324491,1,241,400,10
-0.009191909804108944,-0.009191909804108792,0.5639744185576446,1,241,400,20
0.17999116347567623,0.17999116347567362,0.44555854677293577,1,241,400,40
0.21678978857286707,0.21678978857286701,0.41046262098062186,1,241,800,5
0.2507731349597204,0.25077313495972037,0.5179420621360126,1,241,800,10
-0.009191909804108944,-0.009191909804108946,0.5647097436057162,1,241,800,20
0.17999116347567623,0.17999116347567617,0.4455141545993203,1,241,800,40
0.44354019361097513,0.44354019361050967,0.35980407086164273,1,242,50,5
0.31011985269642284,0.31011985269615594,0.5093870466088544,1,242,50,10
0.2663703375436093,0.2663703375433082,0.42203787039678325,1,242,50,20
0.14356177553163596,0.14356177553147786,0.42956792172703495,1,242,50,40
0.44354019361097513,0.44354019361079966,0.34692353915514695,1,242,100,5
0.31011985269642284,0.3101198526963222,0.4984398226377877,1,242,100,10
0.2663703375436093,0.2663703375434958,0.4154917181134177,1,242,100,20
0.14356177553163596,0.1435617755315764,0.42771114033436297,1,242,100,40
0.44354019361097513,0.44354019361092806,0.33623439637938424,1,242,200,5
0.31011985269642284,0.3101198526963959,0.49051308274449057,1,242,200,10
0.2663703375436093,0.26637033754357886,0.41070304237504157,1,242,200,20
0.14356177553163596,0.14356177553162,0.42755907308752306,1,242,200,40
0.44354019361097513,0.4435401936109696,0.3315615794045524,1,242,400,5
0.31011985269642284,0.3101198526964197,0.48754854153239424,1,242,400,10
0.2663703375436093,0.26637033754360573,0.4088879849004468,1,242,400,20
0.14356177553163596,0.14356177553163407,0.42809306241436207,1,242,400,40
0.44354019361097513,0.44354019361097496,0.33089083396656926,1,242,800,5
0.31011985269642284,0.31011985269642284,0.4871564139451814,1,242,800,10
0.2663703375436093,0.2663703375436093,0.40864602057344684,1,242,800,20
0.14356177553163596,0.14356177553163593,0.4282097795314437,1,242,800,40
0.007011846577188365,0.007011846577179978,0.38234436746727596,1,243,50,5
0.30359706625705796,0.30359706625672184,0.6712449134818053,1,243,50,10
0.26323445921388977,0.2632344592135745,0.5358548372032423,1,243,50,20
0.22227599709985887,0.222275997099622,0.40506107089418386,1,243,50,40
0.007011846577188365,0.0070118465771851456,0.3852304789337426,1,243,100,5
0.30359706625705796,0.30359706625693117,0.6601471018832282,1,243,100,10
0.26323445921388977,0.2632344592137709,0.5284376763907135,1,243,100,20
0.22227599709985887,0.22227599709976958,0.4003148180176097,1,243,100,40
0.007011846577188365,0.007011846577187508,0.3894194381037647,1,243,200,5
0.30359706625705796,0.30359706625702393,0.6510051852946229,1,243,200,10
0.26323445921388977,0.2632344592138578,0.5226316449476558,1,243,200,20
0.22227599709985887,0.22227599709983492,0.3974703253534899,1,243,200,40
0.007011846577188365,0.007011846577188247,0.3920262578456093,1,243,400,5
0.30359706625705796,0.30359706625705385,0.6470380621165399,1,243,400,10
0.26323445921388977,0.2632344592138859,0.5202445008836841,1,243,400,20
0.22227599709985887,0.22227599709985602,0.39669995721466483,1,243,400,40
0.007011846577188365,0.00701184657718837,0.39245219883917626,1,243,800,5
0.30359706625705796,0.30359706625705785,0.646470569496191,1,243,800,10
0.26323445921388977,0.26323445921388966,0.5199119208463168,1,243,800,20
0.22227599709985887,0.2222759970998588,0.39662094666846803,1,243,800,40
-0.06366439021842596,-0.06366439021835414,0.4949800230768229,1,244,50,5
0.15068682586228607,0.15068682586211718,0.670171192697177,1,244,50,10
0.240216365892276,0.2402163658920317,0.5030321257748458,1,244,50,20
0.11936936918418067,0.119369369184051,0.540479370538845,1,244,50,40
-0.06366439021842596,-0.06366439021839891,0.5010758206073999,1,244,100,5
0.15068682586228607,0.15068682586222237,0.6665865142998145,1,244,100,10
0.240216365892276,0.24021636589218387,0.49638477597196584,1,244,100,20
0.11936936918418067,0.11936936918413182,0.5390416353184293,1,244,100,40
-0.06366439021842596,-0.06366439021841876,0.5085699590047635,1,244,200,5
0.15068682586228607,0.15068682586226895,0.664700128648771,1,244,200,10
0.240216365892276,0.24021636589225126,0.49186694133304837,1,244,200,20
0.11936936918418067,0.11936936918416757,0.5393439946229481,1,244,200,40
-0.06366439021842596,-0.0636643902184251,0.5128990409689411,1,244,400,5
0.15068682586228607,0.15068682586228405,0.6643460743695375,1,244,400,10
0.240216365892276,0.24021636589227302,0.4903236936327356,1,244,400,20
0.11936936918418067,0.11936936918417915,0.5401227601613776,1,244,400,40
-0.06366439021842596,-0.06366439021842597,0.5135907079409654,1,244,800,5
0.15068682586228607,0.15068682586228607,0.6643266536676486,1,244,800,10
0.240216365892276,0.24021636589227602,0.49013098199450156,1,244,800,20
0.11936936918418067,0.1193693691841806,0.5402776904628196,1,244,800,40
-0.040065528749376675,-0.040065528749338476,0.4728392186881736,1,245,50,5
0.06192999431081602,0.061929994310754265,0.534560138402581,1,245,50,10
0.10872582513115825,0.10872582513105122,0.5611191335138179,1,245,50,20
0.28327972232923837,0.2832797223289448,0.46800348395884267,1,245,50,40
-0.040065528749376675,-0.04006552874936227,0.479648711896438,1,245,100,5
0.06192999431081602,0.06192999431079276,0.5361550008445207,1,245,100,10
0.10872582513115825,0.10872582513111788,0.5603900549553774,1,245,100,20
0.28327972232923837,0.2832797223291277,0.45987319976241914,1,245,100,40
-0.040065528749376675,-0.04006552874937281,0.4884626501020349,1,245,200,5
0.06192999431081602,0.061929994310809734,0.5397223491051075,1,245,200,10
0.10872582513115825,0.10872582513114737,0.561751329699705,1,245,200,20
0.28327972232923837,0.2832797223292087,0.45384362097461195,1,245,200,40
-0.040065528749376675,-0.0400655287493762,0.49368324188010737,1,245,400,5
0.06192999431081602,0.06192999431081528,0.5422519702596627,1,245,400,10
0.10872582513115825,0.10872582513115688,0.5631965705029331,1,245,400,20
0.28327972232923837,0.28327972232923493,0.4515179683664821,1,245,400,40
-0.040065528749376675,-0.040065528749376654,0.49452386701626744,1,245,800,5
0.06192999431081602,0.061929994310816014,0.5426798111896476,1,245,800,10
0.10872582513115825,0.10872582513115826,0.5634607512140426,1,245,800,20
0.28327972232923837,0.2832797223292383,0.45120483894326485,1,245,800,40
-0.043519015555463114,-0.04351901555541604,0.3086337772030798,1,246,50,5
0.06989839959809258,0.06989839959801285,0.4071652543216035,1,246,50,10
0.11519491363185032,0.11519491363172267,0.514818778869425,1,246,50,20
0.0766418657733284,0.07664186577324547,0.49139704683445024,1,246,50,40
-0.043519015555463114,-0.04351901555544541,0.31390903620293553,1,246,100,5
0.06989839959809258,0.06989839959806252,0.40809100659127906,1,246,100,10
0.11519491363185032,0.11519491363180226,0.5136357544045598,1,246,100,20
0.0766418657733284,0.07664186577329718,0.49202099917115566,1,246,100,40
-0.043519015555463114,-0.04351901555545846,0.32073938598381274,1,246,200,5
0.06989839959809258,0.06989839959808455,0.410528398212313,1,246,200,10
0.11519491363185032,0.11519491363183751,0.5141179692022455,1,246,200,20
0.0766418657733284,0.07664186577332008,0.4943355104838689,1,246,200,40
-0.043519015555463114,-0.04351901555546254,0.32478570415409164,1,246,400,5
0.06989839959809258,0.06989839959809162,0.41231558350486763,1,246,400,10
0.11519491363185032,0.11519491363184879,0.5149617312491067,1,246,400,20
0.0766418657733284,0.07664186577332745,0.49612413559090096,1,246,400,40
-0.043519015555463114,-0.04351901555546317,0.32543727742957484,1,246,800,5
0.06989839959809258,0.06989839959809264,0.41262027415094044,1,246,800,10
0.11519491363185032,0.11519491363185032,0.5151250819050746,1,246,800,20
0.0766418657733284,0.07664186577332843,0.49643271340434514,1,246,800,40
0.1643826746596886,0.16438267465952405,0.47879056359307687,1,247,50,5
0.30776928512473045,0.30776928512436114,0.4416267841134434,1,247,50,10
0.03539430126994153,0.03539430126990611,0.5325372840497826,1,247,50,20
0.25851646030090064,0.2585164603006784,0.6832067381141763,1,247,50,40
0.1643826746596886,0.16438267465962658,0.47586512494592537,1,247,100,5
0.30776928512473045,0.30776928512459123,0.4335220553656982,1,247,100,10
0.03539430126994153,0.03539430126992816,0.5353670627094913,1,247,100,20
0.25851646030090064,0.2585164603008168,0.6729525723064251,1,247,100,40
0.1643826746596886,0.164382674659672,0.4750269097847625,1,247,200,5
0.30776928512473045,0.30776928512469315,0.42704375909562176,1,247,200,10
0.03539430126994153,0.035394301269937894,0.5401149913447505,1,247,200,20
0.25851646030090064,0.25851646030087827,0.6657047348147155,1,247,200,40
0.1643826746596886,0.1643826746596866,0.4753477186957509,1,247,400,5
0.30776928512473045,0.307769285124726,0.4243187711542174,1,247,400,10
0.03539430126994153,0.03539430126994106,0.5432280549650279,1,247,400,20
0.25851646030090064,0.25851646030089803,0.6630818390465243,1,247,400,40
0.1643826746596886,0.16438267465968853,0.47543962555309954,1,247,800,5
0.30776928512473045,0.30776928512473034,0.42393476304631456,1,247,800,10
0.03539430126994153,0.03539430126994159,0.5437441381277881,1,247,800,20
0.25851646030090064,0.25851646030090064,0.6627417452627211,1,247,800,40
0.07727998149683464,0.07727998149676496,0.5281768831937665,1,248,50,5
0.01318150333474712,0.013181503334733814,0.4889992372537243,1,248,50,10
0.19506759119424763,0.1950675911940403,0.38106746246118073,1,248,50,20
-0.04783957804834696,-0.04783957804829063,0.45140086221768994,1,248,50,40
0.07727998149683464,0.07727998149680834,0.5296792812159322,1,248,100,5
0.01318150333474712,0.01318150333474212,0.4928461861184328,1,248,100,10
0.19506759119424763,0.19506759119416947,0.37763300367354175,1,248,100,20
-0.04783957804834696,-0.04783957804832572,0.4564073845807559,1,248,100,40
0.07727998149683464,0.07727998149682759,0.5336033001610117,1,248,200,5
0.01318150333474712,0.013181503334745819,0.4985543150115851,1,248,200,10
0.19506759119424763,0.19506759119422673,0.3760708129650624,1,248,200,20
-0.04783957804834696,-0.04783957804834126,0.4627136270585441,1,248,200,40
0.07727998149683464,0.07727998149683375,0.5364762276560313,1,248,400,5
0.01318150333474712,0.013181503334746873,0.5021373249068265,1,248,400,10
0.19506759119424763,0.19506759119424516,0.3759447517966933,1,248,400,20
-0.04783957804834696,-0.047839578048346286,0.4664006495240771,1,248,400,40
0.07727998149683464,0.07727998149683463,0.5369658511251378,1,248,800,5
0.01318150333474712,0.013181503334747064,0.5027242140795329,1,248,800,10
0.19506759119424763,0.19506759119424755,0.3759638141728258,1,248,800,20
-0.04783957804834696,-0.047839578048346904,0.4669919623224751,1,248,800,40
0.29510644798660024,0.295106447986226,0.4409720474955595,1,249,50,5
0.028895366175739873,0.028895366175708703,0.4842928287735553,1,249,50,10
0.31362249545884324,0.3136224954584507,0.4496122037589781,1,249,50,20
0.07880398583050559,0.07880398583041268,0.47792040901296273,1,249,50,40
0.29510644798660024,0.2951064479864592,0.4336068219021214,1,249,100,5
0.028895366175739873,0.02889536617572812,0.4869627476795956,1,249,100,10
0.31362249545884324,0.31362249545869536,0.4414212517128314,1,249,100,20
0.07880398583050559,0.07880398583047059,0.478162957073439,1,249,100,40
0.29510644798660024,0.2951064479865625,0.42770045113760125,1,249,200,5
0.028895366175739873,0.028895366175736667,0.49127825741113945,1,249,200,10
0.31362249545884324,0.3136224954588037,0.4347458249768268,1,249,200,20
0.07880398583050559,0.07880398583049616,0.4798390681810313,1,249,200,40
0.29510644798660024,0.2951064479865958,0.425207426275293,1,249,400,5
0.028895366175739873,0.028895366175739567,0.49407268458385134,1,249,400,10
0.31362249545884324,0.3136224954588386,0.4318803663346885,1,249,400,20
0.07880398583050559,0.07880398583050448,0.48120944352473516,1,249,400,40
0.29510644798660024,0.2951064479866002,0.424855509704157,1,249,800,5
0.028895366175739873,0.028895366175739803,0.49453438209313927,1,249,800,10
0.31362249545884324,0.3136224954588432,0.43147257191267696,1,249,800,20
0.07880398583050559,0.07880398583050555,0.48144869858433365,1,249,800,40
-0.10986154536347377,-0.10986154536336318,0.5171238040403667,1,250,50,5
0.3423168460918897,0.3423168460915222,0.5331590484959525,1,250,50,10
0.2422328872174822,0.24223288721721686,0.5162882819862709,1,250,50,20
0.026136002029883487,0.026136002029855897,0.4560886017308421,1,250,50,40
-0.10986154536347377,-0.10986154536343208,0.5265927967625822,1,250,100,5
0.3423168460918897,0.34231684609175117,0.5216853062158431,1,250,100,10
0.2422328872174822,0.2422328872173822,0.509617173602741,1,250,100,20
0.026136002029883487,0.026136002029873075,0.4590511687949597,1,250,100,40
-0.10986154536347377,-0.1098615453634626,0.5377640157720982,1,250,200,5
0.3423168460918897,0.3423168460918526,0.5122812777975441,1,250,200,10
0.2422328872174822,0.24223288721745537,0.5048077311104282,1,250,200,20
0.026136002029883487,0.026136002029880735,0.46372528724809337,1,250,200,40
-0.10986154536347377,-0.10986154536347244,0.5440800661935785,1,250,400,5
0.3423168460918897,0.3423168460918853,0.5082211288509607,1,250,400,10
0.2422328872174822,0.242232887217479,0.5030194509551078,1,250,400,20
0.026136002029883487,0.026136002029883157,0.4667265273673285,1,250,400,40
-0.10986154536347377,-0.10986154536347373,0.5450822702508089,1,250,800,5
0.3423168460918897,0.3423168460918896,0.5076417216139519,1,250,800,10
0.2422328872174822,0.24223288721748215,0.5027837228302112,1,250,800,20
0.026136002029883487,0.026136002029883504,0.4672212505759968,1,250,800,40
0.0734832027853142,0.07348320278523313,0.5305179723890949,1,251,50,5
0.19357635455881766,0.1935763545586165,0.5733977805253638,1,251,50,10
0.20106081234198037,0.2010608123417752,0.46717464881780857,1,251,50,20
0.20241418974760764,0.2024141897473995,0.4015719423160083,1,251,50,40
0.0734832027853142,0.07348320278528356,0.5310719218641535,1,251,100,5
0.19357635455881766,0.19357635455874184,0.5683446675129935,1,251,100,10
0.20106081234198037,0.20106081234190304,0.4626789832458369,1,251,100,20
0.20241418974760764,0.20241418974752917,0.39765488670516846,1,251,100,40
0.0734832027853142,0.07348320278530593,0.5332547618104109,1,251,200,5
0.19357635455881766,0.19357635455879732,0.5652918567996128,1,251,200,10
0.20106081234198037,0.20106081234195966,0.46023700477495166,1,251,200,20
0.20241418974760764,0.20241418974758651,0.39574641781476744,1,251,200,40
0.0734832027853142,0.07348320278531326,0.534954013905802,1,251,400,5
0.19357635455881766,0.19357635455881528,0.5644504547860635,1,251,400,10
0.20106081234198037,0.20106081234197792,0.45972671744539856,1,251,400,20
0.20241418974760764,0.2024141897476051,0.3954924189293664,1,251,400,40
0.0734832027853142,0.07348320278531423,0.5352476402145072,1,251,800,5
0.19357635455881766,0.1935763545588175,0.5643625846682674,1,251,800,10
0.20106081234198037,0.20106081234198042,0.459690652447282,1,251,800,20
0.20241418974760764,0.20241418974760766,0.3954946809269754,1,251,800,40
0.20814881556404422,0.20814881556381917,0.5077658516304162,1,252,50,5
0.1727372077816593,0.17273720778148294,0.41199277375415116,1,252,50,10
0.28345777341391104,0.28345777341363715,0.41232126815531867,1,252,50,20
0.15187110006307314,0.15187110006290885,0.48782178874803644,1,252,50,40
0.20814881556404422,0.20814881556395942,0.5026369858031043,1,252,100,5
0.1727372077816593,0.17273720778159285,0.40921312244784075,1,252,100,10
0.28345777341391104,0.28345777341380785,0.4047037275520769,1,252,100,20
0.15187110006307314,0.15187110006301127,0.4852754129869262,1,252,100,40
0.20814881556404422,0.20814881556402148,0.4993702165132951,1,252,200,5
0.1727372077816593,0.17273720778164142,0.40843556141433657,1,252,200,10
0.28345777341391104,0.28345777341388345,0.3994524196478157,1,252,200,20
0.15187110006307314,0.15187110006305654,0.4845140138615372,1,252,200,40
0.20814881556404422,0.20814881556404147,0.49836995471169193,1,252,400,5
0.1727372077816593,0.1727372077816571,0.4087568013693068,1,252,400,10
0.28345777341391104,0.2834577734139078,0.397619511685086,1,252,400,20
0.15187110006307314,0.1518711000630712,0.4847656074610623,1,252,400,40
0.20814881556404422,0.20814881556404413,0.49825492250385855,1,252,800,5
0.1727372077816593,0.17273720778165924,0.40884702958054164,1,252,800,10
0.28345777341391104,0.283457773413911,0.39738728893947955,1,252,800,20
0.15187110006307314,0.15187110006307308,0.48484071977119647,1,252,800,40
0.3871749924725366,0.3871749924721043,0.4500191588817569,1,253,50,5
0.16328075901308076,0.16328075901288075,0.6496308136105015,1,253,50,10
0.18634040339777952,0.18634040339758773,0.48847541469757894,1,253,50,20
0.32895170653816985,0.3289517065378329,0.49585688309435805,1,253,50,40
0.3871749924725366,0.38717499247237364,0.4382009288337122,1,253,100,5
0.16328075901308076,0.1632807590130054,0.6456311001312491,1,253,100,10
0.18634040339777952,0.18634040339770724,0.4844507174856066,1,253,100,20
0.32895170653816985,0.3289517065380429,0.4851998465991636,1,253,100,40
0.3871749924725366,0.387174992472493,0.42833121706439314,1,253,200,5
0.16328075901308076,0.16328075901306058,0.6430823691360813,1,253,200,10
0.18634040339777952,0.1863404033977602,0.48243334117120035,1,253,200,20
0.32895170653816985,0.3289517065381359,0.4767602445395235,1,253,200,40
0.3871749924725366,0.3871749924725314,0.4239897523792492,1,253,400,5
0.16328075901308076,0.16328075901307842,0.6423013112117589,1,253,400,10
0.18634040339777952,0.18634040339777727,0.48212326762998814,1,253,400,20
0.32895170653816985,0.3289517065381658,0.4732456432331987,1,253,400,40
0.3871749924725366,0.38717499247253656,0.4233647771949498,1,253,800,5
0.16328075901308076,0.16328075901308067,0.6422114255673219,1,253,800,10
0.18634040339777952,0.18634040339777952,0.4821169157050852,1,253,800,20
0.32895170653816985,0.3289517065381697,0.4727528153419023,1,253,800,40
0.34116105383299494,0.34116105383262396,0.4551114177228936,1,254,50,5
0.17062996751145137,0.17062996751126777,0.5635642244258878,1,254,50,10
0.14652063987317815,0.14652063987302216,0.6039271955727604,1,254,50,20
0.24006792871809182,0.24006792871783508,0.4338650762204609,1,254,50,40
0.34116105383299494,0.34116105383285517,0.4449189841592973,1,254,100,5
0.17062996751145137,0.17062996751138218,0.5596833579667151,1,254,100,10
0.14652063987317815,0.14652063987311928,0.6009321211406567,1,254,100,20
0.24006792871809182,0.240067928717995,0.42809018145280053,1,254,100,40
0.34116105383299494,0.3411610538329574,0.43671610707994535,1,254,200,5
0.17062996751145137,0.17062996751143286,0.5576447233998122,1,254,200,10
0.14652063987317815,0.14652063987316233,0.59979310693558,1,254,200,20
0.24006792871809182,0.24006792871806587,0.4242335581244684,1,254,200,40
0.34116105383299494,0.34116105383299045,0.43324064168898613,1,254,400,5
0.17062996751145137,0.17062996751144913,0.5572645589849152,1,254,400,10
0.14652063987317815,0.1465206398731763,0.5998773522837557,1,254,400,20
0.24006792871809182,0.24006792871808874,0.42295220555292923,1,254,400,40
0.34116105383299494,0.341161053832995,0.43274913759214423,1,254,800,5
0.17062996751145137,0.17062996751145126,0.5572440892368651,1,254,800,10
0.14652063987317815,0.1465206398731781,0.5999282915056305,1,254,800,20
0.24006792871809182,0.24006792871809185,0.42279527476131984,1,254,800,40
0.11762414830396091,0.11762414830383922,0.5727734270921008,1,255,50,5
-0.018983112402350108,-0.01898311240232868,0.471716463617271,1,255,50,10
0.33131021457197096,0.3313102145716026,0.446011444894763,1,255,50,20
0.25848393558693933,0.25848393558664673,0.6343048972644878,1,255,50,40
0.11762414830396091,0.11762414830391511,0.571383885170255,1,255,100,5
-0.018983112402350108,-0.018983112402342038,0.4760363402897852,1,255,100,10
0.33131021457197096,0.33131021457183213,0.4365029115510341,1,255,100,20
0.25848393558693933,0.25848393558682903,0.6258937825852628,1,255,100,40
0.11762414830396091,0.11762414830394861,0.5719053502300243,1,255,200,5
-0.018983112402350108,-0.018983112402347832,0.481818746742359,1,255,200,10
0.33131021457197096,0.33131021457193377,0.42889035763240657,1,255,200,20
0.25848393558693933,0.25848393558690974,0.6192894917859189,1,255,200,40
0.11762414830396091,0.11762414830395956,0.5728573394646301,1,255,400,5
-0.018983112402350108,-0.018983112402349803,0.4852966553152825,1,255,400,10
0.33131021457197096,0.33131021457196647,0.42568280268966097,1,255,400,20
0.25848393558693933,0.25848393558693594,0.6165648812590685,1,255,400,40
0.11762414830396091,0.11762414830396095,0.5730423019951296,1,255,800,5
-0.018983112402350108,-0.01898311240235004,0.4858592782783797,1,255,800,10
0.33131021457197096,0.3313102145719709,0.4252304120813794,1,255,800,20
0.25848393558693933,0.2584839355869392,0.6161846277707825,1,255,800,40
0.3055122927003735,0.3055122927000173,0.4649438350378637,1,256,50,5
0.3206201922558427,0.3206201922555175,0.614818715874348,1,256,50,10
0.0475803559228757,0.04758035592282199,0.5243927851531915,1,256,50,20
0.37613903231745727,0.376139032317079,0.48873559883299084,1,256,50,40
0.3055122927003735,0.30551229270023916,0.456484746115232,1,256,100,5
0.3206201922558427,0.32062019225572014,0.6028516878899463,1,256,100,10
0.0475803559228757,0.04758035592285548,0.5259530174934045,1,256,100,20
0.37613903231745727,0.37613903231731466,0.4758308844078937,1,256,100,40
0.3055122927003735,0.3055122927003374,0.4497440778222829,1,256,200,5
0.3206201922558427,0.32062019225580984,0.5931769626975387,1,256,200,10
0.0475803559228757,0.04758035592287027,0.5290404297965308,1,256,200,20
0.37613903231745727,0.376139032317419,0.46528074018744836,1,256,200,40
0.3055122927003735,0.3055122927003692,0.44691809836458807,1,256,400,5
0.3206201922558427,0.3206201922558388,0.589058430283262,1,256,400,10
0.0475803559228757,0.04758035592287513,0.5311651653229266,1,256,400,20
0.37613903231745727,0.3761390323174527,0.4607374611389539,1,256,400,40
0.3055122927003735,0.30551229270037344,0.44652050828133893,1,256,800,5
0.3206201922558427,0.3206201922558427,0.5884746430487664,1,256,800,10
0.0475803559228757,0.04758035592287572,0.5315218711572658,1,256,800,20
0.37613903231745727,0.37613903231745727,0.46008989890146873,1,256,800,40
0.1654844234830551,0.1654844234828326,0.46899449982123786,1,257,50,5
0.18740489952453818,0.187404899524311,0.5458301942887318,1,257,50,10
0.15019149501032422,0.1501914950101773,0.43023865838345293,1,257,50,20
0.3418134069911707,0.34181340699084545,0.48732186739907457,1,257,50,40
0.1654844234830551,0.16548442348297124,0.4659901817971802,1,257,100,5
0.18740489952453818,0.18740489952445255,0.5414367774287491,1,257,100,10
0.15019149501032422,0.1501914950102689,0.42837334312399844,1,257,100,20
0.3418134069911707,0.341813406991048,0.47567280013639834,1,257,100,40
0.1654844234830551,0.1654844234830326,0.4641808360786818,1,257,200,5
0.18740489952453818,0.1874048995245152,0.5385338578408161,1,257,200,10
0.15019149501032422,0.1501914950103094,0.4286566213293115,1,257,200,20
0.3418134069911707,0.34181340699113777,0.46657410498077667,1,257,200,40
0.1654844234830551,0.16548442348305242,0.4636855355519812,1,257,400,5
0.18740489952453818,0.18740489952453548,0.5375860889863318,1,257,400,10
0.15019149501032422,0.15019149501032245,0.4295722114748917,1,257,400,20
0.3418134069911707,0.3418134069911667,0.4628423541820409,1,257,400,40
0.1654844234830551,0.16548442348305498,0.46363416791067336,1,257,800,5
0.18740489952453818,0.18740489952453812,0.5374714809116703,1,257,800,10
0.15019149501032422,0.1501914950103242,0.4297564683231054,1,257,800,20
0.3418134069911707,0.34181340699117047,0.46232309226870294,1,257,800,40
0.14814219126139896,0.14814219126119035,0.4814398319391603,1,258,50,5
0.23338393093818693,0.2333839309379407,0.45205860656206687,1,258,50,10
0.08558268677007683,0.08558268676999317,0.5452097151499947,1,258,50,20
0.1141682359928432,0.11416823599272935,0.38542243951941235,1,258,50,40
0.14814219126139896,0.14814219126132036,0.478958088400984,1,258,100,5
0.23338393093818693,0.23338393093809412,0.4463408930579551,1,258,100,10
0.08558268677007683,0.0855826867700453,0.5457285015679654,1,258,100,20
0.1141682359928432,0.11416823599280032,0.3853261726716107,1,258,100,40
0.14814219126139896,0.14814219126137793,0.477558309402658,1,258,200,5
0.23338393093818693,0.23338393093816212,0.4425875108769288,1,258,200,10
0.08558268677007683,0.08558268677006832,0.5483290809799302,1,258,200,20
0.1141682359928432,0.1141682359928317,0.3872464259752571,1,258,200,40
0.14814219126139896,0.1481421912613964,0.477231632847245,1,258,400,5
0.23338393093818693,0.23338393093818396,0.4413754112445071,1,258,400,10
0.08558268677007683,0.08558268677007579,0.5504041798103882,1,258,400,20
0.1141682359928432,0.11416823599284182,0.3889506532413948,1,258,400,40
0.14814219126139896,0.14814219126139894,0.4772037745088191,1,258,800,5
0.23338393093818693,0.23338393093818682,0.4412300306430347,1,258,800,10
0.08558268677007683,0.08558268677007691,0.5507646495124632,1,258,800,20
0.1141682359928432,0.11416823599284319,0.38925298532724606,1,258,800,40
0.09086017059586221,0.09086017059576378,0.463001989622936,1,259,50,5
0.1117635119118022,0.11176351191166412,0.45804422699071723,1,259,50,10
0.20967778999384912,0.2096777899936123,0.5875893038570715,1,259,50,20
0.26872028717802665,0.26872028717774654,0.49612452499231807,1,259,50,40
0.09086017059586221,0.09086017059582507,0.46313536841475206,1,259,100,5
0.1117635119118022,0.11176351191175019,0.45701506748370824,1,259,100,10
0.20967778999384912,0.20967778999375983,0.5818122024432613,1,259,100,20
0.26872028717802665,0.2687202871779211,0.4883229122223818,1,259,100,40
0.09086017059586221,0.09086017059585227,0.46497241017483215,1,259,200,5
0.1117635119118022,0.11176351191178828,0.45732826644905844,1,259,200,10
0.20967778999384912,0.20967778999382522,0.577772369631878,1,259,200,20
0.26872028717802665,0.26872028717799834,0.4825901763527388,1,259,200,40
0.09086017059586221,0.09086017059586107,0.4665218869127711,1,259,400,5
0.1117635119118022,0.11176351191180056,0.45796986009569707,1,259,400,10
0.20967778999384912,0.20967778999384623,0.5763325056381067,1,259,400,20
0.26872028717802665,0.2687202871780234,0.48040470531190654,1,259,400,40
0.09086017059586221,0.09086017059586211,0.4667941070662223,1,259,800,5
0.1117635119118022,0.11176351191180217,0.45809563123003194,1,259,800,10
0.20967778999384912,0.20967778999384906,0.5761475890557168,1,259,800,20
0.26872028717802665,0.2687202871780266,0.4801123927942774,1,259,800,40
0.1971602637434718,0.19716026374324755,0.5208728320141205,1,260,50,5
0.27658572335742015,0.27658572335712744,0.40488843159549726,1,260,50,10
0.05876010226917763,0.05876010226910888,0.5958192087344685,1,260,50,20
0.12075328808988275,0.12075328808975362,0.39156347502170397,1,260,50,40
0.1971602637434718,0.19716026374338727,0.516174353813947,1,260,100,5
0.27658572335742015,0.2765857233573098,0.3979475841245824,1,260,100,10
0.05876010226917763,0.05876010226915171,0.5965974303062677,1,260,100,20
0.12075328808988275,0.12075328808983407,0.39090013657905154,1,260,100,40
0.1971602637434718,0.19716026374344914,0.5131601139501557,1,260,200,5
0.27658572335742015,0.2765857233573905,0.39299577019975984,1,260,200,10
0.05876010226917763,0.05876010226917078,0.5988156082337923,1,260,200,20
0.12075328808988275,0.12075328808986974,0.3920050342618302,1,260,200,40
0.1971602637434718,0.19716026374346907,0.5122250067117091,1,260,400,5
0.27658572335742015,0.2765857233574167,0.39118047861414007,1,260,400,10
0.05876010226917763,0.05876010226917677,0.6004651182741749,1,260,400,20
0.12075328808988275,0.12075328808988123,0.39320376410121805,1,260,400,40
0.1971602637434718,0.19716026374347176,0.5121163081933717,1,260,800,5
0.27658572335742015,0.2765857233574201,0.39094322380266483,1,260,800,10
0.05876010226917763,0.058760102269177605,0.6007472545697244,1,260,800,20
0.12075328808988275,0.1207532880898828,0.39342358975894437,1,260,800,40
0.17162567491540343,0.17162567491523514,0.6579984117942548,1,261,50,5
0.14700899743438978,0.14700899743423124,0.4814242167494256,1,261,50,10
0.10320610828318362,0.10320610828307908,0.45270640944429347,1,261,50,20
0.30571135944258687,0.30571135944222466,0.581511401682446,1,261,50,40
0.17162567491540343,0.17162567491533992,0.6534131415133887,1,261,100,5
0.14700899743438978,0.14700899743433005,0.47913023368571905,1,261,100,10
0.10320610828318362,0.10320610828314426,0.4526409177583402,1,261,100,20
0.30571135944258687,0.3057113594424503,0.5717802210086911,1,261,100,40
0.17162567491540343,0.17162567491538638,0.6510443074726043,1,261,200,5
0.14700899743438978,0.14700899743437373,0.4786251066831902,1,261,200,10
0.10320610828318362,0.10320610828317303,0.454530046594555,1,261,200,20
0.30571135944258687,0.30571135944255035,0.5637579565344291,1,261,200,40
0.17162567491540343,0.1716256749154014,0.6506297704366665,1,261,400,5
0.14700899743438978,0.14700899743438794,0.47900897382285534,1,261,400,10
0.10320610828318362,0.10320610828318232,0.4561961685676406,1,261,400,20
0.30571135944258687,0.30571135944258254,0.5602740385724041,1,261,400,40
0.17162567491540343,0.17162567491540331,0.6506117051180013,1,261,800,5
0.14700899743438978,0.14700899743438967,0.47910442367722295,1,261,800,10
0.10320610828318362,0.10320610828318355,0.4564913961987247,1,261,800,20
0.30571135944258687,0.30571135944258687,0.5597754886926116,1,261,800,40
0.05139560062757794,0.05139560062751797,0.46849167727578134,1,262,50,5
0.25413594355048985,0.2541359435501938,0.5893133394404292,1,262,50,10
0.09692904113421554,0.09692904113411555,0.36406426187431007,1,262,50,20
0.13075009195357173,0.1307500919534315,0.6010349579484735,1,262,50,40
0.05139560062757794,0.05139560062755533,0.4698484207669449,1,262,100,5
0.25413594355048985,0.2541359435503783,0.5816524639438019,1,262,100,10
0.09692904113421554,0.0969290411341779,0.36461309846617657,1,262,100,20
0.13075009195357173,0.13075009195351886,0.598798125101309,1,262,100,40
0.05139560062757794,0.051395600627571876,0.4726370867444976,1,262,200,5
0.25413594355048985,0.25413594355046,0.5756890770166567,1,262,200,10
0.09692904113421554,0.09692904113420539,0.367028021054303,1,262,200,20
0.13075009195357173,0.13075009195355752,0.5983668561848798,1,262,200,40
0.05139560062757794,0.051395600627577157,0.47457507010679956,1,262,400,5
0.25413594355048985,0.2541359435504863,0.5732525551171557,1,262,400,10
0.09692904113421554,0.0969290411342143,0.3689309067063464,1,262,400,20
0.13075009195357173,0.13075009195357,0.5987944384271084,1,262,400,40
0.05139560062757794,0.05139560062757794,0.4749012222127326,1,262,800,5
0.25413594355048985,0.25413594355048974,0.5729141825200615,1,262,800,10
0.09692904113421554,0.0969290411342155,0.3692605809542489,1,262,800,20
0.13075009195357173,0.13075009195357173,0.5988969257644775,1,262,800,40
0.2499943581960909,0.24999435819582166,0.6301178240190841,1,263,50,5
0.1578553550083255,0.15785535500816406,0.40243793431985836,1,263,50,10
0.029298958591584563,0.029298958591545615,0.4217046114683566,1,263,50,20
0.2497586619730836,0.24975866197280744,0.4576802983818809,1,263,50,40
0.2499943581960909,0.24999435819598945,0.6219167577560432,1,263,100,5
0.1578553550083255,0.15785535500826464,0.40034919442562367,1,263,100,10
0.029298958591584563,0.029298958591569883,0.4233302435419734,1,263,100,20
0.2497586619730836,0.24975866197297952,0.4513255797625509,1,263,100,40
0.2499943581960909,0.24999435819606375,0.615679923018436,1,263,200,5
0.1578553550083255,0.1578553550083091,0.40023545070875655,1,263,200,10
0.029298958591584563,0.02929895859158057,0.42604315577858143,1,263,200,20
0.2497586619730836,0.24975866197305574,0.4467938896002587,1,263,200,40
0.2499943581960909,0.24999435819608767,0.613199455141933,1,263,400,5
0.1578553550083255,0.15785535500832357,0.4008859896737791,1,263,400,10
0.029298958591584563,0.029298958591584084,0.42781879289146396,1,263,400,20
0.2497586619730836,0.24975866197308028,0.4451335981482696,1,263,400,40
0.2499943581960909,0.24999435819609087,0.6128598185494726,1,263,800,5
0.1578553550083255,0.15785535500832545,0.401026095650147,1,263,800,10
0.029298958591584563,0.02929895859158458,0.4281130183773879,1,263,800,20
0.2497586619730836,0.24975866197308344,0.44491668002219553,1,263,800,40
0.056008864326150196,0.05600886432608315,0.4331564433703901,1,264,50,5
-0.08613551687465248,-0.08613551687455398,0.28643564014764034,1,264,50,10
0.30053256834150566,0.30053256834118236,0.5080039705355777,1,264,50,20
0.08116067370000159,0.08116067369991671,0.4587730176760186,1,264,50,40
0.056008864326150196,0.056008864326124966,0.4343066729673973,1,264,100,5
-0.08613551687465248,-0.08613551687461538,0.2924570272537399,1,264,100,10
0.30053256834150566,0.30053256834138375,0.49877318206506693,1,264,100,20
0.08116067370000159,0.08116067369996964,0.4594834974395572,1,264,100,40
0.056008864326150196,0.05600886432614346,0.43682203803269054,1,264,200,5
-0.08613551687465248,-0.08613551687464256,0.29983470847141036,1,264,200,10
0.30053256834150566,0.300532568341473,0.4915406294502652,1,264,200,20
0.08116067370000159,0.08116067369999305,0.46200676916410505,1,264,200,40
0.056008864326150196,0.05600886432614934,0.4385964797554489,1,264,400,5
-0.08613551687465248,-0.08613551687465135,0.3040892278040607,1,264,400,10
0.30053256834150566,0.30053256834150177,0.4885638359032549,1,264,400,20
0.08116067370000159,0.0811606737000006,0.463945868248544,1,264,400,40
0.056008864326150196,0.05600886432615019,0.43889621634013354,1,264,800,5
-0.08613551687465248,-0.0861355168746525,0.30476861363483676,1,264,800,10
0.30053256834150566,0.30053256834150566,0.4881488825851761,1,264,800,20
0.08116067370000159,0.08116067370000157,0.46427999650786334,1,264,800,40
0.1296303021642161,0.1296303021640757,0.41285623955434747,1,265,50,5
0.03881230558666413,0.038812305586611334,0.42717463283338386,1,265,50,10
0.15802532492526583,0.1580253249250838,0.4097416832428802,1,265,50,20
0.19101216434689466,0.19101216434668328,0.441604774646722,1,265,50,40
0.1296303021642161,0.12963030216416316,0.41168646225531585,1,265,100,5
0.03881230558666413,0.038812305586644204,0.428406676733389,1,265,100,10
0.15802532492526583,0.15802532492519727,0.4074053677937985,1,265,100,20
0.19101216434689466,0.191012164346815,0.4377788980636361,1,265,100,40
0.1296303021642161,0.1296303021642019,0.4122576486136736,1,265,200,5
0.03881230558666413,0.03881230558665885,0.43068789122326284,1,265,200,10
0.15802532492526583,0.15802532492524748,0.4066457280460759,1,265,200,20
0.19101216434689466,0.19101216434687335,0.43569893229938106,1,265,200,40
0.1296303021642161,0.12963030216421445,0.41317401956910643,1,265,400,5
0.03881230558666413,0.03881230558666355,0.43222938079318873,1,265,400,10
0.15802532492526583,0.15802532492526378,0.40682348172641397,1,265,400,20
0.19101216434689466,0.19101216434689217,0.4352630994502914,1,265,400,40
0.1296303021642161,0.12963030216421603,0.4133500423149241,1,265,800,5
0.03881230558666413,0.03881230558666406,0.43248696497319034,1,265,800,10
0.15802532492526583,0.15802532492526578,0.40688301648156777,1,265,800,20
0.19101216434689466,0.19101216434689464,0.435232129996581,1,265,800,40
0.15778001285881776,0.15778001285862706,0.5285667515929977,1,266,50,5
0.2121614286375325,0.21216142863729226,0.517917055004109,1,266,50,10
0.17838681132587791,0.17838681132569056,0.6387989024098968,1,266,50,20
0.19629155984047586,0.19629155984026697,0.37383545307365573,1,266,50,40
0.15778001285881776,0.15778001285874593,0.5254629682840176,1,266,100,5
0.2121614286375325,0.21216142863744192,0.512604385249668,1,266,100,10
0.17838681132587791,0.17838681132580736,0.6340183248413972,1,266,100,20
0.19629155984047586,0.19629155984039715,0.3704236742302786,1,266,100,40
0.15778001285881776,0.15778001285879856,0.523819241377499,1,266,200,5
0.2121614286375325,0.21216142863750823,0.509006660522624,1,266,200,10
0.17838681132587791,0.17838681132585898,0.6311919050879152,1,266,200,20
0.19629155984047586,0.19629155984045485,0.3688796302716245,1,266,200,40
0.15778001285881776,0.15778001285881554,0.5235036368710846,1,266,400,5
0.2121614286375325,0.2121614286375296,0.5077845773332181,1,266,400,10
0.17838681132587791,0.1783868113258756,0.6304495673066135,1,266,400,20
0.19629155984047586,0.19629155984047342,0.36876121037916193,1,266,400,40
0.15778001285881776,0.15778001285881776,0.5234852226013202,1,266,800,5
0.2121614286375325,0.21216142863753248,0.5076325569720592,1,266,800,10
0.17838681132587791,0.17838681132587786,0.6303759234841904,1,266,800,20
0.19629155984047586,0.19629155984047583,0.36878135013670166,1,266,800,40
0.11335419794421059,0.11335419794407042,0.5448001161363076,1,267,50,5
0.21809343949228596,0.21809343949206594,0.5257136645745718,1,267,50,10
0.3675807908462419,0.3675807908458423,0.5486252053190737,1,267,50,20
0.10883756203495708,0.10883756203483373,0.5217342754086124,1,267,50,40
0.11335419794421059,0.11335419794415777,0.5433477838888245,1,267,100,5
0.21809343949228596,0.21809343949220303,0.5198642218560368,1,267,100,10
0.3675807908462419,0.36758079084609124,0.535868444958784,1,267,100,20
0.10883756203495708,0.1088375620349106,0.5207323510690669,1,267,100,40
0.11335419794421059,0.11335419794419636,0.5432476209953976,1,267,200,5
0.21809343949228596,0.21809343949226367,0.5161512451362272,1,267,200,10
0.3675807908462419,0.36758079084620154,0.5251763805708415,1,267,200,20
0.10883756203495708,0.10883756203494463,0.5213192439711223,1,267,200,40
0.11335419794421059,0.11335419794420881,0.543681625360272,1,267,400,5
0.21809343949228596,0.21809343949228333,0.515021543102357,1,267,400,10
0.3675807908462419,0.36758079084623707,0.5204566140064668,1,267,400,20
0.10883756203495708,0.10883756203495573,0.5221890462748766,1,267,400,40
0.11335419794421059,0.11335419794421055,0.543775804705425,1,267,800,5
0.21809343949228596,0.21809343949228588,0.5148923095205742,1,267,800,10
0.3675807908462419,0.36758079084624173,0.5197760817563404,1,267,800,20
0.10883756203495708,0.10883756203495706,0.5223548189245054,1,267,800,40
0.165661066939378,0.16566106693919452,0.4994548968357565,1,268,50,5
0.33847851343093327,0.3384785134305889,0.45386572207737536,1,268,50,10
0.08100177016315685,0.0810017701630685,0.5157858223780767,1,268,50,20
0.21252723334942328,0.21252723334917117,0.3518344464048412,1,268,50,40
0.165661066939378,0.16566106693930882,0.4962271910893265,1,268,100,5
0.33847851343093327,0.33847851343080343,0.44337513408095064,1,268,100,10
0.08100177016315685,0.08100177016312352,0.5161124363035117,1,268,100,20
0.21252723334942328,0.2125272333493283,0.34806907437266243,1,268,100,40
0.165661066939378,0.1656610669393594,0.49472583189420727,1,268,200,5
0.33847851343093327,0.3384785134308984,0.4351226844705759,1,268,200,10
0.08100177016315685,0.0810017701631479,0.5181139366095495,1,268,200,20
0.21252723334942328,0.21252723334939783,0.345835558286379,1,268,200,40
0.165661066939378,0.16566106693937574,0.49457848149194195,1,268,400,5
0.33847851343093327,0.33847851343092916,0.43171109300879407,1,268,400,10
0.08100177016315685,0.08100177016315585,0.5197370794755984,1,268,400,20
0.21252723334942328,0.21252723334942028,0.34524450226179687,1,268,400,40
0.165661066939378,0.16566106693937785,0.4945912929500522,1,268,800,5
0.33847851343093327,0.3384785134309332,0.4312344656397457,1,268,800,10
0.08100177016315685,0.08100177016315685,0.5200199920634547,1,268,800,20
0.21252723334942328,0.21252723334942317,0.3451853732752366,1,268,800,40
0.14414906727094784,0.1441490672707853,0.42900277221986494,1,269,50,5
0.0844170117868479,0.08441701178675955,0.6669839168845341,1,269,50,10
0.2510010396102041,0.25100103960993675,0.386711920886327,1,269,50,20
0.022166111739065825,0.022166111739042163,0.5066727809622604,1,269,50,40
0.14414906727094784,0.14414906727088658,0.4270866912489157,1,269,100,5
0.0844170117868479,0.08441701178681457,0.6668205135494751,1,269,100,10
0.2510010396102041,0.2510010396101033,0.3810401181882427,1,269,100,20
0.022166111739065825,0.022166111739056887,0.5096712544624269,1,269,100,40
0.14414906727094784,0.14414906727093152,0.42680140539257505,1,269,200,5
0.0844170117868479,0.08441701178683897,0.668489571173551,1,269,200,10
0.2510010396102041,0.25100103961017717,0.3772964879188083,1,269,200,20
0.022166111739065825,0.02216611173906343,0.5143404121736148,1,269,200,40
0.14414906727094784,0.14414906727094584,0.4272408360163771,1,269,400,5
0.0844170117868479,0.08441701178684688,0.669999468936064,1,269,400,10
0.2510010396102041,0.251001039610201,0.3760763948925717,1,269,400,20
0.022166111739065825,0.022166111739065512,0.5173244556161063,1,269,400,40
0.14414906727094784,0.1441490672709479,0.4273415563725092,1,269,800,5
0.0844170117868479,0.08441701178684793,0.670268266962539,1,269,800,10
0.2510010396102041,0.2510010396102041,0.3759290490661653,1,269,800,20
0.022166111739065825,0.02216611173906588,0.5178157076044264,1,269,800,40
0.2484044669537057,0.24840446695344376,0.40921433881195074,1,270,50,5
0.16807275287627021,0.16807275287608342,0.5397711356290593,1,270,50,10
-0.03616290413290929,-0.03616290413286871,0.4039859862264378,1,270,50,20
0.12475439589658002,0.12475439589643762,0.49123006505561284,1,270,50,40
0.2484044669537057,0.24840446695360696,0.40335317085025046,1,270,100,5
0.16807275287627021,0.16807275287619985,0.536166564696446,1,270,100,10
-0.03616290413290929,-0.036162904132894025,0.40888036541243106,1,270,100,20
0.12475439589658002,0.12475439589652634,0.4897027795418592,1,270,100,40
0.2484044669537057,0.24840446695367918,0.3994641194392065,1,270,200,5
0.16807275287627021,0.16807275287625129,0.5342881265178266,1,270,200,10
-0.03616290413290929,-0.03616290413290521,0.41522290102553067,1,270,200,20
0.12475439589658002,0.12475439589656555,0.48975838277205264,1,270,200,40
0.2484044669537057,0.24840446695370247,0.3981855250591524,1,270,400,5
0.16807275287627021,0.16807275287626797,0.5339481201247228,1,270,400,10
-0.03616290413290929,-0.036162904132908805,0.41898171788774835,1,270,400,20
0.12475439589658002,0.12475439589657826,0.4903547211871442,1,270,400,40
0.2484044669537057,0.24840446695370555,0.398030120156606,1,270,800,5
0.16807275287627021,0.16807275287627016,0.5339314214276979,1,270,800,10
-0.03616290413290929,-0.03616290413290926,0.4195870681394807,1,270,800,20
0.12475439589658002,0.12475439589657993,0.4904784906255606,1,270,800,40
0.02577830471218065,0.025778304712154025,0.5220661130251256,1,271,50,5
0.29415165213011296,0.29415165212980593,0.4643814981259385,1,271,50,10
0.16170344950768908,0.16170344950750098,0.5646942335252834,1,271,50,20
0.23967159603460342,0.23967159603438268,0.5140770169916008,1,271,50,40
0.02577830471218065,0.02577830471217063,0.525124689076618,1,271,100,5
0.29415165213011296,0.2941516521299972,0.4558496678833589,1,271,100,10
0.16170344950768908,0.1617034495076182,0.5612110781733443,1,271,100,20
0.23967159603460342,0.2396715960345202,0.5071213944179855,1,271,100,40
0.02577830471218065,0.02577830471217804,0.5299725571991372,1,271,200,5
0.29415165213011296,0.29415165213008193,0.4494033955462837,1,271,200,10
0.16170344950768908,0.16170344950767004,0.5593102287754225,1,271,200,20
0.23967159603460342,0.23967159603458119,0.5027261145900007,1,271,200,40
0.02577830471218065,0.025778304712180365,0.5330904269855927,1,271,400,5
0.29415165213011296,0.2941516521301093,0.446859497039243,1,271,400,10
0.16170344950768908,0.16170344950768684,0.5589071715606677,1,271,400,20
0.23967159603460342,0.23967159603460086,0.5014000383759587,1,271,400,40
0.02577830471218065,0.025778304712180636,0.5336046054999435,1,271,800,5
0.29415165213011296,0.29415165213011285,0.44651263225778076,1,271,800,10
0.16170344950768908,0.16170344950768906,0.5588778689760965,1,271,800,20
0.23967159603460342,0.23967159603460342,0.5012494162090556,1,271,800,40
-0.005848271160634799,-0.005848271160628707,0.4992536869813365,1,272,50,5
0.20643220907314389,0.20643220907288007,0.5133863127372144,1,272,50,10
0.20569176707235537,0.20569176707214848,0.485009086093724,1,272,50,20
0.18090048615688276,0.18090048615666704,0.5225865940480889,1,272,50,40
-0.005848271160634799,-0.005848271160632482,0.5036884141886093,1,272,100,5
0.20643220907314389,0.20643220907304444,0.5085787732753358,1,272,100,10
0.20569176707235537,0.20569176707227738,0.4801297417524009,1,272,100,20
0.18090048615688276,0.18090048615680143,0.5185934923737634,1,272,100,40
-0.005848271160634799,-0.005848271160634119,0.5098519060778631,1,272,200,5
0.20643220907314389,0.20643220907311716,0.5051371580824182,1,272,200,10
0.20569176707235537,0.2056917670723345,0.4773707779979757,1,272,200,20
0.18090048615688276,0.18090048615686094,0.5161251981861621,1,272,200,40
-0.005848271160634799,-0.00584827116063473,0.5136199652674495,1,272,400,5
0.20643220907314389,0.20643220907314064,0.5038695733351185,1,272,400,10
0.20569176707235537,0.20569176707235287,0.47672253169331347,1,272,400,20
0.18090048615688276,0.1809004861568802,0.5154117088551834,1,272,400,40
-0.005848271160634799,-0.0058482711606347715,0.514232481598997,1,272,800,5
0.20643220907314389,0.20643220907314383,0.5037034316983523,1,272,800,10
0.20569176707235537,0.20569176707235542,0.47666670468438954,1,272,800,20
0.18090048615688276,0.18090048615688276,0.5153336844381695,1,272,800,40
-0.006880263632497191,-0.006880263632490127,0.6106532415437589,1,273,50,5
0.19629451942925968,0.19629451942906734,0.4059718954394727,1,273,50,10
0.1375883963560124,0.13758839635585945,0.4818523781288966,1,273,50,20
0.07899405871778005,0.07899405871769925,0.5320654887373908,1,273,50,40
-0.006880263632497191,-0.006880263632494568,0.6153160129600335,1,273,100,5
0.19629451942925968,0.1962945194291872,0.4022972787528869,1,273,100,10
0.1375883963560124,0.13758839635595477,0.4799002480934367,1,273,100,20
0.07899405871778005,0.0789940587177496,0.532719411665972,1,273,100,40
-0.006880263632497191,-0.006880263632496407,0.6217653521885288,1,273,200,5
0.19629451942925968,0.19629451942924023,0.40081638936396125,1,273,200,10
0.1375883963560124,0.13758839635599687,0.47962571370240537,1,273,200,20
0.07899405871778005,0.0789940587177719,0.5352712308997103,1,273,200,40
-0.006880263632497191,-0.006880263632497045,0.6257001372232396,1,273,400,5
0.19629451942925968,0.1962945194292574,0.4008471895604816,1,273,400,10
0.1375883963560124,0.13758839635601053,0.480087427291784,1,273,400,20
0.07899405871778005,0.07899405871777905,0.5372554450509507,1,273,400,40
-0.006880263632497191,-0.006880263632497233,0.626339372635897,1,273,800,5
0.19629451942925968,0.19629451942925968,0.40089686343343467,1,273,800,10
0.1375883963560124,0.1375883963560123,0.48019251944086955,1,273,800,20
0.07899405871778005,0.07899405871778001,0.5375982268718962,1,273,800,40
0.04791344963087662,0.04791344963082271,0.4663459979716906,1,274,50,5
0.3055718005801603,0.30557180057983846,0.43878153306179984,1,274,50,10
0.36046489737966186,0.36046489737923937,0.4842788211135042,1,274,50,20
0.2824469824824088,0.2824469824821167,0.49629743654339203,1,274,50,40
0.04791344963087662,0.04791344963085624,0.46801951489878824,1,274,100,5
0.3055718005801603,0.30557180058003897,0.4301519852519111,1,274,100,10
0.36046489737966186,0.3604648973795026,0.47341135044703486,1,274,100,20
0.2824469824824088,0.28244698248229877,0.4878361350188842,1,274,100,40
0.04791344963087662,0.047913449630871206,0.47122515242033736,1,274,200,5
0.3055718005801603,0.3055718005801278,0.42357754788727553,1,274,200,10
0.36046489737966186,0.36046489737961923,0.4643163398664564,1,274,200,20
0.2824469824824088,0.2824469824823794,0.48149166344874217,1,274,200,40
0.04791344963087662,0.04791344963087597,0.473412039847568,1,274,400,5
0.3055718005801603,0.3055718005801565,0.4209572692257897,1,274,400,10
0.36046489737966186,0.3604648973796569,0.46030735569137926,1,274,400,20
0.2824469824824088,0.28244698248240535,0.47901097637834067,1,274,400,40
0.04791344963087662,0.04791344963087657,0.47377836565954834,1,274,800,5
0.3055718005801603,0.30557180058016026,0.42059808265263443,1,274,800,10
0.36046489737966186,0.3604648973796618,0.4597296927593741,1,274,800,20
0.2824469824824088,0.28244698248240885,0.47867443346321925,1,274,800,40
0.21884915122164697,0.21884915122142004,0.5030111418392182,1,275,50,5
0.0592019762566218,0.059201976256546204,0.4358064112030354,1,275,50,10
0.14445910909658594,0.14445910909640594,0.4052731614490419,1,275,50,20
0.3092261420474845,0.30922614204717286,0.41370076638428244,1,275,50,40
0.21884915122164697,0.21884915122156143,0.49738731487244825,1,275,100,5
0.0592019762566218,0.05920197625659328,0.436589234374703,1,275,100,10
0.14445910909658594,0.14445910909651807,0.4033645110724251,1,275,100,20
0.3092261420474845,0.3092261420473671,0.40508272682310387,1,275,100,40
0.21884915122164697,0.21884915122162402,0.49378969323342425,1,275,200,5
0.0592019762566218,0.05920197625661418,0.438579890217548,1,275,200,10
0.14445910909658594,0.14445910909656778,0.40280166438256104,1,275,200,20
0.3092261420474845,0.309226142047453,0.3986859398140924,1,275,200,40
0.21884915122164697,0.2188491512216443,0.49267934301021277,1,275,400,5
0.0592019762566218,0.059201976256620874,0.4400299156171966,1,275,400,10
0.14445910909658594,0.14445910909658377,0.40299708594030925,1,275,400,20
0.3092261420474845,0.3092261420474808,0.39621600141836466,1,275,400,40
0.21884915122164697,0.2188491512216469,0.49255081360282094,1,275,800,5
0.0592019762566218,0.05920197625662179,0.4402767433297954,1,275,800,10
0.14445910909658594,0.1444591090965859,0.40305459524493836,1,275,800,20
0.3092261420474845,0.30922614204748455,0.39588324465619895,1,275,800,40
0.08457744912184315,0.08457744912176213,0.5695046590175998,1,276,50,5
0.21446455185870836,0.2144645518584828,0.5560909571273542,1,276,50,10
0.30488663000417815,0.3048866300038111,0.5294395693487359,1,276,50,20
0.040513870804454954,0.04051387080440903,0.6326557372030952,1,276,50,40
0.08457744912184315,0.08457744912181261,0.5700877507554654,1,276,100,5
0.21446455185870836,0.21446455185862337,0.550204139561261,1,276,100,10
0.30488663000417815,0.30488663000403987,0.5204263742719148,1,276,100,20
0.040513870804454954,0.040513870804437684,0.6343233197104576,1,276,100,40
0.08457744912184315,0.084577449121835,0.572835750184153,1,276,200,5
0.21446455185870836,0.2144645518586856,0.5462986395876007,1,276,200,10
0.30488663000417815,0.3048866300041412,0.5130553436667281,1,276,200,20
0.040513870804454954,0.04051387080445028,0.6375021718322164,1,276,200,40
0.08457744912184315,0.08457744912184213,0.5750159599746818,1,276,400,5
0.21446455185870836,0.21446455185870567,0.545014946044016,1,276,400,10
0.30488663000417815,0.3048866300041738,0.5098800690057267,1,276,400,20
0.040513870804454954,0.04051387080445436,0.639667898257705,1,276,400,40
0.08457744912184315,0.08457744912184317,0.5753942309933943,1,276,800,5
0.21446455185870836,0.21446455185870827,0.544858948750945,1,276,800,10
0.30488663000417815,0.3048866300041781,0.5094274206983879,1,276,800,20
0.040513870804454954,0.04051387080445508,0.6400305559007176,1,276,800,40
-0.004383250548029863,-0.004383250548025158,0.45280086666058034,1,277,50,5
0.3727453948437497,0.3727453948433732,0.5107677659151643,1,277,50,10
0.15773062749720954,0.15773062749703615,0.5101614020920809,1,277,50,20
0.38458475808305415,0.38458475808260073,0.5612291008619312,1,277,50,40
-0.004383250548029863,-0.004383250548028073,0.4568462175364132,1,277,100,5
0.3727453948437497,0.3727453948436078,0.497689844903913,1,277,100,10
0.15773062749720954,0.15773062749714423,0.5072034136680259,1,277,100,20
0.38458475808305415,0.3845847580828833,0.5483183682073349,1,277,100,40
-0.004383250548029863,-0.004383250548029474,0.4624942469556941,1,277,200,5
0.3727453948437497,0.3727453948437116,0.48695392536276294,1,277,200,10
0.15773062749720954,0.15773062749719205,0.5059891879400463,1,277,200,20
0.38458475808305415,0.3845847580830084,0.537222008985574,1,277,200,40
-0.004383250548029863,-0.004383250548029793,0.4659538128116669,1,277,400,5
0.3727453948437497,0.3727453948437452,0.4823112587063699,1,277,400,10
0.15773062749720954,0.15773062749720748,0.5059947293594065,1,277,400,20
0.38458475808305415,0.38458475808304876,0.5322059478168633,1,277,400,40
-0.004383250548029863,-0.004383250548029932,0.46651649865179057,1,277,800,5
0.3727453948437497,0.37274539484374963,0.48164821741927544,1,277,800,10
0.15773062749720954,0.15773062749720956,0.5060313135182379,1,277,800,20
0.38458475808305415,0.38458475808305403,0.5314749073273843,1,277,800,40
-0.011343348704863452,-0.011343348704850733,0.5742332789641623,1,278,50,5
0.0470943334314432,0.047094333431397344,0.305839301754035,1,278,50,10
0.13813170279750037,0.138131702797349,0.5905700110421068,1,278,50,20
0.2581977938909487,0.2581977938906692,0.44925596814346214,1,278,50,40
-0.011343348704863452,-0.011343348704858668,0.5783062792200246,1,278,100,5
0.0470943334314432,0.04709433343142593,0.30886702062879057,1,278,100,10
0.13813170279750037,0.1381317027974433,0.5880122771767862,1,278,100,20
0.2581977938909487,0.2581977938908434,0.4425870989058934,1,278,100,40
-0.011343348704863452,-0.011343348704862154,0.5838520941121053,1,278,200,5
0.0470943334314432,0.04709433343143858,0.313922477158985,1,278,200,10
0.13813170279750037,0.13813170279748502,0.5871961861385875,1,278,200,20
0.2581977938909487,0.2581977938909205,0.43782069771201726,1,278,200,40
-0.011343348704863452,-0.011343348704863254,0.5872128624211106,1,278,400,5
0.0470943334314432,0.04709433343144269,0.3172319194908663,1,278,400,10
0.13813170279750037,0.13813170279749853,0.5874042996592304,1,278,400,20
0.2581977938909487,0.2581977938909453,0.4360690391517833,1,278,400,40
-0.011343348704863452,-0.0113433487048635,0.5877577558142539,1,278,800,5
0.0470943334314432,0.04709433343144313,0.31778032438655546,1,278,800,10
0.13813170279750037,0.13813170279750034,0.5874718648271409,1,278,800,20
0.2581977938909487,0.25819779389094866,0.4358397558921836,1,278,800,40
0.03504029578076548,0.03504029578071832,0.4548241782594437,1,279,50,5
0.2379432214278585,0.23794322142759078,0.48458437767876394,1,279,50,10
0.3326895783137408,0.33268957831328594,0.4118674207072269,1,279,50,20
0.20496779262311654,0.20496779262288972,0.46016067578432773,1,279,50,40
0.03504029578076548,0.035040295780747716,0.4561739839719766,1,279,100,5
0.2379432214278585,0.23794322142775762,0.47848552534903555,1,279,100,10
0.3326895783137408,0.3326895783135694,0.4039860735557207,1,279,100,20
0.20496779262311654,0.204967792623031,0.4556123770501358,1,279,100,40
0.03504029578076548,0.03504029578076065,0.45858965552334563,1,279,200,5
0.2379432214278585,0.2379432214278315,0.47414523657298757,1,279,200,10
0.3326895783137408,0.33268957831369494,0.397404510188231,1,279,200,20
0.20496779262311654,0.20496779262309361,0.4528308240818443,1,279,200,40
0.03504029578076548,0.035040295780764896,0.46020580437480374,1,279,400,5
0.2379432214278585,0.23794322142785532,0.47255956633634144,1,279,400,10
0.3326895783137408,0.33268957831373547,0.39450958067967523,1,279,400,20
0.20496779262311654,0.20496779262311382,0.45204415685114996,1,279,400,40
0.03504029578076548,0.03504029578076552,0.46047516496188867,1,279,800,5
0.2379432214278585,0.2379432214278585,0.4723527555469577,1,279,800,10
0.3326895783137408,0.33268957831374074,0.3940928514578943,1,279,800,20
0.20496779262311654,0.20496779262311648,0.4519598831625967,1,279,800,40
0.25811048255604574,0.2581104825557627,0.47939899682404086,1,280,50,5
0.160166246339929,0.1601662463397544,0.4214621251621957,1,280,50,10
0.18794369356116625,0.18794369356096763,0.4926523029534603,1,280,50,20
0.058109472378955765,0.05810947237889072,0.43823181442789894,1,280,50,40
0.25811048255604574,0.258110482555939,0.4724331669196719,1,280,100,5
0.160166246339929,0.16016624633986326,0.419025053565922,1,280,100,10
0.18794369356116625,0.18794369356109136,0.488521582038394,1,280,100,20
0.058109472378955765,0.05810947237893124,0.4395976495061403,1,280,100,40
0.25811048255604574,0.2581104825560171,0.4673363497858115,1,280,200,5
0.160166246339929,0.1601662463399114,0.41834392819635513,1,280,200,10
0.18794369356116625,0.18794369356114612,0.48630467433065455,1,280,200,20
0.058109472378955765,0.058109472378949256,0.442520306510752,1,280,200,40
0.25811048255604574,0.2581104825560423,0.465403939620607,1,280,400,5
0.160166246339929,0.16016624633992693,0.4186261025545014,1,280,400,10
0.18794369356116625,0.18794369356116378,0.4858591468422408,1,280,400,20
0.058109472378955765,0.058109472378955,0.4445715348507131,1,280,400,40
0.25811048255604574,0.25811048255604546,0.465146288166012,1,280,800,5
0.160166246339929,0.16016624633992904,0.41870530345929247,1,280,800,10
0.18794369356116625,0.1879436935611662,0.48583013350522475,1,280,800,20
0.058109472378955765,0.05810947237895578,0.4449175903274021,1,280,800,40
0.14677222404302634,0.14677222404286924,0.32879032598272095,1,281,50,5
-0.1955747995514755,-0.19557479955126292,0.41506565509048254,1,281,50,10
0.16381745417368232,0.1638174541735015,0.6327372761449721,1,281,50,20
0.1267442848445926,0.12674428484446634,0.45147858905323246,1,281,50,40
0.14677222404302634,0.14677222404296714,0.32758931542457326,1,281,100,5
-0.1955747995514755,-0.19557479955139537,0.4262411602304349,1,281,100,10
0.16381745417368232,0.16381745417361415,0.6287351594697742,1,281,100,20
0.1267442848445926,0.12674428484454503,0.4504503232348017,1,281,100,40
0.14677222404302634,0.1467722240430105,0.3281703406846239,1,281,200,5
-0.1955747995514755,-0.19557479955145401,0.4387871050496992,1,281,200,10
0.16381745417368232,0.16381745417366408,0.6264932164456616,1,281,200,20
0.1267442848445926,0.1267442848445799,0.4514711232342079,1,281,200,40
0.14677222404302634,0.1467722240430245,0.3291064732061425,1,281,400,5
-0.1955747995514755,-0.19557479955147294,0.44568620116408625,1,281,400,10
0.16381745417368232,0.16381745417368015,0.6259797771533318,1,281,400,20
0.1267442848445926,0.12674428484459108,0.45272766506560363,1,281,400,40
0.14677222404302634,0.14677222404302637,0.3292863641926609,1,281,800,5
-0.1955747995514755,-0.19557479955147541,0.4467709008017463,1,281,800,10
0.16381745417368232,0.16381745417368232,0.6259372143606079,1,281,800,20
0.1267442848445926,0.1267442848445926,0.4529620999135255,1,281,800,40
0.031104305120698443,0.031104305120668377,0.5448846703917105,1,282,50,5
0.2570222228851029,0.25702222288484544,0.6584544839437712,1,282,50,10
0.11183881658555427,0.11183881658542817,0.4460733707397222,1,282,50,20
0.23802926671166763,0.23802926671142371,0.6808732300266603,1,282,50,40
0.031104305120698443,0.03110430512068709,0.5481707245067604,1,282,100,5
0.2570222228851029,0.25702222288500587,0.6492742082501021,1,282,100,10
0.11183881658555427,0.11183881658550676,0.4453092644247341,1,282,100,20
0.23802926671166763,0.2380292667115757,0.672600931104359,1,282,100,40
0.031104305120698443,0.03110430512069545,0.5535050567558817,1,282,200,5
0.2570222228851029,0.2570222228850768,0.6423556299456474,1,282,200,10
0.11183881658555427,0.11183881658554148,0.446144006991251,1,282,200,20
0.23802926671166763,0.23802926671164298,0.6664749567810608,1,282,200,40
0.031104305120698443,0.03110430512069808,0.5569642945791458,1,282,400,5
0.2570222228851029,0.2570222228850998,0.639633717379801,1,282,400,10
0.11183881658555427,0.11183881658555274,0.44714398878994677,1,282,400,20
0.23802926671166763,0.23802926671166474,0.6641164418670638,1,282,400,40
0.031104305120698443,0.03110430512069845,0.5575360619923571,1,282,800,5
0.2570222228851029,0.2570222228851029,0.639263198956855,1,282,800,10
0.11183881658555427,0.11183881658555425,0.4473299043545174,1,282,800,20
0.23802926671166763,0.23802926671166763,0.6637992143833035,1,282,800,40
0.0733299040634234,0.07332990406333137,0.6006746358812437,1,283,50,5
0.2738319827036661,0.2738319827033228,0.46901461585579785,1,283,50,10
0.10243375504439953,0.10243375504428359,0.42045852632046604,1,283,50,20
0.21898908572490308,0.21898908572466652,0.5581277291118235,1,283,50,40
0.0733299040634234,0.07332990406338874,0.6005980193752802,1,283,100,5
0.2738319827036661,0.27383198270353665,0.4620557030985368,1,283,100,10
0.10243375504439953,0.10243375504435584,0.4201606424986559,1,283,100,20
0.21898908572490308,0.218989085724814,0.5520688659143416,1,283,100,40
0.0733299040634234,0.07332990406341407,0.6017951588268132,1,283,200,5
0.2738319827036661,0.2738319827036314,0.45657273987532293,1,283,200,10
0.10243375504439953,0.10243375504438779,0.42143480795452065,1,283,200,20
0.21898908572490308,0.2189890857248791,0.5479017902615088,1,283,200,40
0.0733299040634234,0.07332990406342231,0.6028635780931643,1,283,400,5
0.2738319827036661,0.27383198270366205,0.4543020884943058,1,283,400,10
0.10243375504439953,0.10243375504439818,0.4226495931916974,1,283,400,20
0.21898908572490308,0.21898908572490017,0.5464523831037785,1,283,400,40
0.0733299040634234,0.0733299040634234,0.6030533128053706,1,283,800,5
0.2738319827036661,0.27383198270366604,0.45398457933617703,1,283,800,10
0.10243375504439953,0.10243375504439955,0.42286785725738973,1,283,800,20
0.21898908572490308,0.2189890857249031,0.5462691715657734,1,283,800,40
0.3384378448485857,0.33843784484820394,0.564195329803121,1,284,50,5
0.05376994239267524,0.05376994239262,0.5204053704902063,1,284,50,10
0.19424668137125978,0.19424668137101805,0.5577627538663035,1,284,50,20
0.1680700422917281,0.16807004229154576,0.522921504494556,1,284,50,40
0.3384378448485857,0.33843784484844186,0.5528684597865257,1,284,100,5
0.05376994239267524,0.053769942392654375,0.5222306274169943,1,284,100,10
0.19424668137125978,0.19424668137116877,0.5530573495809723,1,284,100,20
0.1680700422917281,0.16807004229165942,0.5194352481484279,1,284,100,40
0.3384378448485857,0.3384378448485471,0.5434444513111076,1,284,200,5
0.05376994239267524,0.053769942392669606,0.525901969165995,1,284,200,10
0.19424668137125978,0.1942466813712353,0.5497822610068316,1,284,200,20
0.1680700422917281,0.16807004229170974,0.5177525206916268,1,284,200,40
0.3384378448485857,0.3384378448485811,0.5393142316040809,1,284,400,5
0.05376994239267524,0.053769942392674484,0.5284393484589249,1,284,400,10
0.19424668137125978,0.1942466813712568,0.548622827305733,1,284,400,20
0.1680700422917281,0.16807004229172592,0.5175402361454653,1,284,400,40
0.3384378448485857,0.33843784484858563,0.5387206734881467,1,284,800,5
0.05376994239267524,0.053769942392675275,0.5288657871930249,1,284,800,10
0.19424668137125978,0.19424668137125972,0.5484745688812942,1,284,800,20
0.1680700422917281,0.16807004229172798,0.5175446844898337,1,284,800,40
0.37419828469628297,0.37419828469593086,0.69317489208576,1,285,50,5
0.2001205899787022,0.2001205899785115,0.5389035908561819,1,285,50,10
-0.017839699562097404,-0.017839699562079026,0.4842972507917818,1,285,50,20
0.17322015924309436,0.17322015924290765,0.5620655468801212,1,285,50,40
0.37419828469628297,0.3741982846961502,0.6763398280302397,1,285,100,5
0.2001205899787022,0.2001205899786303,0.5337668544763965,1,285,100,10
-0.017839699562097404,-0.0178396995620905,0.4893385143210728,1,285,100,20
0.17322015924309436,0.173220159243024,0.5580760028648724,1,285,100,40
0.37419828469628297,0.3741982846962473,0.662253957714901,1,285,200,5
0.2001205899787022,0.20012058997868293,0.530983030115413,1,285,200,10
-0.017839699562097404,-0.017839699562095516,0.49612881042572354,1,285,200,20
0.17322015924309436,0.1732201592430755,0.5559266715574898,1,285,200,40
0.37419828469628297,0.3741982846962787,0.6560465271388841,1,285,400,5
0.2001205899787022,0.20012058997869986,0.5304055195353803,1,285,400,10
-0.017839699562097404,-0.01783969956209712,0.5002242590396628,1,285,400,20
0.17322015924309436,0.17322015924309214,0.5554892483525136,1,285,400,40
0.37419828469628297,0.3741982846962829,0.6551521828445195,1,285,800,5
0.2001205899787022,0.20012058997870208,0.5303652912290291,1,285,800,10
-0.017839699562097404,-0.017839699562097334,0.5008873312823423,1,285,800,20
0.17322015924309436,0.17322015924309425,0.5554599678897874,1,285,800,40
0.33042384763409094,0.33042384763369387,0.7014440274347535,1,286,50,5
0.2745793197972921,0.2745793197969607,0.3925707731657143,1,286,50,10
0.42592500140561823,0.4259250014051244,0.5263252262257221,1,286,50,20
0.18469523275332264,0.18469523275312286,0.47152158325333277,1,286,50,40
0.33042384763409094,0.3304238476339413,0.6894207880255023,1,286,100,5
0.2745793197972921,0.2745793197971672,0.3862836716050018,1,286,100,10
0.42592500140561823,0.4259250014054321,0.5119963120571991,1,286,100,20
0.18469523275332264,0.1846952327532474,0.4677049687901196,1,286,100,40
0.33042384763409094,0.3304238476340508,0.6791331433801747,1,286,200,5
0.2745793197972921,0.2745793197972586,0.38155391128953403,1,286,200,10
0.42592500140561823,0.4259250014055683,0.4995722290983551,1,286,200,20
0.18469523275332264,0.1846952327533025,0.46571227818970645,1,286,200,40
0.33042384763409094,0.33042384763408617,0.6745018377448645,1,286,400,5
0.2745793197972921,0.2745793197972881,0.37969713408541655,1,286,400,10
0.42592500140561823,0.4259250014056123,0.4939105379446932,1,286,400,20
0.18469523275332264,0.18469523275332025,0.46534900904484333,1,286,400,40
0.33042384763409094,0.3304238476340908,0.6738281091453326,1,286,800,5
0.2745793197972921,0.274579319797292,0.3794446788362103,1,286,800,10
0.42592500140561823,0.4259250014056181,0.49308247129777505,1,286,800,20
0.18469523275332264,0.18469523275332256,0.4653307516598223,1,286,800,40
0.4730628061678769,0.4730628061673835,0.5098532217186684,1,287,50,5
0.08082382529107307,0.08082382529099277,0.5090533206843819,1,287,50,10
0.15012913713631904,0.1501291371361673,0.3586236312045872,1,287,50,20
0.1910756181572803,0.19107561815707105,0.4876539909672619,1,287,50,40
0.4730628061678769,0.473062806167691,0.4923717518964701,1,287,100,5
0.08082382529107307,0.0808238252910428,0.5098472638137095,1,287,100,10
0.15012913713631904,0.15012913713626186,0.35722557223314766,1,287,100,20
0.1910756181572803,0.19107561815720142,0.4834413277746804,1,287,100,40
0.4730628061678769,0.47306280616782703,0.47723786951830166,1,287,200,5
0.08082382529107307,0.08082382529106498,0.5126447772347118,1,287,200,10
0.15012913713631904,0.15012913713630366,0.3578293340446976,1,287,200,20
0.1910756181572803,0.1910756181572591,0.4810207971594763,1,287,200,40
0.4730628061678769,0.4730628061678711,0.47035110866824287,1,287,400,5
0.08082382529107307,0.08082382529107218,0.5147923865613113,1,287,400,10
0.15012913713631904,0.15012913713631723,0.3588559373586785,1,287,400,20
0.1910756181572803,0.1910756181572779,0.4804276176710599,1,287,400,40
0.4730628061678769,0.4730628061678769,0.46934449290480373,1,287,800,5
0.08082382529107307,0.08082382529107306,0.5151623583949685,1,287,800,10
0.15012913713631904,0.15012913713631892,0.35905418830817176,1,287,800,20
0.1910756181572803,0.19107561815728022,0.4803734974010453,1,287,800,40
0.17220167928811952,0.17220167928794267,0.48833767731300876,1,288,50,5
-0.057754105221457686,-0.05775410522139453,0.3511515192792256,1,288,50,10
0.3553965152644646,0.3553965152640188,0.6468181826426489,1,288,50,20
0.1118769742625068,0.1118769742623836,0.5525224235218094,1,288,50,40
0.17220167928811952,0.17220167928805294,0.4849517584974511,1,288,100,5
-0.057754105221457686,-0.057754105221433816,0.356935765023281,1,288,100,10
0.3553965152644646,0.3553965152642965,0.6346789745660589,1,288,100,20
0.1118769742625068,0.11187697426246038,0.5513270555613309,1,288,100,40
0.17220167928811952,0.1722016792881017,0.48356174798343,1,288,200,5
-0.057754105221457686,-0.05775410522145133,0.36423019929975464,1,288,200,10
0.3553965152644646,0.3553965152644196,0.6241644787323278,1,288,200,20
0.1118769742625068,0.11187697426249442,0.5518182391911048,1,288,200,40
0.17220167928811952,0.17220167928811747,0.48356798370351817,1,288,400,5
-0.057754105221457686,-0.057754105221456895,0.368497420684633,1,288,400,10
0.3553965152644646,0.3553965152644593,0.6193775324689632,1,288,400,20
0.1118769742625068,0.1118769742625053,0.5526742286120039,1,288,400,40
0.17220167928811952,0.17220167928811952,0.4836098414953122,1,288,800,5
-0.057754105221457686,-0.0577541052214577,0.3691819056748805,1,288,800,10
0.3553965152644646,0.3553965152644644,0.618677694745984,1,288,800,20
0.1118769742625068,0.11187697426250676,0.5528398886828085,1,288,800,40
0.3470471589098585,0.34704715890947974,0.449609640598369,1,289,50,5
0.08164193861314668,0.08164193861305952,0.6479887558156148,1,289,50,10
0.2285241940361438,0.22852419403586915,0.5598393437221221,1,289,50,20
0.2672786445046683,0.26727864450435657,0.5079326827777573,1,289,50,40
0.3470471589098585,0.3470471589097157,0.43928023541232153,1,289,100,5
0.08164193861314668,0.08164193861311381,0.6479428448183622,1,289,100,10
0.2285241940361438,0.22852419403604027,0.553644691500448,1,289,100,20
0.2672786445046683,0.2672786445045508,0.5005160691445699,1,289,100,40
0.3470471589098585,0.3470471589098203,0.43093145213810596,1,289,200,5
0.08164193861314668,0.08164193861313786,0.6496520373832578,1,289,200,10
0.2285241940361438,0.22852419403611607,0.5490158923307975,1,289,200,20
0.2672786445046683,0.2672786445046368,0.4947872344828296,1,289,200,40
0.3470471589098585,0.34704715890985405,0.4273782647738618,1,289,400,5
0.08164193861314668,0.08164193861314573,0.6511546767324901,1,289,400,10
0.2285241940361438,0.22852419403614055,0.5472137313738052,1,289,400,20
0.2672786445046683,0.2672786445046646,0.49246701775480983,1,289,400,40
0.3470471589098585,0.3470471589098585,0.426874674252586,1,289,800,5
0.08164193861314668,0.0816419386131467,0.651420777804407,1,289,800,10
0.2285241940361438,0.2285241940361437,0.5469698151821905,1,289,800,20
0.2672786445046683,0.26727864450466826,0.49214625862000283,1,289,800,40
0.36045954074835185,0.36045954074794,0.5463139173631836,1,290,50,5
0.29218513855565925,0.292185138555366,0.5173991473406055,1,290,50,10
0.16925643758121856,0.16925643758101028,0.5963631972362617,1,290,50,20
0.19997658319283027,0.1999765831925583,0.4957518831763438,1,290,50,40
0.36045954074835185,0.3604595407481966,0.53436214510859,1,290,100,5
0.29218513855565925,0.29218513855554873,0.5080650656854427,1,290,100,10
0.16925643758121856,0.16925643758114003,0.5924119277029638,1,290,100,20
0.19997658319283027,0.19997658319272776,0.49142465077591047,1,290,100,40
0.36045954074835185,0.3604595407483103,0.524290343328178,1,290,200,5
0.29218513855565925,0.29218513855562966,0.5009895378763122,1,290,200,10
0.16925643758121856,0.1692564375811975,0.589897354912666,1,290,200,20
0.19997658319283027,0.19997658319280281,0.48830591864666256,1,290,200,40
0.36045954074835185,0.36045954074834696,0.5198210735922915,1,290,400,5
0.29218513855565925,0.29218513855565575,0.4981863411947136,1,290,400,10
0.16925643758121856,0.16925643758121608,0.5891286163109339,1,290,400,20
0.19997658319283027,0.19997658319282705,0.48714675080641223,1,290,400,40
0.36045954074835185,0.36045954074835185,0.5191751199553349,1,290,800,5
0.29218513855565925,0.2921851385556591,0.49780330947318696,1,290,800,10
0.16925643758121856,0.1692564375812186,0.5890403246411093,1,290,800,20
0.19997658319283027,0.19997658319283015,0.48699398736588473,1,290,800,40
0.006449838064970986,0.0064498380649629095,0.5309018558256414,1,291,50,5
0.2260036826196197,0.22600368261937948,0.4900198628984043,1,291,50,10
0.12907214887808038,0.1290721488779563,0.484378013519678,1,291,50,20
0.2547133617341889,0.2547133617339607,0.44806058559708467,1,291,50,40
0.006449838064970986,0.0064498380649680165,0.5335328247681661,1,291,100,5
0.2260036826196197,0.22600368261952916,0.4842457586546597,1,291,100,10
0.12907214887808038,0.1290721488780336,0.4831633237612071,1,291,100,20
0.2547133617341889,0.25471336173410286,0.4411281579526208,1,291,100,40
0.006449838064970986,0.006449838064970209,0.5373648774590589,1,291,200,5
0.2260036826196197,0.22600368261959547,0.48041121583752494,1,291,200,10
0.12907214887808038,0.12907214887806784,0.4841495515160287,1,291,200,20
0.2547133617341889,0.2547133617341659,0.43689100281269455,1,291,200,40
0.006449838064970986,0.0064498380649708476,0.5397529073414065,1,291,400,5
0.2260036826196197,0.2260036826196168,0.47914877893416086,1,291,400,10
0.12907214887808038,0.12907214887807886,0.4854429212875616,1,291,400,20
0.2547133617341889,0.25471336173418624,0.43569409584213203,1,291,400,40
0.006449838064970986,0.006449838064970931,0.5401432546096105,1,291,800,5
0.2260036826196197,0.22600368261961962,0.4789951814294674,1,291,800,10
0.12907214887808038,0.12907214887808033,0.4856861083761825,1,291,800,20
0.2547133617341889,0.2547133617341888,0.43556602144381606,1,291,800,40
0.1901009502367791,0.19010095023657042,0.6153497008732823,1,292,50,5
0.27120478794782804,0.2712047879475536,0.5701713309333853,1,292,50,10
0.2712757499054687,0.2712757499051842,0.46224537673006255,1,292,50,20
0.07932335317198719,0.07932335317190405,0.2655823733721615,1,292,50,40
0.1901009502367791,0.19010095023670043,0.6102125203029397,1,292,100,5
0.27120478794782804,0.2712047879477246,0.5612602580877657,1,292,100,10
0.2712757499054687,0.2712757499053614,0.454763431184477,1,292,100,20
0.07932335317198719,0.07932335317195585,0.26715610219844216,1,292,100,40
0.1901009502367791,0.190100950236758,0.6068861639693585,1,292,200,5
0.27120478794782804,0.27120478794780034,0.5545627428598907,1,292,200,10
0.2712757499054687,0.27127574990544,0.44931793270282094,1,292,200,20
0.07932335317198719,0.07932335317197871,0.27050939156082787,1,292,200,40
0.1901009502367791,0.19010095023677653,0.6058370737459265,1,292,400,5
0.27120478794782804,0.2712047879478248,0.5519364575950841,1,292,400,10
0.2712757499054687,0.2712757499054652,0.44726752179981477,1,292,400,20
0.07932335317198719,0.07932335317198616,0.272860468306056,1,292,400,40
0.1901009502367791,0.1901009502367791,0.6057135125970154,1,292,800,5
0.27120478794782804,0.271204787947828,0.5515795982023688,1,292,800,10
0.2712757499054687,0.27127574990546865,0.44699522950412274,1,292,800,20
0.07932335317198719,0.07932335317198709,0.2732570110099704,1,292,800,40
0.3745494260391069,0.3745494260386753,0.5936426496086401,1,293,50,5
0.19741890137135626,0.19741890137114987,0.7152106214130145,1,293,50,10
0.07174986926919584,0.07174986926912755,0.4359523866981597,1,293,50,20
0.16890925196708118,0.16890925196689624,0.3995647351909164,1,293,50,40
0.3745494260391069,0.37454942603894426,0.5804942507403054,1,293,100,5
0.19741890137135626,0.19741890137127854,0.708895412053076,1,293,100,10
0.07174986926919584,0.07174986926917012,0.4376980910659919,1,293,100,20
0.16890925196708118,0.16890925196701145,0.3969499733130839,1,293,100,40
0.3745494260391069,0.3745494260390633,0.5692346400746606,1,293,200,5
0.19741890137135626,0.1974189013713354,0.7045961724433083,1,293,200,10
0.07174986926919584,0.07174986926918897,0.4416042782242486,1,293,200,20
0.16890925196708118,0.16890925196706244,0.39608083480292805,1,293,200,40
0.3745494260391069,0.37454942603910174,0.5641619042586727,1,293,400,5
0.19741890137135626,0.19741890137135382,0.7031238240091026,1,293,400,10
0.07174986926919584,0.07174986926919505,0.4443744023229488,1,293,400,20
0.16890925196708118,0.16890925196707895,0.3962632844896475,1,293,400,40
0.3745494260391069,0.3745494260391068,0.5634237089025267,1,293,800,5
0.19741890137135626,0.19741890137135623,0.7029396438589119,1,293,800,10
0.07174986926919584,0.07174986926919578,0.4448429295947995,1,293,800,20
0.16890925196708118,0.16890925196708112,0.3963270007480913,1,293,800,40
0.24103476924151368,0.24103476924122036,0.45676584471936976,1,294,50,5
0.19200941719279463,0.19200941719258197,0.42636144003240856,1,294,50,10
0.24035886963719966,0.24035886963691191,0.511938364919123,1,294,50,20
0.1369665244468975,0.13696652444674312,0.4692768987329802,1,294,50,40
0.24103476924151368,0.24103476924140313,0.45102910320159684,1,294,100,5
0.19200941719279463,0.19200941719271453,0.42262614778972485,1,294,100,10
0.24035886963719966,0.2403588696370912,0.5056661459483075,1,294,100,20
0.1369665244468975,0.13696652444683932,0.46739924411110056,1,294,100,40
0.24103476924151368,0.2410347692414841,0.44681112588933114,1,294,200,5
0.19200941719279463,0.19200941719277317,0.4206312854758072,1,294,200,10
0.24035886963719966,0.2403588696371706,0.5009727471954515,1,294,200,20
0.1369665244468975,0.13696652444688193,0.46715213041804826,1,294,200,40
0.24103476924151368,0.24103476924151027,0.4452018816530315,1,294,400,5
0.19200941719279463,0.19200941719279213,0.420236949551554,1,294,400,10
0.24035886963719966,0.2403588696371962,0.4991422469915221,1,294,400,20
0.1369665244468975,0.1369665244468957,0.46761096487423365,1,294,400,40
0.24103476924151368,0.24103476924151349,0.4449865461601019,1,294,800,5
0.19200941719279463,0.19200941719279457,0.42021222313985895,1,294,800,10
0.24035886963719966,0.24035886963719968,0.49889425630960527,1,294,800,20
0.1369665244468975,0.1369665244468975,0.4677146517694236,1,294,800,40
0.12481582799549516,0.12481582799537233,0.5078082888386919,1,295,50,5
0.24074468229927304,0.24074468229901697,0.6304247795714027,1,295,50,10
0.1948280974949747,0.19482809749479177,0.4488623663390572,1,295,50,20
0.2896449580677338,0.2896449580674556,0.4246631250453919,1,295,50,40
0.12481582799549516,0.12481582799544888,0.5065745741719688,1,295,100,5
0.24074468229927304,0.2407446822991765,0.6226256715857295,1,295,100,10
0.1948280974949747,0.19482809749490576,0.44486147597284004,1,295,100,20
0.2896449580677338,0.2896449580676289,0.41656013937208003,1,295,100,40
0.12481582799549516,0.1248158279954827,0.50744486048511,1,295,200,5
0.24074468229927304,0.24074468229924717,0.6168224000299168,1,295,200,10
0.1948280974949747,0.19482809749495625,0.4432484799983219,1,295,200,20
0.2896449580677338,0.28964495806770574,0.41086407386794693,1,295,200,40
0.12481582799549516,0.12481582799549365,0.5086442437214876,1,295,400,5
0.24074468229927304,0.24074468229927004,0.6145746985213286,1,295,400,10
0.1948280974949747,0.19482809749497246,0.4432814788241093,1,295,400,20
0.2896449580677338,0.28964495806773044,0.40881862093061655,1,295,400,40
0.12481582799549516,0.12481582799549516,0.5088710503831555,1,295,800,5
0.24074468229927304,0.24074468229927298,0.6142713584019703,1,295,800,10
0.1948280974949747,0.1948280974949747,0.44333546855009476,1,295,800,20
0.2896449580677338,0.2896449580677337,0.40855468018199625,1,295,800,40
0.22797176310714767,0.22797176310686768,0.5342306954907656,1,296,50,5
0.16874299530941028,0.16874299530922057,0.3981430495339453,1,296,50,10
0.2031091175302064,0.20310911752996968,0.49124991825827835,1,296,50,20
0.27411194918623916,0.27411194918593274,0.5570845667616471,1,296,50,40
0.22797176310714767,0.22797176310704223,0.528335319293854,1,296,100,5
0.16874299530941028,0.16874299530933873,0.3955193466579875,1,296,100,10
0.2031091175302064,0.20310911753011718,0.4865759475614446,1,296,100,20
0.27411194918623916,0.27411194918612364,0.5486639416079757,1,296,100,40
0.22797176310714767,0.22797176310711936,0.5239388892277047,1,296,200,5
0.16874299530941028,0.16874299530939108,0.3945554620529851,1,296,200,10
0.2031091175302064,0.2031091175301825,0.48351129467818343,1,296,200,20
0.27411194918623916,0.2741119491862083,0.5420898486240144,1,296,200,40
0.22797176310714767,0.22797176310714426,0.522231396050218,1,296,400,5
0.16874299530941028,0.16874299530940795,0.39465873673950913,1,296,400,10
0.2031091175302064,0.2031091175302036,0.4825235593234737,1,296,400,20
0.27411194918623916,0.2741119491862355,0.5393949078753276,1,296,400,40
0.22797176310714767,0.22797176310714762,0.5220006073344906,1,296,800,5
0.16874299530941028,0.16874299530941023,0.3947085687068475,1,296,800,10
0.2031091175302064,0.20310911753020627,0.4824052653003911,1,296,800,20
0.27411194918623916,0.27411194918623905,0.5390200121463499,1,296,800,40
0.1345374227120686,0.1345374227119423,0.3836096507401017,1,297,50,5
0.23787738456433583,0.2378773845640922,0.470977701869542,1,297,50,10
0.017212369248761423,0.017212369248742955,0.48218183708442175,1,297,50,20
0.09559099835476491,0.09559099835465887,0.4557633647515341,1,297,50,40
0.1345374227120686,0.134537422712021,0.38293334626627284,1,297,100,5
0.23787738456433583,0.23787738456424407,0.46480201251590436,1,297,100,10
0.017212369248761423,0.017212369248754477,0.48538058172260257,1,297,100,20
0.09559099835476491,0.09559099835472493,0.45564359072448396,1,297,100,40
0.1345374227120686,0.13453742271205585,0.38455019043079736,1,297,200,5
0.23787738456433583,0.2378773845643113,0.46071500469512994,1,297,200,10
0.017212369248761423,0.01721236924875961,0.4902286983084743,1,297,200,20
0.09559099835476491,0.09559099835475415,0.45715362337053045,1,297,200,40
0.1345374227120686,0.1345374227120671,0.3861987170010366,1,297,400,5
0.23787738456433583,0.2378773845643329,0.4593771348902774,1,297,400,10
0.017212369248761423,0.017212369248761197,0.4932964915933925,1,297,400,20
0.09559099835476491,0.0955909983547637,0.4585095925125551,1,297,400,40
0.1345374227120686,0.13453742271206862,0.3864981874125698,1,297,800,5
0.23787738456433583,0.23787738456433571,0.4592150406026403,1,297,800,10
0.017212369248761423,0.017212369248761447,0.4938001333323316,1,297,800,20
0.09559099835476491,0.09559099835476487,0.4587506629065004,1,297,800,40
0.2510700758784218,0.2510700758781462,0.4029759417923051,1,298,50,5
-0.00391292437630783,-0.00391292437630314,0.5290826268857292,1,298,50,10
0.3762442792190609,0.3762442792186186,0.6586722101526047,1,298,50,20
0.2531897350926129,0.25318973509236237,0.3953087480916468,1,298,50,40
0.2510700758784218,0.251070075878318,0.3971661332960417,1,298,100,5
-0.00391292437630783,-0.0039129243763061095,0.532377928577109,1,298,100,10
0.3762442792190609,0.37624427921889425,0.6447955260352968,1,298,100,20
0.2531897350926129,0.25318973509251846,0.3893121869686814,1,298,100,40
0.2510700758784218,0.25107007587839403,0.393187380676789,1,298,200,5
-0.00391292437630783,-0.003912924376307331,0.5369743851758614,1,298,200,10
0.3762442792190609,0.37624427921901615,0.6327700518951781,1,298,200,20
0.2531897350926129,0.25318973509258763,0.38553358087008216,1,298,200,40
0.2510700758784218,0.25107007587841845,0.39181236206496245,1,298,400,5
-0.00391292437630783,-0.0039129243763078025,0.5397887119288736,1,298,400,10
0.3762442792190609,0.3762442792190556,0.6272926962773689,1,298,400,20
0.2531897350926129,0.25318973509260995,0.38439959932901524,1,298,400,40
0.2510700758784218,0.25107007587842173,0.39163929873607906,1,298,800,5
-0.00391292437630783,-0.003912924376307747,0.5402463984781356,1,298,800,10
0.3762442792190609,0.3762442792190608,0.6264917622277841,1,298,800,20
0.2531897350926129,0.25318973509261294,0.3842713803095646,1,298,800,40
0.18354432457443534,0.18354432457424086,0.427885913239314,1,299,50,5
0.3682332264337108,0.36823322643332507,0.4177140863062941,1,299,50,10
0.23180454674674159,0.23180454674651088,0.5445300744756861,1,299,50,20
0.3607411881533714,0.36074118815300704,0.6094118520304774,1,299,50,40
0.18354432457443534,0.18354432457436207,0.42448561658916023,1,299,100,5
0.3682332264337108,0.3682332264335655,0.4067349187127838,1,299,100,10
0.23180454674674159,0.23180454674665452,0.5377997701471191,1,299,100,20
0.3607411881533714,0.3607411881532341,0.5953854775299541,1,299,100,40
0.18354432457443534,0.18354432457441577,0.42296815764559903,1,299,200,5
0.3682332264337108,0.3682332264336719,0.397898250949978,1,299,200,10
0.23180454674674159,0.23180454674671827,0.5332860798072321,1,299,200,20
0.3607411881533714,0.36074118815333456,0.5837282847134212,1,299,200,40
0.18354432457443534,0.18354432457443298,0.42286873397432345,1,299,400,5
0.3682332264337108,0.36823322643370626,0.39415397631273064,1,299,400,10
0.23180454674674159,0.23180454674673878,0.531776199748311,1,299,400,20
0.3607411881533714,0.3607411881533671,0.5786248637447232,1,299,400,40
0.18354432457443534,0.18354432457443523,0.4228920925601642,1,299,800,5
0.3682332264337108,0.36823322643371087,0.393624437685975,1,299,800,10
0.23180454674674159,0.23180454674674147,0.5315903833959975,1,299,800,20
0.3607411881533714,0.3607411881533713,0.5778918137306904,1,299,800,40
0.20325734661526368,0.20325734661507583,0.627984000021697,1,300,50,5
0.16031161628818513,0.1603116162880151,0.36467985192468794,1,300,50,10
0.4260475943003543,0.4260475942999259,0.5379947710549785,1,300,50,20
0.3203237312781463,0.3203237312777991,0.5705694384062202,1,300,50,40
0.20325734661526368,0.20325734661519287,0.621845244465218,1,300,100,5
0.16031161628818513,0.16031161628812107,0.3627208026945342,1,300,100,10
0.4260475943003543,0.4260475943001929,0.5217669517087669,1,300,100,20
0.3203237312781463,0.3203237312780154,0.559686260435491,1,300,100,40
0.20325734661526368,0.2032573466152447,0.6182278487282533,1,300,200,5
0.16031161628818513,0.16031161628816792,0.3625987560888596,1,300,200,10
0.4260475943003543,0.4260475943003111,0.5079899022572869,1,300,200,20
0.3203237312781463,0.3203237312781112,0.5508237199783391,1,300,200,40
0.20325734661526368,0.20325734661526146,0.617285061234469,1,300,400,5
0.16031161628818513,0.16031161628818308,0.36319554251665465,1,300,400,10
0.4260475943003543,0.42604759430034916,0.5018331160341847,1,300,400,20
0.3203237312781463,0.3203237312781421,0.5470225075628945,1,300,400,40
0.20325734661526368,0.20325734661526357,0.6171923418578452,1,300,800,5
0.16031161628818513,0.1603116162881851,0.3633245882048505,1,300,800,10
0.4260475943003543,0.42604759430035416,0.5009404123627402,1,300,800,20
0.3203237312781463,0.3203237312781462,0.546481751402375,1,300,800,40
0.1604811548353342,0.16048115483515538,0.46598287302741437,1,301,50,5
0.2539604809822707,0.2539604809819805,0.4590857655927345,1,301,50,10
0.14867884344845972,0.14867884344826438,0.4625712004083875,1,301,50,20
-0.048854143304045604,-0.04885414330398128,0.43902286971957916,1,301,50,40
0.1604811548353342,0.16048115483526684,0.46319448416852665,1,301,100,5
0.2539604809822707,0.2539604809821614,0.4526444504992023,1,301,100,10
0.14867884344845972,0.1486788434483861,0.4601663892392238,1,301,100,20
-0.048854143304045604,-0.04885414330402134,0.4432028241846997,1,301,100,40
0.1604811548353342,0.16048115483531616,0.46209910455741965,1,301,200,5
0.2539604809822707,0.2539604809822414,0.44792392053747104,1,301,200,10
0.14867884344845972,0.1486788434484399,0.4589915798061033,1,301,200,20
-0.048854143304045604,-0.04885414330403912,0.4484163652688062,1,301,200,40
0.1604811548353342,0.1604811548353321,0.4621471319210838,1,301,400,5
0.2539604809822707,0.2539604809822672,0.4461305011290203,1,301,400,10
0.14867884344845972,0.1486788434484575,0.45883291402060955,1,301,400,20
-0.048854143304045604,-0.04885414330404485,0.4514498417152024,1,301,400,40
0.1604811548353342,0.1604811548353342,0.4621891828081392,1,301,800,5
0.2539604809822707,0.25396048098227064,0.4458910988003493,1,301,800,10
0.14867884344845972,0.14867884344845972,0.4588338207479322,1,301,800,20
-0.048854143304045604,-0.04885414330404563,0.4519356082578367,1,301,800,40
0.09406225281340802,0.0940622528132942,0.668115703130258,1,302,50,5
0.31213742035774333,0.3121374203574502,0.6092445996270666,1,302,50,10
0.37657851490123545,0.3765785149008215,0.5319191887263962,1,302,50,20
0.10111919651585785,0.10111919651574841,0.5413966841836966,1,302,50,40
0.09406225281340802,0.0940622528133651,0.6670666331386417,1,302,100,5
0.31213742035774333,0.3121374203576328,0.5972259928388008,1,302,100,10
0.37657851490123545,0.3765785149010794,0.5191088957953478,1,302,100,20
0.10111919651585785,0.10111919651581659,0.540775876825778,1,302,100,40
0.09406225281340802,0.09406225281339649,0.667415061152431,1,302,200,5
0.31213742035774333,0.31213742035771364,0.5878271233597501,1,302,200,10
0.37657851490123545,0.37657851490119354,0.5083268447457769,1,302,200,20
0.10111919651585785,0.10111919651584692,0.541883495311281,1,302,200,40
0.09406225281340802,0.09406225281340667,0.6680944308313626,1,302,400,5
0.31213742035774333,0.3121374203577398,0.5839669577809519,1,302,400,10
0.37657851490123545,0.3765785149012305,0.5035480410476513,1,302,400,20
0.10111919651585785,0.10111919651585657,0.5430693307562222,1,302,400,40
0.09406225281340802,0.09406225281340803,0.6682271174565376,1,302,800,5
0.31213742035774333,0.3121374203577432,0.5834294503278012,1,302,800,10
0.37657851490123545,0.37657851490123545,0.5028577200394819,1,302,800,20
0.10111919651585785,0.10111919651585788,0.5432863657587954,1,302,800,40
0.02070896715392463,0.020708967153900637,0.38892091161563985,1,303,50,5
0.21493771787960203,0.21493771787934085,0.40069685734776594,1,303,50,10
-0.08122425320632552,-0.08122425320624105,0.35213750764272955,1,303,50,20
0.21749329180728047,0.21749329180707455,0.4376795923713527,1,303,50,40
0.02070896715392463,0.02070896715391557,0.39156026522300336,1,303,100,5
0.21493771787960203,0.2149377178795036,0.39641255112634516,1,303,100,10
-0.08122425320632552,-0.08122425320629367,0.3592748969156267,1,303,100,20
0.21749329180728047,0.21749329180720284,0.4327252674701087,1,303,100,40
0.02070896715392463,0.020708967153922224,0.3956167491304041,1,303,200,5
0.21493771787960203,0.21493771787957566,0.39360919327936456,1,303,200,10
-0.08122425320632552,-0.08122425320631702,0.36805911061484786,1,303,200,20
0.21749329180728047,0.2174932918072596,0.430148907831712,1,303,200,40
0.02070896715392463,0.020708967153924417,0.3981969166241919,1,303,400,5
0.21493771787960203,0.2149377178795988,0.39270884578941057,1,303,400,10
-0.08122425320632552,-0.08122425320632455,0.3731362072889037,1,303,400,20
0.21749329180728047,0.217493291807278,0.4296863413741133,1,303,400,40
0.02070896715392463,0.020708967153924646,0.3986211177846837,1,303,800,5
0.21493771787960203,0.21493771787960192,0.3926013047333931,1,303,800,10
-0.08122425320632552,-0.08122425320632554,0.37394752694045236,1,303,800,20
0.21749329180728047,0.2174932918072804,0.4296642304876189,1,303,800,40
0.14331603422346836,0.14331603422332098,0.6045142116616422,1,304,50,5
0.20207311556067292,0.2020731155604642,0.5601185259298911,1,304,50,10
-0.03466772628675423,-0.03466772628671583,0.58541616699581,1,304,50,20
0.2183796063553787,0.21837960635514697,0.38577563879386045,1,304,50,40
0.14331603422346836,0.1433160342234128,0.6017128327106741,1,304,100,5
0.20207311556067292,0.20207311556059424,0.5547586884761244,1,304,100,10
-0.03466772628675423,-0.03466772628673979,0.5906408059869633,1,304,100,20
0.2183796063553787,0.21837960635529133,0.38138680520515766,1,304,100,40
0.14331603422346836,0.14331603422345343,0.6008869352826247,1,304,200,5
0.20207311556067292,0.20207311556065188,0.5514303473827746,1,304,200,10
-0.03466772628675423,-0.03466772628675042,0.5973500106031925,1,304,200,20
0.2183796063553787,0.21837960635535525,0.37890344787985153,1,304,200,40
0.14331603422346836,0.14331603422346662,0.601173941964516,1,304,400,5
0.20207311556067292,0.20207311556067045,0.5504594207604432,1,304,400,10
-0.03466772628675423,-0.03466772628675381,0.6013091538639821,1,304,400,20
0.2183796063553787,0.21837960635537587,0.3783188497092522,1,304,400,40
0.14331603422346836,0.1433160342234683,0.6012583819581265,1,304,800,5
0.20207311556067292,0.2020731155606728,0.5503523528764765,1,304,800,10
-0.03466772628675423,-0.0346677262867542,0.6019459307777455,1,304,800,20
0.2183796063553787,0.21837960635537856,0.3782683664784262,1,304,800,40
0.19779295665233554,0.19779295665214863,0.3520672034358615,1,305,50,5
0.297318140626036,0.29731814062573747,0.472777539990552,1,305,50,10
0.1968357351583983,0.19683573515818603,0.5630089658138691,1,305,50,20
0.06822058462106229,0.06822058462097991,0.5982124575036216,1,305,50,40
0.19779295665233554,0.19779295665226504,0.34896202183389124,1,305,100,5
0.297318140626036,0.2973181406259235,0.46380702860558165,1,305,100,10
0.1968357351583983,0.19683573515831826,0.5579261640340608,1,305,100,20
0.06822058462106229,0.06822058462103121,0.5984699852497403,1,305,100,40
0.19779295665233554,0.19779295665231664,0.3481909982026056,1,305,200,5
0.297318140626036,0.29731814062600587,0.4570828396160268,1,305,200,10
0.1968357351583983,0.19683573515837688,0.5547123590560651,1,305,200,20
0.06822058462106229,0.0682205846210539,0.6000943879991456,1,305,200,40
0.19779295665233554,0.1977929566523333,0.348634722916479,1,305,400,5
0.297318140626036,0.29731814062603246,0.45445468771944153,1,305,400,10
0.1968357351583983,0.1968357351583958,0.553741622654438,1,305,400,20
0.06822058462106229,0.06822058462106134,0.6014144274964632,1,305,400,40
0.19779295665233554,0.1977929566523355,0.34875051515944855,1,305,800,5
0.297318140626036,0.29731814062603595,0.45409821390600513,1,305,800,10
0.1968357351583983,0.1968357351583982,0.5536312537488557,1,305,800,20
0.06822058462106229,0.06822058462106224,0.6016446068292746,1,305,800,40
0.21771514460083918,0.2177151446005961,0.5602319704048995,1,306,50,5
0.05640946314152956,0.056409463141475415,0.5770716106627842,1,306,50,10
0.3325573107112773,0.33255731071096006,0.5370949022068162,1,306,50,20
-0.009304979134455577,-0.00930497913444632,0.4893867671423362,1,306,50,40
0.21771514460083918,0.2177151446007475,0.5542906436635906,1,306,100,5
0.05640946314152956,0.05640946314150909,0.5790726576623026,1,306,100,10
0.3325573107112773,0.3325573107111577,0.5251392177150055,1,306,100,20
-0.009304979134455577,-0.009304979134452107,0.49433170831061873,1,306,100,40
0.21771514460083918,0.2177151446008146,0.5501279253589226,1,306,200,5
0.05640946314152956,0.056409463141524126,0.5831915795676879,1,306,200,10
0.3325573107112773,0.33255731071124517,0.5157308307726224,1,306,200,20
-0.009304979134455577,-0.009304979134454633,0.5011446099310934,1,306,200,40
0.21771514460083918,0.21771514460083624,0.5486401348488654,1,306,400,5
0.05640946314152956,0.05640946314152895,0.5860550624213787,1,306,400,10
0.3325573107112773,0.3325573107112735,0.5118398130838004,1,306,400,20
-0.009304979134455577,-0.009304979134455368,0.5052942748531326,1,306,400,40
0.21771514460083918,0.21771514460083907,0.5484487253841407,1,306,800,5
0.05640946314152956,0.0564094631415296,0.5865370146563359,1,306,800,10
0.3325573107112773,0.33255731071127714,0.5112960960178159,1,306,800,20
-0.009304979134455577,-0.009304979134455618,0.5059680876928389,1,306,800,40
0.1523793258608778,0.1523793258607322,0.47061984861748857,1,307,50,5
0.12171268303686544,0.12171268303671552,0.4353780860277185,1,307,50,10
0.1570039352149179,0.15700393521473943,0.7284415633887376,1,307,50,20
0.13497484600880796,0.13497484600867513,0.4745857226385213,1,307,50,40
0.1523793258608778,0.1523793258608229,0.46841204585686147,1,307,100,5
0.12171268303686544,0.12171268303680893,0.4341051141842392,1,307,100,10
0.1570039352149179,0.15700393521485068,0.7242473410942969,1,307,100,20
0.13497484600880796,0.1349748460087578,0.4730789905376238,1,307,100,40
0.1523793258608778,0.152379325860863,0.4684620584244211,1,307,200,5
0.12171268303686544,0.12171268303685023,0.4341896043129252,1,307,200,10
0.1570039352149179,0.15700393521489978,0.7217237246795811,1,307,200,20
0.13497484600880796,0.1349748460087945,0.47368426320122053,1,307,200,40
0.1523793258608778,0.15237932586087605,0.4692977055362941,1,307,400,5
0.12171268303686544,0.12171268303686364,0.4347198124393655,1,307,400,10
0.1570039352149179,0.1570039352149157,0.7210342940678385,1,307,400,20
0.13497484600880796,0.13497484600880644,0.47475117218329976,1,307,400,40
0.1523793258608778,0.15237932586087782,0.4694719572157019,1,307,800,5
0.12171268303686544,0.12171268303686544,0.4348288341079185,1,307,800,10
0.1570039352149179,0.15700393521491787,0.7209629421993989,1,307,800,20
0.13497484600880796,0.13497484600880788,0.4749578540871823,1,307,800,40
0.06714717389074423,0.06714717389064812,0.43787627383572747,1,308,50,5
0.17444163136309096,0.17444163136289742,0.4842720912367774,1,308,50,10
0.27482508198269273,0.27482508198235645,0.5615415700225669,1,308,50,20
0.14781884090521952,0.14781884090504158,0.5286233055097775,1,308,50,40
0.06714717389074423,0.06714717389070803,0.4380625746721433,1,308,100,5
0.17444163136309096,0.17444163136301796,0.4807845610013043,1,308,100,10
0.27482508198269273,0.27482508198256606,0.5535044161832463,1,308,100,20
0.14781884090521952,0.1478188409051525,0.5259146411994094,1,308,100,40
0.06714717389074423,0.06714717389073446,0.4392209535332753,1,308,200,5
0.17444163136309096,0.17444163136307142,0.479024853403214,1,308,200,10
0.27482508198269273,0.2748250819826587,0.5470377711881238,1,308,200,20
0.14781884090521952,0.14781884090520162,0.5246651228701624,1,308,200,40
0.06714717389074423,0.0671471738907431,0.44016133508716393,1,308,400,5
0.17444163136309096,0.1744416313630886,0.47874609063642126,1,308,400,10
0.27482508198269273,0.2748250819826887,0.5442986682870651,1,308,400,20
0.14781884090521952,0.14781884090521752,0.5245505192971383,1,308,400,40
0.06714717389074423,0.06714717389074423,0.44032527810512223,1,308,800,5
0.17444163136309096,0.17444163136309088,0.47873880619379466,1,308,800,10
0.27482508198269273,0.2748250819826926,0.5439113523752597,1,308,800,20
0.14781884090521952,0.14781884090521946,0.5245628701935308,1,308,800,40
0.21644075924973516,0.21644075924951223,0.5014725386696255,1,309,50,5
-0.07281048186337641,-0.07281048186328812,0.48536140612297174,1,309,50,10
0.029015587838544854,0.02901558783850977,0.45538067480908884,1,309,50,20
0.3571000193032454,0.3571000193028238,0.46221210686932784,1,309,50,40
0.21644075924973516,0.21644075924965114,0.495963698951216,1,309,100,5
-0.07281048186337641,-0.07281048186334316,0.49111572598233877,1,309,100,10
0.029015587838544854,0.02901558783853156,0.457416802151466,1,309,100,20
0.3571000193032454,0.35710001930308655,0.4518490629979446,1,309,100,40
0.21644075924973516,0.21644075924971265,0.4925032703098854,1,309,200,5
-0.07281048186337641,-0.07281048186336746,0.4980659570275134,1,309,200,10
0.029015587838544854,0.029015587838541274,0.4607647873660805,1,309,200,20
0.3571000193032454,0.3571000193032028,0.44322332409868914,1,309,200,40
0.21644075924973516,0.21644075924973252,0.49147095381710654,1,309,400,5
-0.07281048186337641,-0.0728104818633754,0.5020446263833287,1,309,400,10
0.029015587838544854,0.02901558783854445,0.4629453433129872,1,309,400,20
0.3571000193032454,0.3571000193032403,0.43944138957914136,1,309,400,40
0.21644075924973516,0.21644075924973516,0.4913548305509698,1,309,800,5
-0.07281048186337641,-0.07281048186337631,0.5026784782841515,1,309,800,10
0.029015587838544854,0.0290155878385448,0.4633061855289903,1,309,800,20
0.3571000193032454,0.35710001930324525,0.4388977794566502,1,309,800,40
0.03377415728214078,0.033774157282105095,0.36865342175254856,1,310,50,5
-0.10865209446869695,-0.1086520944685702,0.5266312697354893,1,310,50,10
0.06789250391904339,0.06789250391897425,0.4690477558659447,1,310,50,20
0.156229343561465,0.15622934356131368,0.3765288236812267,1,310,50,40
0.03377415728214078,0.033774157282127334,0.37143470025326253,1,310,100,5
-0.10865209446869695,-0.10865209446864921,0.5342778592557874,1,310,100,10
0.06789250391904339,0.06789250391901731,0.4704256364902166,1,310,100,20
0.156229343561465,0.1562293435614079,0.37486359691484006,1,310,100,40
0.03377415728214078,0.03377415728213712,0.3759295363121298,1,310,200,5
-0.10865209446869695,-0.10865209446868415,0.5431751062860285,1,310,200,10
0.06789250391904339,0.06789250391903642,0.4736907914524263,1,310,200,20
0.156229343561465,0.15622934356144969,0.3753816316463272,1,310,200,40
0.03377415728214078,0.033774157282140324,0.3788399343289968,1,310,400,5
-0.10865209446869695,-0.10865209446869545,0.5481677857491734,1,310,400,10
0.06789250391904339,0.06789250391904258,0.4760355045350094,1,310,400,20
0.156229343561465,0.15622934356146323,0.37642955399354294,1,310,400,40
0.03377415728214078,0.03377415728214085,0.37932078594286534,1,310,800,5
-0.10865209446869695,-0.10865209446869695,0.5489580579090945,1,310,800,10
0.06789250391904339,0.0678925039190434,0.47643328003990915,1,310,800,20
0.156229343561465,0.15622934356146495,0.3766347883307456,1,310,800,40
0.3431664810725054,0.343166481072107,0.42289118005159587,1,311,50,5
0.2638317998597671,0.26383179985947336,0.6234330191610798,1,311,50,10
0.24840979407544495,0.2484097940752037,0.5589304887874234,1,311,50,20
0.4424929600244134,0.44249296002398286,0.4678798462475671,1,311,50,40
0.3431664810725054,0.3431664810723552,0.41352293165190634,1,311,100,5
0.2638317998597671,0.2638317998596563,0.6147887895555177,1,311,100,10
0.24840979407544495,0.24840979407535405,0.5511408892116619,1,311,100,20
0.4424929600244134,0.442492960024251,0.4518495889624372,1,311,100,40
0.3431664810725054,0.34316648107246506,0.40591209599918726,1,311,200,5
0.2638317998597671,0.2638317998597375,0.6080109622267199,1,311,200,10
0.24840979407544495,0.24840979407542063,0.5457003996250485,1,311,200,20
0.4424929600244134,0.4424929600243699,0.4383994142610225,1,311,200,40
0.3431664810725054,0.34316648107250053,0.40265570081939805,1,311,400,5
0.2638317998597671,0.2638317998597635,0.6052191010253921,1,311,400,10
0.24840979407544495,0.24840979407544214,0.5437647304118509,1,311,400,20
0.4424929600244134,0.4424929600244082,0.4324559647881963,1,311,400,40
0.3431664810725054,0.34316648107250525,0.4021929905094536,1,311,800,5
0.2638317998597671,0.263831799859767,0.6048297688775024,1,311,800,10
0.24840979407544495,0.2484097940754449,0.5435164186083237,1,311,800,20
0.4424929600244134,0.4424929600244133,0.43159858424888004,1,311,800,40
0.25968268313645665,0.2596826831361736,0.3488139254994035,1,312,50,5
0.036631656218117606,0.036631656218072364,0.5773560392935454,1,312,50,10
0.1691468797254915,0.16914687972530695,0.527246836494901,1,312,50,20
0.23070405710548295,0.2307040571052479,0.3539577345942756,1,312,50,40
0.25968268313645665,0.25968268313635,0.34333629326573756,1,312,100,5
0.036631656218117606,0.03663165621810052,0.5788509510358988,1,312,100,10
0.1691468797254915,0.1691468797254219,0.5236818799093043,1,312,100,20
0.23070405710548295,0.23070405710539443,0.3494372106494862,1,312,100,40
0.25968268313645665,0.25968268313642806,0.3397024008568259,1,312,200,5
0.036631656218117606,0.036631656218112985,0.5816154736166818,1,312,200,10
0.1691468797254915,0.16914687972547282,0.5219034214672235,1,312,200,20
0.23070405710548295,0.23070405710545927,0.34697751913592684,1,312,200,40
0.25968268313645665,0.25968268313645326,0.3385080579723231,1,312,400,5
0.036631656218117606,0.036631656218117155,0.5834828891404309,1,312,400,10
0.1691468797254915,0.1691468797254892,0.5216361351882122,1,312,400,20
0.23070405710548295,0.23070405710548011,0.3464607492658256,1,312,400,40
0.25968268313645665,0.2596826831364566,0.3383629255442863,1,312,800,5
0.036631656218117606,0.03663165621811758,0.5837949072920428,1,312,800,10
0.1691468797254915,0.16914687972549142,0.5216318108555432,1,312,800,20
0.23070405710548295,0.23070405710548286,0.3464238378809981,1,312,800,40
0.4012774591386441,0.4012774591381495,0.45784230757453104,1,313,50,5
0.07480300202769202,0.07480300202759661,0.4161762981316828,1,313,50,10
0.23327266891653703,0.2332726689162953,0.4696328455243115,1,313,50,20
0.10127916396475384,0.10127916396465386,0.4030700470844469,1,313,50,40
0.4012774591386441,0.4012774591384577,0.44621362899026595,1,313,100,5
0.07480300202769202,0.07480300202765598,0.41649223805063806,1,313,100,10
0.23327266891653703,0.23327266891644594,0.46369952001203024,1,313,100,20
0.10127916396475384,0.10127916396471616,0.4034563846109563,1,313,100,40
0.4012774591386441,0.40127745913859414,0.43624015784597936,1,313,200,5
0.07480300202769202,0.07480300202768238,0.4180308400492042,1,313,200,10
0.23327266891653703,0.23327266891651266,0.4598031800229343,1,313,200,20
0.10127916396475384,0.10127916396474378,0.40588517637921656,1,313,200,40
0.4012774591386441,0.4012774591386382,0.43174046181635933,1,313,400,5
0.07480300202769202,0.07480300202769088,0.4192553163019504,1,313,400,10
0.23327266891653703,0.2332726689165342,0.45854413828135365,1,313,400,20
0.10127916396475384,0.1012791639647527,0.4078584262026633,1,313,400,40
0.4012774591386441,0.401277459138644,0.4310852421728226,1,313,800,5
0.07480300202769202,0.07480300202769191,0.4194679044708395,1,313,800,10
0.23327266891653703,0.23327266891653692,0.4583930572972185,1,313,800,20
0.10127916396475384,0.10127916396475375,0.4082024912789871,1,313,800,40
0.45730162673863234,0.4573016267381173,0.5053854976781066,1,314,50,5
-0.11157569920535886,-0.1115756992052278,0.4393852948621569,1,314,50,10
0.03290865978401175,0.03290865978396879,0.44831087749038784,1,314,50,20
-0.012095163781133289,-0.012095163781121174,0.5038663304193196,1,314,50,40
0.45730162673863234,0.4573016267384383,0.4897235469625291,1,314,100,5
-0.11157569920535886,-0.11157569920530945,0.44668460601767007,1,314,100,10
0.03290865978401175,0.03290865978399555,0.4498571331266111,1,314,100,20
-0.012095163781133289,-0.012095163781128696,0.5088818991649435,1,314,100,40
0.45730162673863234,0.4573016267385803,0.4760945475250824,1,314,200,5
-0.11157569920535886,-0.11157569920534563,0.45522433637919124,1,314,200,10
0.03290865978401175,0.03290865978400744,0.4525307824853798,1,314,200,20
-0.012095163781133289,-0.012095163781132054,0.51573681526085,1,314,200,40
0.45730162673863234,0.4573016267386262,0.46986345894090426,1,314,400,5
-0.11157569920535886,-0.11157569920535727,0.4600307537903964,1,314,400,10
0.03290865978401175,0.0329086597840112,0.4543007602823025,1,314,400,20
-0.012095163781133289,-0.01209516378113315,0.5198976711452525,1,314,400,40
0.45730162673863234,0.45730162673863217,0.4689508131787105,1,314,800,5
-0.11157569920535886,-0.1115756992053588,0.4607922896084503,1,314,800,10
0.03290865978401175,0.0329086597840117,0.45459494108880005,1,314,800,20
-0.012095163781133289,-0.012095163781133358,0.5205726115331242,1,314,800,40
0.3125268146000326,0.31252681459970805,0.37907271987778357,1,315,50,5
0.10786544046199932,0.10786544046188908,0.5609235143489903,1,315,50,10
0.19049144015498012,0.19049144015479197,0.6313981460085081,1,315,50,20
0.0411198045040268,0.04111980450397425,0.42478528499682733,1,315,50,40
0.3125268146000326,0.3125268145999103,0.37098694924771514,1,315,100,5
0.10786544046199932,0.10786544046195777,0.5600976509834017,1,315,100,10
0.19049144015498012,0.19049144015490913,0.6259956256605109,1,315,100,20
0.0411198045040268,0.041119804504007026,0.4261862569082746,1,315,100,40
0.3125268146000326,0.3125268145999998,0.3649930457834347,1,315,200,5
0.10786544046199932,0.10786544046198819,0.5612139312472508,1,315,200,10
0.19049144015498012,0.1904914401549611,0.622801457817793,1,315,200,20
0.0411198045040268,0.041119804504021515,0.42877280303981846,1,315,200,40
0.3125268146000326,0.31252681460002874,0.36268244187519394,1,315,400,5
0.10786544046199932,0.10786544046199792,0.5624808724036334,1,315,400,10
0.19049144015498012,0.1904914401549779,0.6219625113232121,1,315,400,20
0.0411198045040268,0.041119804504026164,0.43051917123892314,1,315,400,40
0.3125268146000326,0.31252681460003257,0.3623714360752196,1,315,800,5
0.10786544046199932,0.10786544046199933,0.5627147087456964,1,315,800,10
0.19049144015498012,0.19049144015498,0.6218792809127577,1,315,800,20
0.0411198045040268,0.04111980450402671,0.43081092848435526,1,315,800,40
0.20437035963190053,0.20437035963167147,0.4535299407255655,1,316,50,5
0.04436083638925282,0.04436083638920241,0.3956747717960575,1,316,50,10
0.05288659483524465,0.05288659483519305,0.3856953485561558,1,316,50,20
0.13230501543723186,0.1323050154370946,0.3955599963350316,1,316,50,40
0.20437035963190053,0.2043703596318142,0.4490760503132694,1,316,100,5
0.04436083638925282,0.044360836389233826,0.39757543212448354,1,316,100,10
0.05288659483524465,0.0528865948352252,0.38825114181094034,1,316,100,20
0.13230501543723186,0.13230501543718015,0.3945183580870399,1,316,100,40
0.20437035963190053,0.2043703596318775,0.4463456984748996,1,316,200,5
0.04436083638925282,0.044360836389247746,0.4009725938410178,1,316,200,10
0.05288659483524465,0.05288659483523946,0.3928381722306415,1,316,200,20
0.13230501543723186,0.132305015437218,0.3953682308508229,1,316,200,40
0.20437035963190053,0.2043703596318978,0.4455696775886522,1,316,400,5
0.04436083638925282,0.044360836389252215,0.40324451505105274,1,316,400,10
0.05288659483524465,0.05288659483524407,0.3959096387081006,1,316,400,20
0.13230501543723186,0.13230501543723022,0.39648094713067766,1,316,400,40
0.20437035963190053,0.20437035963190037,0.44548614895732747,1,316,800,5
0.04436083638925282,0.0443608363892528,0.40362313405584094,1,316,800,10
0.05288659483524465,0.05288659483524467,0.39642166868983697,1,316,800,20
0.13230501543723186,0.1323050154372318,0.3966901258955444,1,316,800,40
0.34698596008562943,0.3469859600852351,0.48131239383804125,1,317,50,5
0.16564632161141596,0.16564632161123746,0.535446751650098,1,317,50,10
-0.032094206480336854,-0.0320942064803002,0.5480393711554494,1,317,50,20
0.16456947602778432,0.16456947602760785,0.5365792567343858,1,317,50,40
0.34698596008562943,0.34698596008548077,0.47080168058034266,1,317,100,5
0.16564632161141596,0.16564632161134868,0.5319841477886446,1,317,100,10
-0.032094206480336854,-0.03209420648032302,0.5528301527848924,1,317,100,20
0.16456947602778432,0.16456947602771776,0.533159357565743,1,317,100,40
0.34698596008562943,0.3469859600855896,0.4621462211242757,1,317,200,5
0.16564632161141596,0.16564632161139803,0.5303464697629725,1,317,200,10
-0.032094206480336854,-0.03209420648033318,0.5590161651449201,1,317,200,20
0.16456947602778432,0.1645694760277665,0.5315800739075079,1,317,200,40
0.34698596008562943,0.34698596008562477,0.4583914280051102,1,317,400,5
0.16564632161141596,0.16564632161141388,0.5301648697965955,1,317,400,10
-0.032094206480336854,-0.0320942064803364,0.5626760537276508,1,317,400,20
0.16456947602778432,0.1645694760277822,0.5314339261870072,1,317,400,40
0.34698596008562943,0.34698596008562943,0.4578543918221116,1,317,800,5
0.16564632161141596,0.16564632161141596,0.5301744560597175,1,317,800,10
-0.032094206480336854,-0.032094206480336826,0.5632651682292542,1,317,800,20
0.16456947602778432,0.16456947602778427,0.5314492635886223,1,317,800,40
0.24033202941111,0.24033202941087375,0.5032126503718182,1,318,50,5
0.19306579515765362,0.19306579515745392,0.5908629885983735,1,318,50,10
0.33762733133969397,0.337627331339357,0.3113547475869115,1,318,50,20
0.25076383585922857,0.2507638358589567,0.47215685314207584,1,318,50,40
0.24033202941111,0.240332029411021,0.4964795568870929,1,318,100,5
0.19306579515765362,0.19306579515757832,0.5856914357732301,1,318,100,10
0.33762733133969397,0.337627331339567,0.30331959512807705,1,318,100,20
0.25076383585922857,0.2507638358591261,0.46554817596270187,1,318,100,40
0.24033202941111,0.24033202941108622,0.492013453778883,1,318,200,5
0.19306579515765362,0.19306579515763342,0.5825420648097235,1,318,200,10
0.33762733133969397,0.33762733133965994,0.2975280478553317,1,318,200,20
0.25076383585922857,0.2507638358592011,0.46083394210838624,1,318,200,40
0.24033202941111,0.2403320294111072,0.49054595222335573,1,318,400,5
0.19306579515765362,0.19306579515765127,0.5816591985806022,1,318,400,10
0.33762733133969397,0.33762733133969,0.2953752336217652,1,318,400,20
0.25076383585922857,0.25076383585922524,0.4591060468340089,1,318,400,40
0.24033202941111,0.24033202941110998,0.490367658629856,1,318,800,5
0.19306579515765362,0.19306579515765357,0.5815654264934411,1,318,800,10
0.33762733133969397,0.337627331339694,0.2950915033419622,1,318,800,20
0.25076383585922857,0.25076383585922846,0.4588802385313112,1,318,800,40
0.15600569238479484,0.15600569238459758,0.6201233406628557,1,319,50,5
0.11084666574059306,0.1108466657404816,0.43056192611674415,1,319,50,10
0.22624589840497705,0.22624589840474593,0.5288236982004729,1,319,50,20
0.21231070197579643,0.21231070197557583,0.8209637910208447,1,319,50,40
0.15600569238479484,0.15600569238472048,0.6166117734343997,1,319,100,5
0.11084666574059306,0.11084666574055103,0.4303125374293632,1,319,100,10
0.22624589840497705,0.22624589840488996,0.5225772595531054,1,319,100,20
0.21231070197579643,0.21231070197571322,0.8130324560990109,1,319,100,40
0.15600569238479484,0.1560056923847749,0.6144546523846753,1,319,200,5
0.11084666574059306,0.11084666574058177,0.43205219950603424,1,319,200,10
0.22624589840497705,0.22624589840495374,0.5184311675691375,1,319,200,20
0.21231070197579643,0.21231070197577412,0.8071866816676438,1,319,200,40
0.15600569238479484,0.1560056923847925,0.6138389576330479,1,319,400,5
0.11084666574059306,0.11084666574059175,0.4336543403901967,1,319,400,10
0.22624589840497705,0.22624589840497433,0.5170673081453041,1,319,400,20
0.21231070197579643,0.21231070197579374,0.80494946640015,1,319,400,40
0.15600569238479484,0.15600569238479484,0.613772419446381,1,319,800,5
0.11084666574059306,0.11084666574059301,0.43394047473831054,1,319,800,10
0.22624589840497705,0.2262458984049771,0.5169014725360711,1,319,800,20
0.21231070197579643,0.21231070197579638,0.8046495710196191,1,319,800,40
0.21526514606732527,0.21526514606709654,0.5134854853030619,1,320,50,5
0.1635716272799962,0.16357162727984917,0.4074158628890623,1,320,50,10
0.12422504771526435,0.12422504771512702,0.5721731210693515,1,320,50,20
0.37187825930265583,0.3718782593022728,0.5253092080806051,1,320,50,40
0.21526514606732527,0.21526514606723907,0.5079639299226282,1,320,100,5
0.1635716272799962,0.1635716272799408,0.40539571907554994,1,320,100,10
0.12422504771526435,0.12422504771521264,0.5703283501745253,1,320,100,20
0.37187825930265583,0.3718782593025115,0.5122143631598056,1,320,100,40
0.21526514606732527,0.2152651460673022,0.5043765852711083,1,320,200,5
0.1635716272799962,0.16357162727998134,0.4059140422188065,1,320,200,10
0.12422504771526435,0.12422504771525052,0.5701763283396102,1,320,200,20
0.37187825930265583,0.3718782593026172,0.5013859730150101,1,320,200,40
0.21526514606732527,0.21526514606732258,0.5032384759447507,1,320,400,5
0.1635716272799962,0.1635716272799944,0.4070895597196449,1,320,400,10
0.12422504771526435,0.12422504771526266,0.5707060477814081,1,320,400,20
0.37187825930265583,0.3718782593026513,0.49666897420109474,1,320,400,40
0.21526514606732527,0.21526514606732522,0.503103809883246,1,320,800,5
0.1635716272799962,0.16357162727999613,0.4073216149284211,1,320,800,10
0.12422504771526435,0.12422504771526434,0.5708218657500626,1,320,800,20
0.37187825930265583,0.37187825930265583,0.49599300054570045,1,320,800,40
0.17179628297565763,0.17179628297547467,0.4443484380547229,1,321,50,5
0.035651004082071384,0.03565100408203522,0.4054876589169063,1,321,50,10
0.3228623681587139,0.32286236815835423,0.698346548469099,1,321,50,20
0.17608401093503162,0.17608401093487247,0.45727655069159256,1,321,50,40
0.17179628297565763,0.17179628297558874,0.44129336769197536,1,321,100,5
0.035651004082071384,0.035651004082057715,0.4084196331000717,1,321,100,10
0.3228623681587139,0.3228623681585784,0.6860408626772461,1,321,100,20
0.17608401093503162,0.17608401093497164,0.45416930597231775,1,321,100,40
0.17179628297565763,0.1717962829756392,0.44009310731398066,1,321,200,5
0.035651004082071384,0.03565100408206774,0.4132133308070757,1,321,200,10
0.3228623681587139,0.3228623681586775,0.6757052894716116,1,321,200,20
0.17608401093503162,0.17608401093501558,0.4536041259769228,1,321,200,40
0.17179628297565763,0.17179628297565547,0.44014562483506625,1,321,400,5
0.035651004082071384,0.03565100408207096,0.4163295234714607,1,321,400,10
0.3228623681587139,0.32286236815870956,0.6711336511660704,1,321,400,20
0.17608401093503162,0.1760840109350297,0.4542275748133252,1,321,400,40
0.17179628297565763,0.17179628297565758,0.4401916792348354,1,321,800,5
0.035651004082071384,0.035651004082071364,0.4168449294906168,1,321,800,10
0.3228623681587139,0.32286236815871383,0.6704738668229322,1,321,800,20
0.17608401093503162,0.17608401093503157,0.4543751529785338,1,321,800,40
0.0797569930497441,0.07975699304965861,0.5915423858477684,1,322,50,5
0.2717608103031869,0.27176081030292465,0.5971556733166802,1,322,50,10
0.10012109047625234,0.10012109047615311,0.4890854795361747,1,322,50,20
0.37430811840129047,0.374308118400892,0.41934533591848666,1,322,50,40
0.0797569930497441,0.07975699304971189,0.5917513479633345,1,322,100,5
0.2717608103031869,0.2717608103030881,0.5876710570075935,1,322,100,10
0.10012109047625234,0.10012109047621497,0.48907982505406206,1,322,100,20
0.37430811840129047,0.37430811840114026,0.40820136142810887,1,322,100,40
0.0797569930497441,0.07975699304973549,0.5936985516710099,1,322,200,5
0.2717608103031869,0.27176081030316035,0.5806142820380497,1,322,200,10
0.10012109047625234,0.10012109047624233,0.4911132330052814,1,322,200,20
0.37430811840129047,0.37430811840125017,0.39914706176295567,1,322,200,40
0.0797569930497441,0.07975699304974307,0.5953166964127828,1,322,400,5
0.2717608103031869,0.2717608103031837,0.5778814031014698,1,322,400,10
0.10012109047625234,0.10012109047625113,0.49288333804294515,1,322,400,20
0.37430811840129047,0.3743081184012857,0.39527268596969733,1,322,400,40
0.0797569930497441,0.07975699304974412,0.5956001418829275,1,322,800,5
0.2717608103031869,0.27176081030318683,0.5775126099899699,1,322,800,10
0.10012109047625234,0.10012109047625234,0.4931962214495134,1,322,800,20
0.37430811840129047,0.3743081184012903,0.394722139447952,1,322,800,40
0.17308800098602328,0.17308800098582663,0.5762974810975284,1,323,50,5
0.11201493701022089,0.11201493701007302,0.6468121359062172,1,323,50,10
0.007992400399563754,0.007992400399554553,0.4733153001798546,1,323,50,20
0.18515485697992307,0.18515485697971307,0.5135266151499959,1,323,50,40
0.17308800098602328,0.17308800098594912,0.5722392505193067,1,323,100,5
0.11201493701022089,0.11201493701016517,0.6449632243782638,1,323,100,10
0.007992400399563754,0.007992400399560298,0.4763706720186631,1,323,100,20
0.18515485697992307,0.1851548569798439,0.5093842670561942,1,323,100,40
0.17308800098602328,0.1730880009860034,0.5698502480732335,1,323,200,5
0.11201493701022089,0.11201493701020593,0.644317416119787,1,323,200,10
0.007992400399563754,0.00799240039956288,0.48083206626252906,1,323,200,20
0.18515485697992307,0.18515485697990186,0.5069186530385591,1,323,200,40
0.17308800098602328,0.173088000986021,0.5692290722793585,1,323,400,5
0.11201493701022089,0.11201493701021911,0.6444192671291895,1,323,400,10
0.007992400399563754,0.007992400399563726,0.48361504136372374,1,323,400,20
0.18515485697992307,0.18515485697992062,0.5062610438260691,1,323,400,40
0.17308800098602328,0.1730880009860232,0.5691681455818941,1,323,800,5
0.11201493701022089,0.11201493701022086,0.6444595214528533,1,323,800,10
0.007992400399563754,0.007992400399563837,0.484070075407243,1,323,800,20
0.18515485697992307,0.18515485697992304,0.5061946910760033,1,323,800,40
0.07434675047320433,0.07434675047311715,0.5193977639984158,1,324,50,5
0.3008415683035759,0.30084156830321807,0.5458430542823077,1,324,50,10
0.24421860024377048,0.24421860024348507,0.505760205888331,1,324,50,20
-0.14201467337448873,-0.142014673374333,0.4622585071787646,1,324,50,40
0.07434675047320433,0.0743467504731715,0.519709930604237,1,324,100,5
0.3008415683035759,0.300841568303441,0.536737940670174,1,324,100,10
0.24421860024377048,0.24421860024366293,0.49931247352949376,1,324,100,20
-0.14201467337448873,-0.14201467337443008,0.47162292624323165,1,324,100,40
0.07434675047320433,0.07434675047319553,0.5214693386739541,1,324,200,5
0.3008415683035759,0.3008415683035397,0.5293118365468007,1,324,200,10
0.24421860024377048,0.2442186002437417,0.4945174087596696,1,324,200,20
-0.14201467337448873,-0.14201467337447302,0.4823799596309408,1,324,200,40
0.07434675047320433,0.0743467504732033,0.522887162711608,1,324,400,5
0.3008415683035759,0.30084156830357156,0.5261216551100436,1,324,400,10
0.24421860024377048,0.24421860024376707,0.49266148282677713,1,324,400,20
-0.14201467337448873,-0.14201467337448684,0.48837339102160465,1,324,400,40
0.07434675047320433,0.07434675047320435,0.5231339649800615,1,324,800,5
0.3008415683035759,0.3008415683035759,0.5256674788671267,1,324,800,10
0.24421860024377048,0.24421860024377046,0.49241111150466677,1,324,800,20
-0.14201467337448873,-0.1420146733744887,0.4893198401472831,1,324,800,40
0.32335797829292556,0.3233579782925908,0.4855073346856841,1,325,50,5
0.23196140311384267,0.2319614031135629,0.36729695935301704,1,325,50,10
0.2818114235588906,0.2818114235585972,0.4907434981528673,1,325,50,20
0.07493202310688989,0.07493202310679917,0.4484356919884554,1,325,50,40
0.32335797829292556,0.3233579782927995,0.47532876918473466,1,325,100,5
0.23196140311384267,0.2319614031137372,0.36274481405963105,1,325,100,10
0.2818114235588906,0.2818114235587801,0.4824101143183777,1,325,100,20
0.07493202310688989,0.07493202310685565,0.44882259057348595,1,325,100,40
0.32335797829292556,0.3233579782928918,0.46731326842611176,1,325,200,5
0.23196140311384267,0.23196140311381439,0.35970082315986984,1,325,200,10
0.2818114235588906,0.28181142355886096,0.47616514312684316,1,325,200,20
0.07493202310688989,0.07493202310688071,0.45056615481169904,1,325,200,40
0.32335797829292556,0.32335797829292173,0.46399575345930044,1,325,400,5
0.23196140311384267,0.2319614031138394,0.358687342681758,1,325,400,10
0.2818114235588906,0.2818114235588871,0.47372507608813447,1,325,400,20
0.07493202310688989,0.07493202310688873,0.4519433885563082,1,325,400,40
0.32335797829292556,0.32335797829292556,0.46353199564614683,1,325,800,5
0.23196140311384267,0.23196140311384267,0.3585630325513517,1,325,800,10
0.2818114235588906,0.28181142355889055,0.47339417187325206,1,325,800,20
0.07493202310688989,0.07493202310688979,0.4521821181157043,1,325,800,40
0.2668435167402594,0.2668435167400028,0.38834366759228295,1,326,50,5
0.3751475462740106,0.37514754627358565,0.5177099256894879,1,326,50,10
0.22654489201586395,0.2265448920156451,0.5909358181378488,1,326,50,20
0.25114431875128124,0.251144318751043,0.4149357699424624,1,326,50,40
0.2668435167402594,0.26684351674016266,0.38180335806316956,1,326,100,5
0.3751475462740106,0.37514754627385044,0.5054518511877161,1,326,100,10
0.22654489201586395,0.22654489201578135,0.5839395892406768,1,326,100,20
0.25114431875128124,0.25114431875119136,0.4087064666237599,1,326,100,40
0.2668435167402594,0.2668435167402335,0.37761843808750295,1,326,200,5
0.3751475462740106,0.3751475462739676,0.49511030460433225,1,326,200,10
0.22654489201586395,0.22654489201584188,0.5792913673769409,1,326,200,20
0.25114431875128124,0.2511443187512572,0.40488362026324787,1,326,200,40
0.2668435167402594,0.2668435167402563,0.3763262581779008,1,326,400,5
0.3751475462740106,0.3751475462740054,0.4905163894150609,1,326,400,10
0.22654489201586395,0.22654489201586148,0.5777599241453988,1,326,400,20
0.25114431875128124,0.2511443187512784,0.40379467919645134,1,326,400,40
0.2668435167402594,0.26684351674025936,0.3761766271494819,1,326,800,5
0.3751475462740106,0.37514754627401037,0.4898520951809524,1,326,800,10
0.22654489201586395,0.22654489201586397,0.5775734980151341,1,326,800,20
0.25114431875128124,0.25114431875128107,0.4036772212738173,1,326,800,40
0.30818259124899977,0.30818259124858416,0.47788370405182723,1,327,50,5
0.2570057252479469,0.2570057252476079,0.3446390531547129,1,327,50,10
0.19197590019375596,0.19197590019355665,0.5329572534194268,1,327,50,20
0.3933399380859115,0.39333993808552503,0.5435488327713999,1,327,50,40
0.30818259124899977,0.30818259124884306,0.4699749601222979,1,327,100,5
0.2570057252479469,0.2570057252478191,0.33971337832587034,1,327,100,10
0.19197590019375596,0.19197590019368083,0.5283063054249503,1,327,100,20
0.3933399380859115,0.39333993808576584,0.5286088973191643,1,327,100,40
0.30818259124899977,0.3081825912489578,0.46339657841313603,1,327,200,5
0.2570057252479469,0.25700572524791265,0.33608164218519154,1,327,200,10
0.19197590019375596,0.19197590019373584,0.5256492317809723,1,327,200,20
0.3933399380859115,0.39333993808587253,0.516176927512185,1,327,200,40
0.30818259124899977,0.3081825912489948,0.46051424537499064,1,327,400,5
0.2570057252479469,0.25700572524794285,0.3346911316724114,1,327,400,10
0.19197590019375596,0.19197590019375366,0.5250076316312839,1,327,400,20
0.3933399380859115,0.39333993808590695,0.5107276133115787,1,327,400,40
0.30818259124899977,0.3081825912489998,0.4601000719894015,1,327,800,5
0.2570057252479469,0.2570057252479468,0.33450468840698316,1,327,800,10
0.19197590019375596,0.19197590019375577,0.5249502299665656,1,327,800,20
0.3933399380859115,0.3933399380859114,0.5099444329789666,1,327,800,40
0.17239820663866856,0.1723982066384769,0.4443662364502653,1,328,50,5
0.17948643724515417,0.17948643724493724,0.4811393355312139,1,328,50,10
0.14804284303763646,0.14804284303746607,0.49825373026701697,1,328,50,20
0.37581673882980343,0.3758167388294006,0.4694298566350288,1,328,50,40
0.17239820663866856,0.17239820663859634,0.4412575874424901,1,328,100,5
0.17948643724515417,0.17948643724507246,0.47749605853317867,1,328,100,10
0.14804284303763646,0.14804284303757223,0.49573600103986637,1,328,100,20
0.37581673882980343,0.37581673882965166,0.457420985908662,1,328,100,40
0.17239820663866856,0.1723982066386492,0.439859352383537,1,328,200,5
0.17948643724515417,0.1794864372451323,0.4753301020939224,1,328,200,10
0.14804284303763646,0.14804284303761928,0.4948025288072585,1,328,200,20
0.37581673882980343,0.3758167388297627,0.44750266679817774,1,328,200,40
0.17239820663866856,0.1723982066386662,0.43975895223287204,1,328,400,5
0.17948643724515417,0.17948643724515156,0.47475398236640987,1,328,400,10
0.14804284303763646,0.14804284303763438,0.49489422408353456,1,328,400,20
0.37581673882980343,0.3758167388297986,0.4431873393108228,1,328,400,40
0.17239820663866856,0.17239820663866845,0.4397786277341708,1,328,800,5
0.17948643724515417,0.17948643724515415,0.4746960233023941,1,328,800,10
0.14804284303763646,0.14804284303763646,0.49494073413268136,1,328,800,20
0.37581673882980343,0.3758167388298033,0.4425692778411061,1,328,800,40
0.20472285392924813,0.20472285392904696,0.44641053788437174,1,329,50,5
0.03722752327875195,0.03722752327871261,0.49152518531842226,1,329,50,10
0.2880399810124109,0.28803998101213435,0.3919353463199672,1,329,50,20
0.08708610545140574,0.08708610545129104,0.5778989094534084,1,329,50,40
0.20472285392924813,0.20472285392917233,0.4419494962193061,1,329,100,5
0.03722752327875195,0.03722752327873716,0.49396381560579533,1,329,100,10
0.2880399810124109,0.2880399810123066,0.38440468460347466,1,329,100,20
0.08708610545140574,0.08708610545136246,0.5772339596769036,1,329,100,40
0.20472285392924813,0.20472285392922784,0.43969236245920684,1,329,200,5
0.03722752327875195,0.037227523278747954,0.49812637177983166,1,329,200,10
0.2880399810124109,0.28803998101238293,0.3792648039508039,1,329,200,20
0.08708610545140574,0.08708610545139414,0.5777430356722195,1,329,200,40
0.20472285392924813,0.20472285392924572,0.43933037707904804,1,329,400,5
0.03722752327875195,0.03722752327875162,0.5008707901756291,1,329,400,10
0.2880399810124109,0.2880399810124076,0.37749761133871973,1,329,400,20
0.08708610545140574,0.08708610545140444,0.5784242684989715,1,329,400,40
0.20472285392924813,0.2047228539292481,0.4393201034381312,1,329,800,5
0.03722752327875195,0.03722752327875192,0.5013264340536571,1,329,800,10
0.2880399810124109,0.2880399810124108,0.3772759561499307,1,329,800,20
0.08708610545140574,0.08708610545140572,0.578552660783585,1,329,800,40
0.30780764307303343,0.30780764307266045,0.4738707397424935,1,330,50,5
0.05285038036720937,0.05285038036715948,0.4638235437085183,1,330,50,10
0.11443074589123059,0.11443074589108637,0.5898024049168022,1,330,50,20
0.2718431982402707,0.27184319823996883,0.44524612425701104,1,330,50,40
0.30780764307303343,0.30780764307289293,0.46542436132779375,1,330,100,5
0.05285038036720937,0.052850380367190516,0.46640417918857036,1,330,100,10
0.11443074589123059,0.11443074589117612,0.5881059278295474,1,330,100,20
0.2718431982402707,0.27184319824015696,0.43815015606036223,1,330,100,40
0.30780764307303343,0.3078076430729958,0.458586451666391,1,330,200,5
0.05285038036720937,0.052850380367204346,0.4711538519028995,1,330,200,10
0.11443074589123059,0.11443074589121603,0.5877193254184727,1,330,200,20
0.2718431982402707,0.2718431982402403,0.4328837526814566,1,330,200,40
0.30780764307303343,0.307807643073029,0.4556713589648877,1,330,400,5
0.05285038036720937,0.052850380367208766,0.4743578246944515,1,330,400,10
0.11443074589123059,0.11443074589122879,0.5879918659435774,1,330,400,20
0.2718431982402707,0.27184319824026715,0.4308505786117898,1,330,400,40
0.30780764307303343,0.30780764307303343,0.4552578676747523,1,330,800,5
0.05285038036720937,0.05285038036720939,0.47489297234812344,1,330,800,10
0.11443074589123059,0.11443074589123058,0.5880604499172135,1,330,800,20
0.2718431982402707,0.27184319824027064,0.4305766864798837,1,330,800,40
0.16865431916033735,0.16865431916010915,0.5861113477644637,1,331,50,5
-0.016957325512857304,-0.016957325512837667,0.4482618155171782,1,331,50,10
0.3771732819231425,0.3771732819226837,0.49201333193445995,1,331,50,20
0.45233768369960964,0.4523376836991428,0.6119751922984666,1,331,50,40
0.16865431916033735,0.16865431916025134,0.5823525757735557,1,331,100,5
-0.016957325512857304,-0.016957325512849963,0.4522427729716312,1,331,100,10
0.3771732819231425,0.3771732819229696,0.4806771023110494,1,331,100,20
0.45233768369960964,0.4523376836994336,0.5933957932617212,1,331,100,40
0.16865431916033735,0.16865431916031437,0.5797970585141345,1,331,200,5
-0.016957325512857304,-0.01695732551285539,0.4575974820049893,1,331,200,10
0.3771732819231425,0.3771732819230962,0.4710231206306188,1,331,200,20
0.45233768369960964,0.4523376836995625,0.5772351163284996,1,331,200,40
0.16865431916033735,0.16865431916033471,0.5789236499391635,1,331,400,5
-0.016957325512857304,-0.01695732551285707,0.46082510613212646,1,331,400,10
0.3771732819231425,0.3771732819231369,0.46669629428641396,1,331,400,20
0.45233768369960964,0.45233768369960414,0.5698494809095794,1,331,400,40
0.16865431916033735,0.1686543191603374,0.5788145437861922,1,331,800,5
-0.016957325512857304,-0.016957325512857373,0.46134757801193693,1,331,800,10
0.3771732819231425,0.3771732819231424,0.4660681042411828,1,331,800,20
0.45233768369960964,0.4523376836996096,0.5687679189734901,1,331,800,40
0.1704610088586381,0.17046100885842014,0.5967102311427566,1,332,50,5
0.35517007944356216,0.3551700794431527,0.4307246312745991,1,332,50,10
0.3888238454830863,0.38882384548267684,0.5871543326058113,1,332,50,20
0.24528098815135757,0.24528098815109933,0.5930690773524596,1,332,50,40
0.1704610088586381,0.17046100885855592,0.5927516382643382,1,332,100,5
0.35517007944356216,0.35517007944340795,0.4207347114276308,1,332,100,10
0.3888238454830863,0.3888238454829319,0.5724745970627592,1,332,100,20
0.24528098815135757,0.24528098815126026,0.5853613990646596,1,332,100,40
0.1704610088586381,0.1704610088586161,0.590132511381698,1,332,200,5
0.35517007944356216,0.3551700794435208,0.4125406380671114,1,332,200,10
0.3888238454830863,0.38882384548304494,0.5600263117611775,1,332,200,20
0.24528098815135757,0.2452809881513315,0.5796846480432404,1,332,200,40
0.1704610088586381,0.17046100885863547,0.5892754891763903,1,332,400,5
0.35517007944356216,0.3551700794435573,0.4090001656299753,1,332,400,10
0.3888238454830863,0.3888238454830814,0.554469451184,1,332,400,20
0.24528098815135757,0.24528098815135446,0.5775141528696671,1,332,400,40
0.1704610088586381,0.17046100885863805,0.5891716840593615,1,332,800,5
0.35517007944356216,0.35517007944356205,0.4084947357726177,1,332,800,10
0.3888238454830863,0.38882384548308624,0.553664133122939,1,332,800,20
0.24528098815135757,0.24528098815135754,0.5772233562319039,1,332,800,40
0.12216665398284654,0.12216665398272179,0.4049441924911402,1,333,50,5
0.3068152482852283,0.3068152482848816,0.42937012524375306,1,333,50,10
0.1024875415611087,0.1024875415609996,0.523693362639671,1,333,50,20
0.21597575971817268,0.21597575971794106,0.5917333220382065,1,333,50,40
0.12216665398284654,0.12216665398279956,0.40430737298365504,1,333,100,5
0.3068152482852283,0.30681524828509765,0.42116037908511594,1,333,100,10
0.1024875415611087,0.10248754156106754,0.5231404399619277,1,333,100,20
0.21597575971817268,0.21597575971808536,0.5855080096678167,1,333,100,40
0.12216665398284654,0.12216665398283398,0.4056104748832822,1,333,200,5
0.3068152482852283,0.30681524828519324,0.4147568370510613,1,333,200,10
0.1024875415611087,0.1024875415610977,0.5243708147318845,1,333,200,20
0.21597575971817268,0.21597575971814925,0.5812044531837101,1,333,200,40
0.12216665398284654,0.12216665398284512,0.40697203101354124,1,333,400,5
0.3068152482852283,0.3068152482852241,0.41213452923520005,1,333,400,10
0.1024875415611087,0.1024875415611074,0.5256390314062748,1,333,400,20
0.21597575971817268,0.21597575971816996,0.5796960960927513,1,333,400,40
0.12216665398284654,0.12216665398284651,0.4072203123479925,1,333,800,5
0.3068152482852283,0.3068152482852282,0.4117699309764005,1,333,800,10
0.1024875415611087,0.10248754156110862,0.5258698078126678,1,333,800,20
0.21597575971817268,0.2159757597181726,0.5795044703674346,1,333,800,40
-0.13283327318055374,-0.13283327318039978,0.44534325248019224,1,334,50,5
0.26946109744694624,0.269461097446692,0.42823379596566863,1,334,50,10
0.2530504945401908,0.2530504945399114,0.6868313917380244,1,334,50,20
0.24163148647788574,0.24163148647760352,0.43361809807939367,1,334,50,40
-0.13283327318055374,-0.13283327318049565,0.45359107351722244,1,334,100,5
0.26946109744694624,0.2694610974468504,0.4209631043109513,1,334,100,10
0.2530504945401908,0.2530504945400855,0.6780761501414945,1,334,100,20
0.24163148647788574,0.24163148647777938,0.42797885517625067,1,334,100,40
-0.13283327318055374,-0.13283327318053817,0.4630916259901024,1,334,200,5
0.26946109744694624,0.26946109744692054,0.41615402402933604,1,334,200,10
0.2530504945401908,0.25305049454016254,0.6712177345318466,1,334,200,20
0.24163148647788574,0.24163148647785726,0.4239716157784531,1,334,200,40
-0.13283327318055374,-0.1328332731805519,0.46839316573739775,1,334,400,5
0.26946109744694624,0.2694610974469432,0.41458118953391265,1,334,400,10
0.2530504945401908,0.25305049454018747,0.6683956318567412,1,334,400,20
0.24163148647788574,0.24163148647788243,0.42251062851884286,1,334,400,40
-0.13283327318055374,-0.13283327318055366,0.46923078316701944,1,334,800,5
0.26946109744694624,0.2694610974469462,0.41439075235164996,1,334,800,10
0.2530504945401908,0.2530504945401907,0.6680022916299206,1,334,800,20
0.24163148647788574,0.24163148647788574,0.42232031962186367,1,334,800,40
0.02605998720403639,0.026059987204007803,0.3839492120006213,1,335,50,5
0.27067876789949197,0.27067876789919976,0.4174697105455236,1,335,50,10
0.3946851936232584,0.3946851936228762,0.46560992330392276,1,335,50,20
0.2890150949003689,0.2890150949000183,0.6713680404233261,1,335,50,40
0.02605998720403639,0.026059987204025595,0.3867381875323802,1,335,100,5
0.27067876789949197,0.27067876789938183,0.41066602159639576,1,335,100,10
0.3946851936232584,0.3946851936231142,0.45189477284191515,1,335,100,20
0.2890150949003689,0.2890150949002368,0.6616202164425642,1,335,100,40
0.02605998720403639,0.02605998720403347,0.39110875724340644,1,335,200,5
0.27067876789949197,0.27067876789946244,0.40577762377165766,1,335,200,10
0.3946851936232584,0.39468519362321974,0.4407135516381372,1,335,200,20
0.2890150949003689,0.28901509490033345,0.6535158191621578,1,335,200,40
0.02605998720403639,0.02605998720403601,0.3939083422623102,1,335,400,5
0.27067876789949197,0.2706787678994885,0.4039682608267266,1,335,400,10
0.3946851936232584,0.3946851936232537,0.4359123272323695,1,335,400,20
0.2890150949003689,0.2890150949003647,0.6499664572195554,1,335,400,40
0.02605998720403639,0.026059987204036357,0.3943695182060196,1,335,800,5
0.27067876789949197,0.2706787678994919,0.4037304027756522,1,335,800,10
0.3946851936232584,0.39468519362325827,0.43522893564363063,1,335,800,20
0.2890150949003689,0.2890150949003689,0.6494565423244826,1,335,800,40
0.16847860447296203,0.16847860447278687,0.7476900840235607,1,336,50,5
0.05804769738015154,0.05804769738007522,0.4836654901788929,1,336,50,10
0.3092254034769122,0.30922540347656996,0.6153913054863098,1,336,50,20
0.03922084907830217,0.039220849078264904,0.46186609610330365,1,336,50,40
0.16847860447296203,0.168478604472896,0.7427174717447611,1,336,100,5
0.05804769738015154,0.058047697380122734,0.4842843375043846,1,336,100,10
0.3092254034769122,0.30922540347678323,0.6046439842257426,1,336,100,20
0.03922084907830217,0.03922084907828817,0.4650486503981182,1,336,100,40
0.16847860447296203,0.16847860447294433,0.739742550257948,1,336,200,5
0.05804769738015154,0.0580476973801438,0.4860454739585708,1,336,200,10
0.3092254034769122,0.30922540347687766,0.5958428801627854,1,336,200,20
0.03922084907830217,0.039220849078298384,0.4703609609482193,1,336,200,40
0.16847860447296203,0.16847860447296004,0.7389399903044331,1,336,400,5
0.05804769738015154,0.05804769738015063,0.4873547636878933,1,336,400,10
0.3092254034769122,0.3092254034769081,0.5920463420970251,1,336,400,20
0.03922084907830217,0.039220849078301756,0.47383818637708236,1,336,400,40
0.16847860447296203,0.168478604472962,0.7388580154322646,1,336,800,5
0.05804769738015154,0.05804769738015152,0.48757869415658606,1,336,800,10
0.3092254034769122,0.3092254034769121,0.5915047767066275,1,336,800,20
0.03922084907830217,0.03922084907830221,0.47441437839628076,1,336,800,40
0.22295339558482796,0.22295339558457072,0.5252851067224731,1,337,50,5
0.08191896765822468,0.08191896765812529,0.5117733283107269,1,337,50,10
0.053245349558809704,0.05324534955875555,0.41692238536196297,1,337,50,20
-0.014847833335455973,-0.014847833335437363,0.45754747888109476,1,337,50,40
0.22295339558482796,0.22295339558473104,0.5194974539509077,1,337,100,5
0.08191896765822468,0.0819189676581872,0.5116990677225199,1,337,100,10
0.053245349558809704,0.05324534955878932,0.41908917627297504,1,337,100,20
-0.014847833335455973,-0.014847833335448948,0.4609202310311578,1,337,100,40
0.22295339558482796,0.222953395584802,0.5153816882139226,1,337,200,5
0.08191896765822468,0.08191896765821455,0.5129873227307384,1,337,200,10
0.053245349558809704,0.05324534955880423,0.42312955170865374,1,337,200,20
-0.014847833335455973,-0.014847833335454124,0.4654652068078795,1,337,200,40
0.22295339558482796,0.2229533955848249,0.5138795853272794,1,337,400,5
0.08191896765822468,0.08191896765822355,0.5141341229237897,1,337,400,10
0.053245349558809704,0.053245349558809114,0.425865268345188,1,337,400,20
-0.014847833335455973,-0.0148478333354558,0.4682069810224733,1,337,400,40
0.22295339558482796,0.22295339558482793,0.5136837968091243,1,337,800,5
0.08191896765822468,0.08191896765822465,0.5143376808610092,1,337,800,10
0.053245349558809704,0.05324534955880973,0.42632264652721286,1,337,800,20
-0.014847833335455973,-0.01484783333545598,0.46865091372972406,1,337,800,40
0.3770170578103655,0.37701705780999617,0.5378803830458518,1,338,50,5
0.24371704232161862,0.24371704232136288,0.5253289558001877,1,338,50,10
0.14855502029547593,0.148555020295278,0.5726738085040787,1,338,50,20
0.21543334771660924,0.21543334771638178,0.4458525483177954,1,338,50,40
0.3770170578103655,0.37701705781022626,0.523845586161737,1,338,100,5
0.24371704232161862,0.24371704232152225,0.5183683753259103,1,338,100,10
0.14855502029547593,0.1485550202954013,0.5697174860966583,1,338,100,20
0.21543334771660924,0.2154333477165236,0.4409599446197361,1,338,100,40
0.3770170578103655,0.3770170578103282,0.512304134053167,1,338,200,5
0.24371704232161862,0.24371704232159275,0.5134284924641837,1,338,200,10
0.14855502029547593,0.14855502029545592,0.567975422015591,1,338,200,20
0.21543334771660924,0.21543334771658623,0.4380057181883742,1,338,200,40
0.3770170578103655,0.3770170578103611,0.5073043731779648,1,338,400,5
0.24371704232161862,0.24371704232161562,0.5116306553115202,1,338,400,10
0.14855502029547593,0.14855502029547352,0.5675214029528334,1,338,400,20
0.21543334771660924,0.2154333477166065,0.4371924457603515,1,338,400,40
0.3770170578103655,0.37701705781036554,0.5065897434941495,1,338,800,5
0.24371704232161862,0.24371704232161867,0.5113967225941866,1,338,800,10
0.14855502029547593,0.1485550202954758,0.567476752911208,1,338,800,20
0.21543334771660924,0.2154333477166092,0.4371076147137488,1,338,800,40
0.10595979041900862,0.10595979041889422,0.5104980362082836,1,339,50,5
0.3291067635572782,0.3291067635568279,0.5702303633981596,1,339,50,10
0.11779522657247662,0.11779522657235386,0.4221406298782329,1,339,50,20
-0.0034700130054401146,-0.003470013005435965,0.5610876855142021,1,339,50,40
0.10595979041900862,0.10595979041896553,0.5098050201548611,1,339,100,5
0.3291067635572782,0.3291067635571085,0.5607004148517241,1,339,100,10
0.11779522657247662,0.11779522657243036,0.4215075661865129,1,339,100,20
-0.0034700130054401146,-0.0034700130054385048,0.5643875107326657,1,339,100,40
0.10595979041900862,0.10595979041899717,0.510851182719591,1,339,200,5
0.3291067635572782,0.3291067635572328,0.5525161141257352,1,339,200,10
0.11779522657247662,0.11779522657246427,0.4227360948579739,1,339,200,20
-0.0034700130054401146,-0.0034700130054396705,0.5689961076605372,1,339,200,40
0.10595979041900862,0.10595979041900729,0.5120094899036131,1,339,400,5
0.3291067635572782,0.32910676355727286,0.5488191012459449,1,339,400,10
0.11779522657247662,0.11779522657247517,0.4240314609515332,1,339,400,20
-0.0034700130054401146,-0.0034700130054400036,0.5718193675535622,1,339,400,40
0.10595979041900862,0.10595979041900855,0.5122225292403211,1,339,800,5
0.3291067635572782,0.3291067635572781,0.5482804707439806,1,339,800,10
0.11779522657247662,0.11779522657247668,0.4242679998854205,1,339,800,20
-0.0034700130054401146,-0.0034700130054401007,0.5722785783303189,1,339,800,40
0.195546528823568,0.19554652882337856,0.43267289716074386,1,340,50,5
0.07877860293608907,0.0787786029360006,0.5765998303173773,1,340,50,10
0.17567550467435805,0.17567550467414897,0.4239151012548199,1,340,50,20
0.3184573475422412,0.31845734754182753,0.5279197152062443,1,340,50,40
0.195546528823568,0.1955465288234966,0.4287717710316599,1,340,100,5
0.07877860293608907,0.07877860293605574,0.5767185396016727,1,340,100,10
0.17567550467435805,0.17567550467427917,0.4208172733387306,1,340,100,20
0.3184573475422412,0.31845734754208527,0.5188738773758427,1,340,100,40
0.195546528823568,0.19554652882354884,0.42711693231609044,1,340,200,5
0.07877860293608907,0.07877860293608005,0.5784241236241484,1,340,200,10
0.17567550467435805,0.1756755046743369,0.4192231017497781,1,340,200,20
0.3184573475422412,0.31845734754219934,0.5112771402893483,1,340,200,40
0.195546528823568,0.19554652882356577,0.42707775285510363,1,340,400,5
0.07877860293608907,0.07877860293608799,0.5798645594745258,1,340,400,10
0.17567550467435805,0.17567550467435547,0.4189484494769059,1,340,400,20
0.3184573475422412,0.3184573475422362,0.5079173229683556,1,340,400,40
0.195546528823568,0.19554652882356793,0.42711778628966146,1,340,800,5
0.07877860293608907,0.07877860293608906,0.580117686350289,1,340,800,10
0.17567550467435805,0.17567550467435802,0.41893720065677653,1,340,800,20
0.3184573475422412,0.3184573475422412,0.5074324549498175,1,340,800,40
0.12091626257859554,0.12091626257845965,0.4639727506318152,1,341,50,5
0.4757532435149815,0.47575324351451387,0.5239888485151935,1,341,50,10
0.22921565878024303,0.2292156587799865,0.41670803138844914,1,341,50,20
0.3251798442280687,0.3251798442277001,0.5094966791980351,1,341,50,40
0.12091626257859554,0.12091626257854435,0.4627693646348604,1,341,100,5
0.4757532435149815,0.4757532435148052,0.5052205195507975,1,341,100,10
0.22921565878024303,0.2292156587801463,0.4116284966566581,1,341,100,20
0.3251798442280687,0.3251798442279298,0.49949726965655883,1,341,100,40
0.12091626257859554,0.12091626257858187,0.4631856478044139,1,341,200,5
0.4757532435149815,0.4757532435149342,0.4890696998428657,1,341,200,10
0.22921565878024303,0.22921565878021713,0.40829562227600097,1,341,200,20
0.3251798442280687,0.3251798442280316,0.49134592617632056,1,341,200,40
0.12091626257859554,0.12091626257859397,0.46397938711863596,1,341,400,5
0.4757532435149815,0.47575324351497594,0.4817604235491307,1,341,400,10
0.22921565878024303,0.22921565878023997,0.40722018117143655,1,341,400,20
0.3251798442280687,0.3251798442280644,0.4878460128644551,1,341,400,40
0.12091626257859554,0.12091626257859553,0.464134142778741,1,341,800,5
0.4757532435149815,0.4757532435149814,0.4806946300221659,1,341,800,10
0.22921565878024303,0.229215658780243,0.4070912693848668,1,341,800,20
0.3251798442280687,0.3251798442280688,0.48734786489635573,1,341,800,40
0.16729902528179044,0.16729902528158955,0.537435378742285,1,342,50,5
0.38979505791237323,0.38979505791194907,0.5179414066805923,1,342,50,10
0.21460594731603183,0.21460594731577856,0.4698302245268854,1,342,50,20
0.16934170809382249,0.16934170809365606,0.47093235916682724,1,342,50,40
0.16729902528179044,0.1672990252817147,0.5338968337787037,1,342,100,5
0.38979505791237323,0.38979505791221336,0.5046561943894298,1,342,100,10
0.21460594731603183,0.21460594731593635,0.46490330885395836,1,342,100,20
0.16934170809382249,0.16934170809375976,0.4678677469136202,1,342,100,40
0.16729902528179044,0.16729902528177015,0.5318498313517646,1,342,200,5
0.38979505791237323,0.3897950579123304,0.49344736561056873,1,342,200,10
0.21460594731603183,0.21460594731600618,0.4615575140576422,1,342,200,20
0.16934170809382249,0.16934170809380572,0.46696536559446555,1,342,200,40
0.16729902528179044,0.167299025281788,0.5313395658805755,1,342,400,5
0.38979505791237323,0.3897950579123682,0.48846787405398207,1,342,400,10
0.21460594731603183,0.21460594731602878,0.46041607869564893,1,342,400,20
0.16934170809382249,0.16934170809382057,0.46728031669211434,1,342,400,40
0.16729902528179044,0.1672990252817904,0.5312919840252615,1,342,800,5
0.38979505791237323,0.3897950579123731,0.4877478037518969,1,342,800,10
0.21460594731603183,0.21460594731603166,0.460273667261922,1,342,800,20
0.16934170809382249,0.16934170809382249,0.46737286356103963,1,342,800,40
0.0003223980610623789,0.00032239806106203195,0.38570186850783683,1,343,50,5
0.06523819706666027,0.06523819706658443,0.480613153050908,1,343,50,10
0.21879068541955304,0.21879068541929164,0.37586504032799883,1,343,50,20
0.14817533430175683,0.1481753343015766,0.42876375496049457,1,343,50,40
0.0003223980610623789,0.0003223980610621985,0.390356501495074,1,343,100,5
0.06523819706666027,0.06523819706663173,0.48142328268503914,1,343,100,10
0.21879068541955304,0.21879068541945454,0.37166037859495094,1,343,100,20
0.14817533430175683,0.1481753343016889,0.42660825127912605,1,343,100,40
0.0003223980610623789,0.0003223980610623234,0.39695120281494695,1,343,200,5
0.06523819706666027,0.06523819706665274,0.48369089816282657,1,343,200,10
0.21879068541955304,0.21879068541952662,0.3689805462378478,1,343,200,20
0.14817533430175683,0.1481753343017386,0.42586823747696656,1,343,200,40
0.0003223980610623789,0.0003223980610623997,0.4010153022608213,1,343,400,5
0.06523819706666027,0.06523819706665934,0.48537194620849256,1,343,400,10
0.21879068541955304,0.21879068541954988,0.36815902938825784,1,343,400,20
0.14817533430175683,0.14817533430175467,0.42599818085403496,1,343,400,40
0.0003223980610623789,0.0003223980610623789,0.4016774882513198,1,343,800,5
0.06523819706666027,0.06523819706666027,0.4856592718701236,1,343,800,10
0.21879068541955304,0.218790685419553,0.3680644607200966,1,343,800,20
0.14817533430175683,0.14817533430175686,0.4260470901033905,1,343,800,40
0.26516573911552715,0.265165739115276,0.46724332593625884,1,344,50,5
0.11092802580717809,0.11092802580704395,0.5837538423710806,1,344,50,10
0.2959248099408581,0.29592480994053266,0.5116493989603113,1,344,50,20
0.23485655569052963,0.23485655569028102,0.40288713878896004,1,344,50,40
0.26516573911552715,0.2651657391154325,0.45965304747167746,1,344,100,5
0.11092802580717809,0.11092802580712757,0.5822789579313254,1,344,100,10
0.2959248099408581,0.2959248099407355,0.5026990655245971,1,344,100,20
0.23485655569052963,0.23485655569043595,0.39765411250938215,1,344,100,40
0.26516573911552715,0.2651657391155017,0.4545151543747723,1,344,200,5
0.11092802580717809,0.11092802580716456,0.5822163073034177,1,344,200,10
0.2959248099408581,0.29592480994082515,0.4956632881913045,1,344,200,20
0.23485655569052963,0.23485655569050462,0.39436009458716964,1,344,200,40
0.26516573911552715,0.2651657391155241,0.4527710804823697,1,344,400,5
0.11092802580717809,0.11092802580717649,0.5826910208350146,1,344,400,10
0.2959248099408581,0.29592480994085424,0.4927569660841383,1,344,400,20
0.23485655569052963,0.2348565556905267,0.3933735125356621,1,344,400,40
0.26516573911552715,0.2651657391155271,0.4525542284628664,1,344,800,5
0.11092802580717809,0.11092802580717806,0.5827926658163182,1,344,800,10
0.2959248099408581,0.2959248099408582,0.4923510907777282,1,344,800,20
0.23485655569052963,0.2348565556905296,0.39326215159572453,1,344,800,40
0.45350521951480194,0.4535052195143614,0.5393275544005711,1,345,50,5
0.17750002264162515,0.177500022641435,0.4669035528932065,1,345,50,10
0.15754563488017603,0.15754563488000628,0.5051486385521715,1,345,50,20
0.15923282221755863,0.1592328222173855,0.4680449117693676,1,345,50,40
0.45350521951480194,0.45350521951463585,0.5212154580320087,1,345,100,5
0.17750002264162515,0.17750002264155348,0.46342882723271317,1,345,100,10
0.15754563488017603,0.15754563488011206,0.5022482374168649,1,345,100,20
0.15923282221755863,0.15923282221749344,0.46531596010712506,1,345,100,40
0.45350521951480194,0.4535052195147574,0.505750656958152,1,345,200,5
0.17750002264162515,0.1775000226416059,0.46180023053846936,1,345,200,10
0.15754563488017603,0.15754563488015888,0.5011570666625669,1,345,200,20
0.15923282221755863,0.15923282221754123,0.4643593581393475,1,345,200,40
0.45350521951480194,0.4535052195147966,0.49880242679848474,1,345,400,5
0.17750002264162515,0.17750002264162282,0.4616308762210377,1,345,400,10
0.15754563488017603,0.15754563488017392,0.5012489437338516,1,345,400,20
0.15923282221755863,0.15923282221755658,0.46450672848496877,1,345,400,40
0.45350521951480194,0.4535052195148018,0.49779253885494545,1,345,800,5
0.17750002264162515,0.1775000226416251,0.4616427724600337,1,345,800,10
0.15754563488017603,0.15754563488017592,0.501300092075551,1,345,800,20
0.15923282221755863,0.1592328222175586,0.46456561996069085,1,345,800,40
0.32632541506561896,0.3263254150652835,0.54946997328846,1,346,50,5
0.2525336927973989,0.25253369279711246,0.5083387697220918,1,346,50,10
0.02253595118771952,0.02253595118769266,0.4388157313259866,1,346,50,20
0.20599168874936463,0.20599168874913978,0.595319768130063,1,346,50,40
0.32632541506561896,0.3263254150654925,0.5381933983563976,1,346,100,5
0.2525336927973989,0.2525336927972909,0.5014191910317126,1,346,100,10
0.02253595118771952,0.022535951187709423,0.4411778126063751,1,346,100,20
0.20599168874936463,0.20599168874927987,0.5895752750007562,1,346,100,40
0.32632541506561896,0.326325415065585,0.5291394317100317,1,346,200,5
0.2525336927973989,0.2525336927973698,0.49625792836418137,1,346,200,10
0.02253595118771952,0.022535951187716743,0.44488139114007597,1,346,200,20
0.20599168874936463,0.20599168874934193,0.5856792962057364,1,346,200,40
0.32632541506561896,0.3263254150656149,0.5253129225716429,1,346,400,5
0.2525336927973989,0.25253369279739546,0.49425288696652847,1,346,400,10
0.02253595118771952,0.022535951187719103,0.44725418797262195,1,346,400,20
0.20599168874936463,0.2059916887493619,0.5843528153943534,1,346,400,40
0.32632541506561896,0.32632541506561885,0.5247724312015833,1,346,800,5
0.2525336927973989,0.2525336927973988,0.4939818433037283,1,346,800,10
0.02253595118771952,0.022535951187719644,0.4476450797970193,1,346,800,20
0.20599168874936463,0.2059916887493646,0.5841875435394159,1,346,800,40
0.10612560377583294,0.1061256037757222,0.39104759460409116,1,347,50,5
0.05172162431676219,0.05172162431670793,0.5334853570360374,1,347,50,10
0.17402807118243557,0.17402807118224625,0.41653883929179825,1,347,50,20
0.07373702647342747,0.07373702647335251,0.39620850117082007,1,347,50,40
0.10612560377583294,0.10612560377579117,0.3910508812760009,1,347,100,5
0.05172162431676219,0.05172162431674167,0.5352451592800054,1,347,100,10
0.17402807118243557,0.17402807118236427,0.41359658804853416,1,347,100,20
0.07373702647342747,0.07373702647339928,0.397608331946796,1,347,100,40
0.10612560377583294,0.1061256037758217,0.3928952966938004,1,347,200,5
0.05172162431676219,0.0517216243167567,0.5387727762773334,1,347,200,10
0.17402807118243557,0.1740280711824165,0.4124316449514978,1,347,200,20
0.07373702647342747,0.07373702647341987,0.40090680614190666,1,347,200,40
0.10612560377583294,0.10612560377583159,0.3944978620322509,1,347,400,5
0.05172162431676219,0.05172162431676153,0.5412086700858935,1,347,400,10
0.17402807118243557,0.17402807118243335,0.412474391790295,1,347,400,20
0.07373702647342747,0.07373702647342648,0.40327261503316414,1,347,400,40
0.10612560377583294,0.10612560377583292,0.39478102997434905,1,347,800,5
0.05172162431676219,0.05172162431676218,0.5416179620370136,1,347,800,10
0.17402807118243557,0.1740280711824356,0.4125173615147877,1,347,800,20
0.07373702647342747,0.07373702647342753,0.403673854407014,1,347,800,40
0.09452522790020705,0.09452522790011211,0.40949499030474246,1,348,50,5
0.034569388964326986,0.03456938896428895,0.47764450339246967,1,348,50,10
0.1169610069520899,0.11696100695195169,0.5125901786754166,1,348,50,20
0.0026952638538620885,0.0026952638538591464,0.42633274923173337,1,348,50,40
0.09452522790020705,0.09452522790017132,0.4100489216468462,1,348,100,5
0.034569388964326986,0.03456938896431268,0.4799661002383635,1,348,100,10
0.1169610069520899,0.11696100695203779,0.5112068637307807,1,348,100,20
0.0026952638538620885,0.0026952638538609228,0.4298997668653126,1,348,100,40
0.09452522790020705,0.09452522790019749,0.41257306129907956,1,348,200,5
0.034569388964326986,0.034569388964323114,0.4838773465678224,1,348,200,10
0.1169610069520899,0.11696100695207595,0.5112971867299279,1,348,200,20
0.0026952638538620885,0.002695263853861804,0.43499461451977184,1,348,200,40
0.09452522790020705,0.09452522790020593,0.41456908469356,1,348,400,5
0.034569388964326986,0.034569388964326556,0.486445239238682,1,348,400,10
0.1169610069520899,0.11696100695208822,0.5118720577654787,1,348,400,20
0.0026952638538620885,0.0026952638538620954,0.4381448073704498,1,348,400,40
0.09452522790020705,0.09452522790020707,0.4149151570438879,1,348,800,5
0.034569388964326986,0.034569388964326986,0.48687109596736455,1,348,800,10
0.1169610069520899,0.11696100695208994,0.5119903005071201,1,348,800,20
0.0026952638538620885,0.002695263853862151,0.43865857802364205,1,348,800,40
0.17325655021614775,0.17325655021596376,0.4476164760172743,1,349,50,5
0.16703028666190994,0.1670302866617048,0.565283987850953,1,349,50,10
0.16090456938388686,0.16090456938370162,0.6026778274385702,1,349,50,20
0.2664033067434513,0.2664033067431144,0.4745714714313025,1,349,50,40
0.17325655021614775,0.1732565502160784,0.4444773542343553,1,349,100,5
0.16703028666190994,0.1670302866618326,0.5616026469420807,1,349,100,10
0.16090456938388686,0.1609045693838171,0.5990022963669573,1,349,100,20
0.2664033067434513,0.2664033067433243,0.46786176599858886,1,349,100,40
0.17325655021614775,0.1732565502161291,0.4432057767766603,1,349,200,5
0.16703028666190994,0.16703028666188924,0.5593550200528015,1,349,200,10
0.16090456938388686,0.16090456938386816,0.5969435498468861,1,349,200,20
0.2664033067434513,0.2664033067434172,0.4625993840302909,1,349,200,40
0.17325655021614775,0.1732565502161455,0.4432264407976345,1,349,400,5
0.16703028666190994,0.16703028666190758,0.5587215440907743,1,349,400,10
0.16090456938388686,0.1609045693838847,0.5964722233942925,1,349,400,20
0.2664033067434513,0.26640330674344725,0.4604311154014137,1,349,400,40
0.17325655021614775,0.1732565502161477,0.4432678777185831,1,349,800,5
0.16703028666190994,0.16703028666190994,0.5586539071255054,1,349,800,10
0.16090456938388686,0.16090456938388686,0.5964331717763888,1,349,800,20
0.2664033067434513,0.26640330674345125,0.46012869978910165,1,349,800,40
0.31131397956843504,0.3113139795681117,0.39104211279229006,1,350,50,5
0.3567739539520197,0.3567739539516475,0.429419208578826,1,350,50,10
-0.05878668855799826,-0.05878668855793284,0.66596608167995,1,350,50,20
0.06061842488297539,0.060618424882910776,0.33730836292803185,1,350,50,40
0.31131397956843504,0.3113139795683131,0.3828190534850039,1,350,100,5
0.3567739539520197,0.3567739539518794,0.4186949014917713,1,350,100,10
-0.05878668855799826,-0.058786688557973615,0.6723815882263342,1,350,100,20
0.06061842488297539,0.06061842488295098,0.3391315180347755,1,350,100,40
0.31131397956843504,0.3113139795684023,0.3766905001787222,1,350,200,5
0.3567739539520197,0.3567739539519821,0.410121158165079,1,350,200,10
-0.05878668855799826,-0.05878668855799164,0.6802293969717998,1,350,200,20
0.06061842488297539,0.06061842488296881,0.34266319932062345,1,350,200,40
0.31131397956843504,0.3113139795684311,0.3743120756103495,1,350,400,5
0.3567739539520197,0.3567739539520153,0.40651405589507195,1,350,400,10
-0.05878668855799826,-0.05878668855799747,0.684751288452407,1,350,400,20
0.06061842488297539,0.060618424882974614,0.34507989605200906,1,350,400,40
0.31131397956843504,0.311313979568435,0.3739907369756681,1,350,800,5
0.3567739539520197,0.3567739539520197,0.40600569083521265,1,350,800,10
-0.05878668855799826,-0.05878668855799826,0.6854731806912345,1,350,800,20
0.06061842488297539,0.06061842488297535,0.34548503290072163,1,350,800,40
0.17909350393740434,0.17909350393720486,0.446838155332011,1,351,50,5
0.13594759012239388,0.13594759012221305,0.4267891134842414,1,351,50,10
0.17914151986896062,0.17914151986876264,0.5384436674970714,1,351,50,20
0.07425301425780063,0.07425301425771548,0.3967735497778653,1,351,50,40
0.17909350393740434,0.17909350393732915,0.44344417244755957,1,351,100,5
0.13594759012239388,0.1359475901223257,0.4249877481940507,1,351,100,10
0.17914151986896062,0.17914151986888596,0.5343628148850034,1,351,100,20
0.07425301425780063,0.07425301425776855,0.39755030527145696,1,351,100,40
0.17909350393740434,0.17909350393738413,0.4417639356482291,1,351,200,5
0.13594759012239388,0.13594759012237567,0.42437035673745244,1,351,200,10
0.17914151986896062,0.17914151986894056,0.5320389066792406,1,351,200,20
0.07425301425780063,0.07425301425779206,0.3998250883629909,1,351,200,40
0.17909350393740434,0.1790935039374019,0.44152070900881046,1,351,400,5
0.13594759012239388,0.13594759012239171,0.42447985693855383,1,351,400,10
0.17914151986896062,0.1791415198689582,0.5314824480180709,1,351,400,20
0.07425301425780063,0.07425301425779965,0.4015243434021917,1,351,400,40
0.17909350393740434,0.17909350393740425,0.4415185785427267,1,351,800,5
0.13594759012239388,0.1359475901223938,0.4245208907305955,1,351,800,10
0.17914151986896062,0.17914151986896057,0.5314332305174874,1,351,800,20
0.07425301425780063,0.07425301425780066,0.4018152883478451,1,351,800,40
0.14786177434753411,0.14786177434737807,0.4328472602587875,1,352,50,5
0.12873241091091636,0.12873241091076992,0.43601022278332335,1,352,50,10
0.17111402240529897,0.1711140224051133,0.41994472339485267,1,352,50,20
0.19150944551172813,0.1915094455115411,0.6782158333002248,1,352,50,40
0.14786177434753411,0.1478617743474753,0.4308790022729023,1,352,100,5
0.12873241091091636,0.12873241091086118,0.4346253872937064,1,352,100,10
0.17111402240529897,0.17111402240522902,0.41709250248264507,1,352,100,20
0.19150944551172813,0.19150944551165766,0.6723810371055906,1,352,100,40
0.14786177434753411,0.14786177434751838,0.430766920066932,1,352,200,5
0.12873241091091636,0.1287324109109016,0.43482838144206193,1,352,200,10
0.17111402240529897,0.1711140224052802,0.4160239449419523,1,352,200,20
0.19150944551172813,0.19150944551170926,0.6688151234440534,1,352,200,40
0.14786177434753411,0.14786177434753223,0.43137567478261435,1,352,400,5
0.12873241091091636,0.12873241091091464,0.4355017671651147,1,352,400,10
0.17111402240529897,0.17111402240529675,0.41611819743084816,1,352,400,20
0.19150944551172813,0.19150944551172583,0.667808039585434,1,352,400,40
0.14786177434753411,0.14786177434753414,0.43150694636719084,1,352,800,5
0.12873241091091636,0.1287324109109163,0.4356374378574853,1,352,800,10
0.17111402240529897,0.17111402240529894,0.41616918562128297,1,352,800,20
0.19150944551172813,0.1915094455117281,0.6677002989545416,1,352,800,40
0.040214797809900664,0.04021479780985441,0.6270852127923263,1,353,50,5
0.12283846601141832,0.12283846601128966,0.45925035403994385,1,353,50,10
0.0188179579787024,0.01881795797868265,0.5334016761651659,1,353,50,20
0.0749642966413317,0.07496429664125032,0.5407760675950279,1,353,50,40
0.040214797809900664,0.040214797809883275,0.6286993911770464,1,353,100,5
0.12283846601141832,0.12283846601136983,0.45818294456886055,1,353,100,10
0.0188179579787024,0.018817957978694934,0.5366495210773965,1,353,100,20
0.0749642966413317,0.07496429664130103,0.5413048785454935,1,353,100,40
0.040214797809900664,0.040214797809896,0.6317812219623942,1,353,200,5
0.12283846601141832,0.12283846601140534,0.4589729268631374,1,353,200,10
0.0188179579787024,0.01881795797870038,0.5416233636784273,1,353,200,20
0.0749642966413317,0.0749642966413235,0.5435179261851174,1,353,200,40
0.040214797809900664,0.04021479780990006,0.633881748420328,1,353,400,5
0.12283846601141832,0.12283846601141682,0.460042814280198,1,353,400,10
0.0188179579787024,0.018817957978702164,0.5447828602668074,1,353,400,20
0.0749642966413317,0.07496429664133077,0.5452524639982337,1,353,400,40
0.040214797809900664,0.040214797809900726,0.6342335266549027,1,353,800,5
0.12283846601141832,0.12283846601141823,0.4602447344752175,1,353,800,10
0.0188179579787024,0.018817957978702334,0.5453021169241659,1,353,800,20
0.0749642966413317,0.07496429664133171,0.5455526286351859,1,353,800,40
0.03890231079417952,0.03890231079413391,0.3502523503693397,1,354,50,5
0.03793575342378152,0.037935753423738956,0.43850990952625285,1,354,50,10
0.0013738611598461403,0.0013738611598445097,0.36849524768543246,1,354,50,20
0.2939565200684831,0.2939565200681691,0.5150199666313917,1,354,50,40
0.03890231079417952,0.038902310794162294,0.35225696058716405,1,354,100,5
0.03793575342378152,0.037935753423765525,0.4406395941926469,1,354,100,10
0.0013738611598461403,0.0013738611598455297,0.37182186348189766,1,354,100,20
0.2939565200684831,0.2939565200683647,0.5059585351179918,1,354,100,40
0.03890231079417952,0.03890231079417492,0.3556590508896483,1,354,200,5
0.03793575342378152,0.03793575342377724,0.4442981758643663,1,354,200,10
0.0013738611598461403,0.0013738611598460432,0.3765515465186562,1,354,200,20
0.2939565200684831,0.2939565200684514,0.4989145316905167,1,354,200,40
0.03890231079417952,0.03890231079417897,0.3578979603119587,1,354,400,5
0.03793575342378152,0.03793575342378103,0.4467152313021423,1,354,400,10
0.0013738611598461403,0.0013738611598460224,0.3794704799804486,1,354,400,20
0.2939565200684831,0.2939565200684794,0.4960409189150298,1,354,400,40
0.03890231079417952,0.03890231079417944,0.35826949419965937,1,354,800,5
0.03793575342378152,0.0379357534237815,0.4471167418906907,1,354,800,10
0.0013738611598461403,0.0013738611598461056,0.37994627584478347,1,354,800,20
0.2939565200684831,0.29395652006848305,0.4956421613169594,1,354,800,40
0.07524349172174337,0.07524349172166589,0.4181785127767843,1,355,50,5
0.2525887900930255,0.2525887900927741,0.48498816817483464,1,355,50,10
-0.01241488169549726,-0.01241488169548378,0.5765692942606953,1,355,50,20
0.45197367201343924,0.4519736720127918,0.4896406280945451,1,355,50,40
0.07524349172174337,0.07524349172171413,0.4193622490553932,1,355,100,5
0.2525887900930255,0.25258879009293067,0.4779112711801033,1,355,100,10
-0.01241488169549726,-0.012414881695492201,0.580960040648546,1,355,100,20
0.45197367201343924,0.45197367201319527,0.4772235474721467,1,355,100,40
0.07524349172174337,0.0752434917217355,0.4224007172245198,1,355,200,5
0.2525887900930255,0.2525887900930001,0.4730610962293614,1,355,200,10
-0.01241488169549726,-0.012414881695495882,0.5869261338059941,1,355,200,20
0.45197367201343924,0.45197367201337385,0.46614224447114333,1,355,200,40
0.07524349172174337,0.07524349172174243,0.42461798208706647,1,355,400,5
0.2525887900930255,0.2525887900930225,0.47138299575342624,1,355,400,10
-0.01241488169549726,-0.0124148816954971,0.5905383324159582,1,355,400,20
0.45197367201343924,0.4519736720134314,0.46096215235101845,1,355,400,40
0.07524349172174337,0.0752434917217433,0.42499557165794977,1,355,800,5
0.2525887900930255,0.2525887900930254,0.471171623147596,1,355,800,10
-0.01241488169549726,-0.012414881695497149,0.5911238342467804,1,355,800,20
0.45197367201343924,0.4519736720134391,0.46019618207412916,1,355,800,40
0.24132582130301328,0.24132582130276645,0.5545662765814474,1,356,50,5
0.3399644567559241,0.33996445675555537,0.6109678174874813,1,356,50,10
0.044228286369230846,0.04422828636917832,0.4248849531379465,1,356,50,20
0.32971197818092585,0.32971197818058523,0.4854539701379181,1,356,50,40
0.24132582130301328,0.24132582130292027,0.5473394449853578,1,356,100,5
0.3399644567559241,0.33996445675578524,0.5986341526694465,1,356,100,10
0.044228286369230846,0.04422828636921105,0.42651262946154095,1,356,100,20
0.32971197818092585,0.32971197818079756,0.4749721267064586,1,356,100,40
0.24132582130301328,0.24132582130298835,0.5422363491347,1,356,200,5
0.3399644567559241,0.339964456755887,0.5883605750580985,1,356,200,10
0.044228286369230846,0.044228286369225545,0.4295159530415822,1,356,200,20
0.32971197818092585,0.3297119781808915,0.4666704568130336,1,356,200,40
0.24132582130301328,0.2413258213030103,0.540392127048091,1,356,400,5
0.3399644567559241,0.3399644567559198,0.5838528816608357,1,356,400,10
0.044228286369230846,0.04422828636923025,0.43154337333794435,1,356,400,20
0.32971197818092585,0.32971197818092185,0.46321293008419295,1,356,400,40
0.24132582130301328,0.24132582130301325,0.5401532019484137,1,356,800,5
0.3399644567559241,0.3399644567559242,0.5832047345273678,1,356,800,10
0.044228286369230846,0.04422828636923081,0.43188206968055703,1,356,800,20
0.32971197818092585,0.3297119781809258,0.4627280797158892,1,356,800,40
0.2610569768310764,0.26105697683083384,0.6927557653532059,1,357,50,5
0.1308689743123675,0.13086897431221708,0.5453644176663485,1,357,50,10
0.34263681697453335,0.3426368169741805,0.37119932706174685,1,357,50,20
0.3494295231941631,0.3494295231938185,0.4023256920933447,1,357,50,40
0.2610569768310764,0.26105697683098494,0.6826069198026666,1,357,100,5
0.1308689743123675,0.13086897431231082,0.5433009803264005,1,357,100,10
0.34263681697453335,0.3426368169744004,0.36199237492170333,1,357,100,20
0.3494295231941631,0.3494295231940331,0.39203047708271227,1,357,100,40
0.2610569768310764,0.261056976831052,0.6750710078515179,1,357,200,5
0.1308689743123675,0.13086897431235225,0.5428138479941321,1,357,200,10
0.34263681697453335,0.3426368169744977,0.3549404586120817,1,357,200,20
0.3494295231941631,0.3494295231941282,0.3840927916595966,1,357,200,40
0.2610569768310764,0.26105697683107343,0.6721598384253901,1,357,400,5
0.1308689743123675,0.13086897431236574,0.5431306418512719,1,357,400,10
0.34263681697453335,0.3426368169745292,0.3521121783345093,1,357,400,20
0.3494295231941631,0.349429523194159,0.3808847920880782,1,357,400,40
0.2610569768310764,0.2610569768310764,0.6717675328083577,1,357,800,5
0.1308689743123675,0.13086897431236735,0.5432114633799072,1,357,800,10
0.34263681697453335,0.34263681697453335,0.35172318356686405,1,357,800,20
0.3494295231941631,0.349429523194163,0.3804417920759595,1,357,800,40
0.23991365728521277,0.239913657284963,0.6626354082979584,1,358,50,5
0.21323188226927772,0.2132318822690468,0.3799330416527593,1,358,50,10
0.22450443873328574,0.22450443873299278,0.5480534163397552,1,358,50,20
-0.14457461479801648,-0.14457461479785175,0.5696983329553442,1,358,50,40
0.23991365728521277,0.23991365728511865,0.6544935662720813,1,358,100,5
0.21323188226927772,0.2132318822691907,0.37581295565578243,1,358,100,10
0.22450443873328574,0.22450443873317538,0.5423689572039863,1,358,100,20
-0.14457461479801648,-0.1445746147979544,0.5793014351568561,1,358,100,40
0.23991365728521277,0.23991365728518751,0.648436779085009,1,358,200,5
0.21323188226927772,0.21323188226925438,0.3735188731067866,1,358,200,10
0.22450443873328574,0.22450443873325612,0.5380252149518179,1,358,200,20
-0.14457461479801648,-0.14457461479799988,0.5901700332003775,1,358,200,40
0.23991365728521277,0.23991365728520975,0.6460916153528813,1,358,400,5
0.21323188226927772,0.21323188226927492,0.3730024252186649,1,358,400,10
0.22450443873328574,0.22450443873328224,0.5362878574297273,1,358,400,20
-0.14457461479801648,-0.14457461479801456,0.5961748319920437,1,358,400,40
0.23991365728521277,0.23991365728521263,0.6457751770174676,1,358,800,5
0.21323188226927772,0.21323188226927764,0.372960750722225,1,358,800,10
0.22450443873328574,0.22450443873328574,0.5360492522691774,1,358,800,20
-0.14457461479801648,-0.14457461479801648,0.5971204169862983,1,358,800,40
0.3462829585762921,0.34628295857593916,0.564840235998667,1,359,50,5
0.2681272933544267,0.26812729335414975,0.5183041357728853,1,359,50,10
0.32706917345026965,0.32706917344991054,0.5441086561249293,1,359,50,20
0.12762369436423504,0.12762369436410598,0.4996277820310332,1,359,50,40
0.3462829585762921,0.3462829585761591,0.5522956225447512,1,359,100,5
0.2681272933544267,0.26812729335432234,0.5102323892186168,1,359,100,10
0.32706917345026965,0.32706917345013425,0.533349927984778,1,359,100,20
0.12762369436423504,0.12762369436418644,0.49822229900082887,1,359,100,40
0.3462829585762921,0.3462829585762565,0.5420414407825056,1,359,200,5
0.2681272933544267,0.26812729335439867,0.5042716335429147,1,359,200,10
0.32706917345026965,0.32706917345023334,0.5245645719766698,1,359,200,20
0.12762369436423504,0.12762369436422188,0.49881488377479277,1,359,200,40
0.3462829585762921,0.34628295857628794,0.5376263007962933,1,359,400,5
0.2681272933544267,0.26812729335442337,0.5019848202492907,1,359,400,10
0.32706917345026965,0.32706917345026537,0.5207858198542681,1,359,400,20
0.12762369436423504,0.1276236943642334,0.4998344322559145,1,359,400,40
0.3462829585762921,0.34628295857629204,0.5369970489838953,1,359,800,5
0.2681272933544267,0.26812729335442653,0.5016778499530097,1,359,800,10
0.32706917345026965,0.32706917345026953,0.5202475349226487,1,359,800,20
0.12762369436423504,0.12762369436423504,0.5000315258281545,1,359,800,40
0.3090150546799576,0.3090150546796314,0.5383180970947594,1,360,50,5
0.2309702692547354,0.23097026925448325,0.2979087763591378,1,360,50,10
0.3569057783636377,0.3569057783632349,0.29935299360311485,1,360,50,20
0.16691573870623053,0.16691573870604276,0.5011187781522068,1,360,50,40
0.3090150546799576,0.3090150546798347,0.5281987644158929,1,360,100,5
0.2309702692547354,0.2309702692546404,0.2940919699449486,1,360,100,10
0.3569057783636377,0.3569057783634858,0.29138720217447944,1,360,100,20
0.16691573870623053,0.1669157387061598,0.49782238035471565,1,360,100,40
0.3090150546799576,0.30901505467992463,0.520170215553849,1,360,200,5
0.2309702692547354,0.2309702692547099,0.2920664202104151,1,360,200,10
0.3569057783636377,0.35690577836359694,0.2852243418190585,1,360,200,20
0.16691573870623053,0.16691573870621154,0.4962036560213299,1,360,200,40
0.3090150546799576,0.30901505467995366,0.5168201023217016,1,360,400,5
0.2309702692547354,0.2309702692547323,0.2916746484681522,1,360,400,10
0.3569057783636377,0.35690577836363285,0.2827237789834619,1,360,400,20
0.16691573870623053,0.16691573870622828,0.49597890175043496,1,360,400,40
0.3090150546799576,0.30901505467995755,0.5163498707224581,1,360,800,5
0.2309702692547354,0.2309702692547353,0.2916513563762466,1,360,800,10
0.3569057783636377,0.35690577836363757,0.28237775921419844,1,360,800,20
0.16691573870623053,0.1669157387062305,0.49597886112883244,1,360,800,40
0.32536272612821315,0.3253627261278515,0.5003177498424947,1,361,50,5
0.30831795583875876,0.3083179558384712,0.6787564982279545,1,361,50,10
-0.029525381803576885,-0.029525381803544505,0.44056932958424283,1,361,50,20
0.00871300476838506,0.008713004768377167,0.4213013575405288,1,361,50,40
0.32536272612821315,0.3253627261280768,0.49030138382999866,1,361,100,5
0.30831795583875876,0.3083179558386504,0.6659776453229189,1,361,100,10
-0.029525381803576885,-0.029525381803564687,0.44547419916085784,1,361,100,20
0.00871300476838506,0.00871300476838211,0.42632739633222577,1,361,100,40
0.32536272612821315,0.3253627261281765,0.4821957603345117,1,361,200,5
0.30831795583875876,0.3083179558387297,0.6558706565461576,1,361,200,10
-0.029525381803576885,-0.029525381803573586,0.45190539655260736,1,361,200,20
0.00871300476838506,0.008713004768384214,0.433619897369175,1,361,200,40
0.32536272612821315,0.3253627261282089,0.4787416851672569,1,361,400,5
0.30831795583875876,0.3083179558387553,0.6516675480940839,1,361,400,10
-0.029525381803576885,-0.029525381803576455,0.4557375420956904,1,361,400,20
0.00871300476838506,0.008713004768384923,0.4381574827273582,1,361,400,40
0.32536272612821315,0.32536272612821304,0.478251841880309,1,361,800,5
0.30831795583875876,0.30831795583875865,0.651078586285576,1,361,800,10
-0.029525381803576885,-0.029525381803576882,0.45635572481929876,1,361,800,20
0.00871300476838506,0.00871300476838507,0.4388988732284197,1,361,800,40
0.28329779911221087,0.28329779911185055,0.5073778986171957,1,362,50,5
0.2840416378102707,0.28404163780994185,0.5660937799090378,1,362,50,10
0.2939980123645839,0.2939980123643152,0.49130369433499116,1,362,50,20
0.0071581436925484965,0.007158143692540697,0.4514912871862744,1,362,50,40
0.28329779911221087,0.2832977991120751,0.49974309455007254,1,362,100,5
0.2840416378102707,0.28404163781014685,0.5573238016556652,1,362,100,10
0.2939980123645839,0.29399801236448264,0.48179696896048696,1,362,100,20
0.0071581436925484965,0.007158143692545554,0.45501855864119545,1,362,100,40
0.28329779911221087,0.28329779911217445,0.49356757032379145,1,362,200,5
0.2840416378102707,0.2840416378102375,0.5503027788917779,1,362,200,10
0.2939980123645839,0.2939980123645568,0.4749652230653925,1,362,200,20
0.0071581436925484965,0.007158143692547719,0.4601385561073532,1,362,200,40
0.28329779911221087,0.28329779911220654,0.4909372376830987,1,362,400,5
0.2840416378102707,0.28404163781026676,0.5473445745757194,1,362,400,10
0.2939980123645839,0.29399801236458073,0.4724359427483318,1,362,400,20
0.0071581436925484965,0.007158143692548483,0.4633248780100184,1,362,400,40
0.28329779911221087,0.28329779911221076,0.4905643007730341,1,362,800,5
0.2840416378102707,0.28404163781027064,0.5469273596667207,1,362,800,10
0.2939980123645839,0.29399801236458384,0.4721033959824386,1,362,800,20
0.0071581436925484965,0.007158143692548469,0.4638455118568077,1,362,800,40
0.13581697229322154,0.13581697229307452,0.4449026576027019,1,363,50,5
-0.015279529690058295,-0.015279529690040414,0.5647589233651924,1,363,50,10
0.2264877574173968,0.22648775741713353,0.3868561804783494,1,363,50,20
0.12592286905542788,0.12592286905527333,0.5967975508272044,1,363,50,40
0.13581697229322154,0.13581697229316614,0.44329293486687615,1,363,100,5
-0.015279529690058295,-0.015279529690051596,0.5686954991795671,1,363,100,10
0.2264877574173968,0.22648775741729757,0.3822393334045314,1,363,100,20
0.12592286905542788,0.12592286905536962,0.5946324290460802,1,363,100,40
0.13581697229322154,0.13581697229320666,0.4434380703482732,1,363,200,5
-0.015279529690058295,-0.015279529690056486,0.5739859947815825,1,363,200,10
0.2264877574173968,0.2264877574173702,0.37923831563994886,1,363,200,20
0.12592286905542788,0.12592286905541228,0.5938597730643054,1,363,200,40
0.13581697229322154,0.13581697229321982,0.44414183679595665,1,363,400,5
-0.015279529690058295,-0.015279529690058146,0.577173708596004,1,363,400,10
0.2264877574173968,0.2264877574173937,0.3782854159186596,1,363,400,20
0.12592286905542788,0.12592286905542602,0.5939647845947794,1,363,400,40
0.13581697229322154,0.13581697229322157,0.44428558334558654,1,363,800,5
-0.015279529690058295,-0.015279529690058238,0.5776896616869177,1,363,800,10
0.2264877574173968,0.2264877574173967,0.3781725905069442,1,363,800,20
0.12592286905542788,0.12592286905542788,0.594009403626305,1,363,800,40
0.11875311553365267,0.11875311553352837,0.39197709118223745,1,364,50,5
-0.07362048032663082,-0.073620480326551,0.5055403508912876,1,364,50,10
0.2011648586458591,0.20116485864562356,0.3394078285749649,1,364,50,20
0.04462572814417077,0.04462572814412416,0.40908606570510914,1,364,50,40
0.11875311553365267,0.11875311553360582,0.39146542991889655,1,364,100,5
-0.07362048032663082,-0.07362048032660075,0.5124809330917961,1,364,100,10
0.2011648586458591,0.20116485864577027,0.33613565660290146,1,364,100,20
0.04462572814417077,0.0446257281441532,0.4114467007214817,1,364,100,40
0.11875311553365267,0.11875311553364008,0.3927974243587076,1,364,200,5
-0.07362048032663082,-0.07362048032662277,0.5209266781062132,1,364,200,10
0.2011648586458591,0.20116485864583525,0.33441917528542653,1,364,200,20
0.04462572814417077,0.04462572814416607,0.4155743756961364,1,364,200,40
0.11875311553365267,0.11875311553365121,0.3941391961233618,1,364,400,5
-0.07362048032663082,-0.07362048032662995,0.5257800860538864,1,364,400,10
0.2011648586458591,0.20116485864585631,0.33410072773539873,1,364,400,20
0.04462572814417077,0.0446257281441702,0.41831644914267174,1,364,400,40
0.11875311553365267,0.11875311553365267,0.3943824746267156,1,364,800,5
-0.07362048032663082,-0.07362048032663082,0.5265542440704701,1,364,800,10
0.2011648586458591,0.20116485864585898,0.33408383790872015,1,364,800,20
0.04462572814417077,0.04462572814417064,0.4187726174357196,1,364,800,40
0.2986244657546452,0.2986244657543431,0.3926546433734614,1,365,50,5
0.13904887761072826,0.13904887761056622,0.5694235941616226,1,365,50,10
0.2057831711964791,0.20578317119623418,0.4037564316871944,1,365,50,20
0.141296487799548,0.1412964877993668,0.5290632291436986,1,365,50,40
0.2986244657546452,0.29862446575453133,0.384827422297789,1,365,100,5
0.13904887761072826,0.13904887761066714,0.5668774715707018,1,365,100,10
0.2057831711964791,0.20578317119638675,0.39974296474567084,1,365,100,20
0.141296487799548,0.14129648779947973,0.5265843933740367,1,365,100,40
0.2986244657546452,0.29862446575461477,0.37918397647846946,1,365,200,5
0.13904887761072826,0.1390488776107119,0.5658799854201924,1,365,200,10
0.2057831711964791,0.20578317119645437,0.3972594922662635,1,365,200,20
0.141296487799548,0.1412964877995297,0.5253954294433644,1,365,200,40
0.2986244657546452,0.2986244657546416,0.37708533263577415,1,365,400,5
0.13904887761072826,0.13904887761072632,0.5659262072636306,1,365,400,10
0.2057831711964791,0.20578317119647616,0.39654011226745467,1,365,400,20
0.141296487799548,0.1412964877995459,0.5252510161830588,1,365,400,40
0.2986244657546452,0.29862446575464513,0.3768086725808596,1,365,800,5
0.13904887761072826,0.1390488776107282,0.565965022953275,1,365,800,10
0.2057831711964791,0.20578317119647904,0.3964612919774214,1,365,800,20
0.141296487799548,0.14129648779954793,0.5252553326590456,1,365,800,40
0.22782367659673736,0.22782367659651528,0.5232974614738695,1,366,50,5
0.050396053129837984,0.05039605312978063,0.5253199486505902,1,366,50,10
0.17849171734006197,0.1784917173398716,0.5256305969887836,1,366,50,20
0.2820869311535741,0.2820869311532326,0.4376598043560848,1,366,50,40
0.22782367659673736,0.22782367659665365,0.5169418471870729,1,366,100,5
0.050396053129837984,0.050396053129816445,0.5267273537781709,1,366,100,10
0.17849171734006197,0.1784917173399902,0.5216629582733441,1,366,100,20
0.2820869311535741,0.28208693115344535,0.4305934759381709,1,366,100,40
0.22782367659673736,0.22782367659671482,0.5128780828752404,1,366,200,5
0.050396053129837984,0.05039605312983213,0.529645124737558,1,366,200,10
0.17849171734006197,0.17849171734004277,0.5195711045137436,1,366,200,20
0.2820869311535741,0.28208693115353956,0.42509848888205337,1,366,200,40
0.22782367659673736,0.22782367659673475,0.5116249807579422,1,366,400,5
0.050396053129837984,0.0503960531298373,0.5316771892439341,1,366,400,10
0.17849171734006197,0.1784917173400596,0.5191757991976929,1,366,400,20
0.2820869311535741,0.28208693115356986,0.4228559233939398,1,366,400,40
0.22782367659673736,0.2278236765967373,0.5114800324600929,1,366,800,5
0.050396053129837984,0.05039605312983799,0.5320193576895902,1,366,800,10
0.17849171734006197,0.17849171734006183,0.5191536981941052,1,366,800,20
0.2820869311535741,0.2820869311535739,0.42254467055911576,1,366,800,40
0.29925099499017094,0.299250994989811,0.5102365005235346,1,367,50,5
0.2871825601756177,0.2871825601752425,0.5038635269683924,1,367,50,10
0.264062077876603,0.26406207787634706,0.5792256259736344,1,367,50,20
0.2882783338762325,0.2882783338758925,0.5211191060946461,1,367,50,40
0.29925099499017094,0.2992509949900353,0.5016601377880505,1,367,100,5
0.2871825601756177,0.2871825601754763,0.49625668502630155,1,367,100,10
0.264062077876603,0.26406207787650654,0.5703844351818055,1,367,100,20
0.2882783338762325,0.28827833387610435,0.5127557891412275,1,367,100,40
0.29925099499017094,0.2992509949901346,0.49471612536757026,1,367,200,5
0.2871825601756177,0.2871825601755798,0.4900435310311372,1,367,200,10
0.264062077876603,0.2640620778765772,0.5639299114531842,1,367,200,20
0.2882783338762325,0.2882783338761981,0.5060749515352727,1,367,200,40
0.29925099499017094,0.2992509949901667,0.4917554132815903,1,367,400,5
0.2871825601756177,0.28718256017561317,0.48737044596693446,1,367,400,10
0.264062077876603,0.26406207787659997,0.561489836933923,1,367,400,20
0.2882783338762325,0.2882783338762285,0.5032666326635096,1,367,400,40
0.29925099499017094,0.2992509949901709,0.49133542467459485,1,367,800,5
0.2871825601756177,0.2871825601756176,0.48698961721506484,1,367,800,10
0.264062077876603,0.26406207787660296,0.5611650437947494,1,367,800,20
0.2882783338762325,0.2882783338762324,0.5028710107896613,1,367,800,40
0.15951131727720658,0.1595113172770484,0.47185479233618866,1,368,50,5
0.11168508485833473,0.1116850848582254,0.4539321318256351,1,368,50,10
0.19527705322682545,0.19527705322660424,0.6257086522299224,1,368,50,20
0.01603057763086664,0.016030577630847274,0.48286543542307137,1,368,50,40
0.15951131727720658,0.15951131727714696,0.4692203988860102,1,368,100,5
0.11168508485833473,0.11168508485829348,0.4536314084177718,1,368,100,10
0.19527705322682545,0.1952770532267421,0.620310400562103,1,368,100,20
0.01603057763086664,0.016030577630859404,0.4853545540333834,1,368,100,40
0.15951131727720658,0.15951131727719056,0.4686997925447376,1,368,200,5
0.11168508485833473,0.11168508485832364,0.4554288733937464,1,368,200,10
0.19527705322682545,0.19527705322680308,0.6166287852949033,1,368,200,20
0.01603057763086664,0.016030577630864677,0.489142831056828,1,368,200,40
0.15951131727720658,0.15951131727720463,0.46919233956635303,1,368,400,5
0.11168508485833473,0.11168508485833345,0.4570996936124485,1,368,400,10
0.19527705322682545,0.19527705322682284,0.6153644649499852,1,368,400,20
0.01603057763086664,0.016030577630866447,0.49154369334847087,1,368,400,40
0.15951131727720658,0.15951131727720652,0.46931109294548723,1,368,800,5
0.11168508485833473,0.11168508485833474,0.4573985829734711,1,368,800,10
0.19527705322682545,0.19527705322682548,0.615206010518771,1,368,800,20
0.01603057763086664,0.016030577630866696,0.49193801580890756,1,368,800,40
0.3795708339544242,0.3795708339539908,0.45848915338058244,1,369,50,5
0.24079167879875557,0.24079167879849747,0.5196804942623895,1,369,50,10
0.3211198173611365,0.3211198173607942,0.374932607429198,1,369,50,20
0.29076830222862105,0.29076830222830846,0.4400906168430168,1,369,50,40
0.3795708339544242,0.37957083395426083,0.44702740969152716,1,369,100,5
0.24079167879875557,0.24079167879865826,0.5129740974264991,1,369,100,10
0.3211198173611365,0.3211198173610076,0.3666847303992594,1,369,100,20
0.29076830222862105,0.29076830222850314,0.4321570864244675,1,369,100,40
0.3795708339544242,0.37957083395438046,0.43743471025969943,1,369,200,5
0.24079167879875557,0.24079167879872948,0.5082049366712167,1,369,200,10
0.3211198173611365,0.32111981736110196,0.3604392658069003,1,369,200,20
0.29076830222862105,0.2907683022285895,0.4261866432920332,1,369,200,40
0.3795708339544242,0.37957083395441915,0.4332062041702688,1,369,400,5
0.24079167879875557,0.24079167879875246,0.5064643435513362,1,369,400,10
0.3211198173611365,0.3211198173611324,0.3579680898743947,1,369,400,20
0.29076830222862105,0.2907683022286174,0.42384181461774456,1,369,400,40
0.3795708339544242,0.37957083395442404,0.4325969002071309,1,369,800,5
0.24079167879875557,0.24079167879875546,0.5062374675054306,1,369,800,10
0.3211198173611365,0.3211198173611364,0.357630658821101,1,369,800,20
0.29076830222862105,0.29076830222862093,0.42352292807801384,1,369,800,40
0.23935262266154325,0.2393526226612907,0.38872946701516103,1,370,50,5
0.03328708940639702,0.03328708940636699,0.6082743495657608,1,370,50,10
0.2428971245262087,0.24289712452591328,0.5224970636067617,1,370,50,20
0.2592071485431728,0.2592071485428882,0.49892095996630725,1,370,50,40
0.23935262266154325,0.23935262266144808,0.3834767279313659,1,370,100,5
0.03328708940639702,0.03328708940638568,0.6119414559293868,1,370,100,10
0.2428971245262087,0.24289712452609738,0.5160816102517058,1,370,100,20
0.2592071485431728,0.2592071485430655,0.491701071128236,1,370,100,40
0.23935262266154325,0.23935262266151774,0.3801750452918974,1,370,200,5
0.03328708940639702,0.033287089406394035,0.6179590159587943,1,370,200,10
0.2428971245262087,0.2428971245261789,0.5112059463730336,1,370,200,20
0.2592071485431728,0.259207148543144,0.48635172374961344,1,370,200,40
0.23935262266154325,0.23935262266154025,0.3791888716250962,1,370,400,5
0.03328708940639702,0.033287089406396686,0.6218756080467885,1,370,400,10
0.2428971245262087,0.24289712452620518,0.5092683566861911,1,370,400,20
0.2592071485431728,0.2592071485431693,0.48429089150502597,1,370,400,40
0.23935262266154325,0.23935262266154322,0.37907782013557934,1,370,800,5
0.03328708940639702,0.03328708940639703,0.6225236130512639,1,370,800,10
0.2428971245262087,0.24289712452620865,0.5090031650979602,1,370,800,20
0.2592071485431728,0.2592071485431727,0.4840136031977671,1,370,800,40
0.06810126445227174,0.06810126445220102,0.49845450978862527,1,371,50,5
0.29048770135885876,0.2904877013585246,0.5020676043173893,1,371,50,10
0.3746829729782764,0.3746829729778517,0.38471622208610756,1,371,50,20
0.3069664963716829,0.3069664963713725,0.39533090490824835,1,371,50,40
0.06810126445227174,0.06810126445224512,0.4996267025268246,1,371,100,5
0.29048770135885876,0.29048770135873275,0.4936988531487313,1,371,100,10
0.3746829729782764,0.37468297297811637,0.37461176836691634,1,371,100,20
0.3069664963716829,0.30696649637156587,0.38710822905894626,1,371,100,40
0.06810126445227174,0.06810126445226466,0.5026197198396892,1,371,200,5
0.29048770135885876,0.29048770135882485,0.4870857997478515,1,371,200,10
0.3746829729782764,0.3746829729782335,0.3663595181707344,1,371,200,20
0.3069664963716829,0.3069664963716515,0.38108362816931246,1,371,200,40
0.06810126445227174,0.06810126445227091,0.5048016063838231,1,371,400,5
0.29048770135885876,0.29048770135885477,0.4843383699741361,1,371,400,10
0.3746829729782764,0.37468297297827124,0.3628095549723216,1,371,400,20
0.3069664963716829,0.30696649637167917,0.3787954540734404,1,371,400,40
0.06810126445227174,0.06810126445227174,0.5051730827985643,1,371,800,5
0.29048770135885876,0.2904877013588587,0.4839535739144869,1,371,800,10
0.3746829729782764,0.37468297297827635,0.3623038265222387,1,371,800,20
0.3069664963716829,0.3069664963716828,0.3784900600080877,1,371,800,40
0.2517056208080555,0.251705620807801,0.3719468459117158,1,372,50,5
0.12639787445953643,0.12639787445937783,0.5712965058310188,1,372,50,10
0.29063000397865396,0.2906300039783168,0.47900615877709884,1,372,50,20
0.20049240365135235,0.20049240365112825,0.43516895050607474,1,372,50,40
0.2517056208080555,0.2517056208079595,0.3663516621695004,1,372,100,5
0.12639787445953643,0.1263978744594767,0.5692048301455362,1,372,100,10
0.29063000397865396,0.29063000397852684,0.4709428705995778,1,372,100,20
0.20049240365135235,0.20049240365126786,0.43102774150933476,1,372,100,40
0.2517056208080555,0.2517056208080297,0.36287815270093066,1,372,200,5
0.12639787445953643,0.12639787445952044,0.5684456038953997,1,372,200,10
0.29063000397865396,0.29063000397862,0.4646008021551773,1,372,200,20
0.20049240365135235,0.2004924036513297,0.4286107582430932,1,372,200,40
0.2517056208080555,0.25170562080805237,0.36186544251836944,1,372,400,5
0.12639787445953643,0.12639787445953451,0.5685359402745154,1,372,400,10
0.29063000397865396,0.29063000397864996,0.46197939729079107,1,372,400,20
0.20049240365135235,0.20049240365134968,0.42799502542996115,1,372,400,40
0.2517056208080555,0.2517056208080554,0.3617538234160792,1,372,800,5
0.12639787445953643,0.12639787445953643,0.5685770818336893,1,372,800,10
0.29063000397865396,0.29063000397865385,0.46161319570960657,1,372,800,20
0.20049240365135235,0.20049240365135226,0.42793605942240204,1,372,800,40
0.03863311518859451,0.03863311518855041,0.32237675902025364,1,373,50,5
0.16297932697061585,0.16297932697043443,0.5706092655644113,1,373,50,10
0.24411919971229382,0.24411919971204704,0.43227749961149886,1,373,50,20
0.197519518337824,0.19751951833757625,0.40016841265389735,1,373,50,40
0.03863311518859451,0.038633115188577906,0.3245934148091484,1,373,100,5
0.16297932697061585,0.16297932697054746,0.5670300502506675,1,373,100,10
0.24411919971229382,0.2441191997122008,0.4262442663407838,1,373,100,20
0.197519518337824,0.19751951833773065,0.39651558255850683,1,373,100,40
0.03863311518859451,0.03863311518859004,0.32828387951468085,1,373,200,5
0.16297932697061585,0.16297932697059753,0.5651708553230391,1,373,200,10
0.24411919971229382,0.24411919971226895,0.42234499497151007,1,373,200,20
0.197519518337824,0.19751951833779896,0.3942419708401888,1,373,200,40
0.03863311518859451,0.038633115188594025,0.3306974524164455,1,373,400,5
0.16297932697061585,0.16297932697061365,0.5648384835956026,1,373,400,10
0.24411919971229382,0.24411919971229093,0.42111925129739375,1,373,400,20
0.197519518337824,0.19751951833782105,0.3935756710205304,1,373,400,40
0.03863311518859451,0.03863311518859455,0.3310973007079293,1,373,800,5
0.16297932697061585,0.16297932697061587,0.5648228289051125,1,373,800,10
0.24411919971229382,0.24411919971229384,0.4209752573675509,1,373,800,20
0.197519518337824,0.1975195183378239,0.39350189019849785,1,373,800,40
0.07586798835295296,0.07586798835287663,0.5783307254102317,1,374,50,5
0.19064812859419264,0.19064812859398378,0.5879637935411484,1,374,50,10
0.11435840348901039,0.11435840348890258,0.4490440905443781,1,374,50,20
0.4044199415249349,0.40441994152453165,0.560157330270521,1,374,50,40
0.07586798835295296,0.07586798835292419,0.5790627901311725,1,374,100,5
0.19064812859419264,0.19064812859411387,0.5829970019298315,1,374,100,10
0.11435840348901039,0.1143584034889698,0.4488232547106289,1,374,100,20
0.4044199415249349,0.404419941524783,0.5445239375895035,1,374,100,40
0.07586798835295296,0.07586798835294523,0.5817535290820898,1,374,200,5
0.19064812859419264,0.19064812859417155,0.5798425638385376,1,374,200,10
0.11435840348901039,0.1143584034889995,0.4508631129769218,1,374,200,20
0.4044199415249349,0.4044199415248943,0.5313573763942449,1,374,200,40
0.07586798835295296,0.075867988352952,0.5838304985341819,1,374,400,5
0.19064812859419264,0.19064812859419017,0.5788818232682693,1,374,400,10
0.11435840348901039,0.11435840348900908,0.4527160338056505,1,374,400,20
0.4044199415249349,0.4044199415249301,0.525518137593987,1,374,400,40
0.07586798835295296,0.07586798835295294,0.5841887316154551,1,374,800,5
0.19064812859419264,0.19064812859419256,0.5787718244421157,1,374,800,10
0.11435840348901039,0.1143584034890104,0.4530461426365576,1,374,800,20
0.4044199415249349,0.40441994152493477,0.5246743963040816,1,374,800,40
0.1390364079623164,0.1390364079621805,0.5604755105242755,1,375,50,5
0.2634466204573086,0.2634466204570525,0.49181320740900425,1,375,50,10
0.18790283742930367,0.18790283742912386,0.41713669294093536,1,375,50,20
0.3426692964653563,0.3426692964650167,0.4495131003682201,1,375,50,40
0.1390364079623164,0.13903640796226513,0.5582506535992366,1,375,100,5
0.2634466204573086,0.26344662045721207,0.484064974727948,1,375,100,10
0.18790283742930367,0.18790283742923586,0.4137486628676682,1,375,100,20
0.3426692964653563,0.3426692964652283,0.43873088874197436,1,375,100,40
0.1390364079623164,0.13903640796230265,0.5581878408908262,1,375,200,5
0.2634466204573086,0.2634466204572826,0.4786623728485714,1,375,200,10
0.18790283742930367,0.1879028374292855,0.4126467322534488,1,375,200,20
0.3426692964653563,0.34266929646532196,0.43030066392753175,1,375,200,40
0.1390364079623164,0.1390364079623148,0.5589315039128666,1,375,400,5
0.2634466204573086,0.2634466204573055,0.47674480506037775,1,375,400,10
0.18790283742930367,0.18790283742930158,0.4129042149324692,1,375,400,20
0.3426692964653563,0.3426692964653524,0.42683912915108524,1,375,400,40
0.1390364079623164,0.13903640796231634,0.5590897053186001,1,375,800,5
0.2634466204573086,0.2634466204573085,0.4764991942378081,1,375,800,10
0.18790283742930367,0.18790283742930372,0.4129904988378632,1,375,800,20
0.3426692964653563,0.34266929646535627,0.4263571859630119,1,375,800,40
0.08014495904872213,0.08014495904863561,0.6044100078991678,1,376,50,5
0.10504771968787052,0.10504771968776516,0.5550401681886689,1,376,50,10
-0.08079293051220059,-0.0807929305121124,0.4899486688371273,1,376,50,20
0.19210729575799673,0.19210729575778268,0.4479446012124666,1,376,50,40
0.08014495904872213,0.08014495904868951,0.6045315409576453,1,376,100,5
0.10504771968787052,0.10504771968783082,0.554445312264007,1,376,100,10
-0.08079293051220059,-0.08079293051216735,0.497058832805197,1,376,100,20
0.19210729575799673,0.19210729575791607,0.44402379444100304,1,376,100,40
0.08014495904872213,0.08014495904871335,0.6063689806174555,1,376,200,5
0.10504771968787052,0.10504771968785989,0.5558582269887146,1,376,200,10
-0.08079293051220059,-0.08079293051219166,0.5056452065517613,1,376,200,20
0.19210729575799673,0.19210729575797508,0.44183014103086155,1,376,200,40
0.08014495904872213,0.0801449590487211,0.6079230535884526,1,376,400,5
0.10504771968787052,0.10504771968786927,0.557300210332196,1,376,400,10
-0.08079293051220059,-0.08079293051219957,0.5105600471133864,1,376,400,20
0.19210729575799673,0.19210729575799418,0.44132951619734745,1,376,400,40
0.08014495904872213,0.08014495904872217,0.6081962285797459,1,376,800,5
0.10504771968787052,0.10504771968787058,0.5575621997625273,1,376,800,10
-0.08079293051220059,-0.08079293051220049,0.5113430203533791,1,376,800,20
0.19210729575799673,0.19210729575799673,0.4412882392776747,1,376,800,40
0.1718040569881471,0.1718040569879616,0.4572156304500049,1,377,50,5
-0.14024996637966444,-0.14024996637951742,0.698707270544709,1,377,50,10
0.08613235896184013,0.08613235896173915,0.432567773504505,1,377,50,20
0.1786099252536906,0.1786099252535058,0.3463760724839655,1,377,50,40
0.1718040569881471,0.17180405698807716,0.45405016932725384,1,377,100,5
-0.14024996637966444,-0.140249966379609,0.7099619293091415,1,377,100,10
0.08613235896184013,0.086132358961802,0.4327083156418464,1,377,100,20
0.1786099252536906,0.17860992525362096,0.3439329630021125,1,377,100,40
0.1718040569881471,0.1718040569881284,0.4526945552542644,1,377,200,5
-0.14024996637966444,-0.14024996637964965,0.7227118504267762,1,377,200,10
0.08613235896184013,0.08613235896182994,0.4343017647041716,1,377,200,20
0.1786099252536906,0.17860992525367192,0.3434306076397854,1,377,200,40
0.1718040569881471,0.1718040569881449,0.45265159884677353,1,377,400,5
-0.14024996637966444,-0.1402499663796627,0.7297599063892254,1,377,400,10
0.08613235896184013,0.08613235896183885,0.43563686402671953,1,377,400,20
0.1786099252536906,0.17860992525368846,0.343870391376044,1,377,400,40
0.1718040569881471,0.17180405698814713,0.4526821097227466,1,377,800,5
-0.14024996637966444,-0.14024996637966444,0.7308699776511599,1,377,800,10
0.08613235896184013,0.0861323589618401,0.4358711128906848,1,377,800,20
0.1786099252536906,0.1786099252536906,0.343977517899381,1,377,800,40
0.34356493134872873,0.34356493134830773,0.45696033393222196,1,378,50,5
0.21890478428294932,0.21890478428267857,0.41845766668186235,1,378,50,10
0.14899848585181935,0.14899848585165143,0.3876783232977309,1,378,50,20
0.45131315262292687,0.4513131526224489,0.44443510475610126,1,378,50,40
0.34356493134872873,0.34356493134857,0.4474501817136082,1,378,100,5
0.21890478428294932,0.21890478428284724,0.41390303545471085,1,378,100,10
0.14899848585181935,0.148998485851756,0.3858549540099425,1,378,100,20
0.45131315262292687,0.4513131526227467,0.42948552721771993,1,378,100,40
0.34356493134872873,0.34356493134868626,0.43954905328309973,1,378,200,5
0.21890478428294932,0.21890478428292193,0.41078981886330257,1,378,200,10
0.14899848585181935,0.14899848585180245,0.38566176091139215,1,378,200,20
0.45131315262292687,0.4513131526228786,0.4167547361176147,1,378,200,40
0.34356493134872873,0.3435649313487236,0.4360911596824467,1,378,400,5
0.21890478428294932,0.21890478428294602,0.40971703764729117,1,378,400,10
0.14899848585181935,0.14899848585181735,0.3861480024676661,1,378,400,20
0.45131315262292687,0.45131315262292115,0.4110490522730869,1,378,400,40
0.34356493134872873,0.3435649313487287,0.4355945483758021,1,378,800,5
0.21890478428294932,0.21890478428294918,0.40958227773349776,1,378,800,10
0.14899848585181935,0.1489984858518193,0.3862558793578824,1,378,800,20
0.45131315262292687,0.4513131526229268,0.4102206820123615,1,378,800,40
0.24749151191729202,0.24749151191703234,0.669614542607047,1,379,50,5
0.2154202188202164,0.21542021881999918,0.4369801059002547,1,379,50,10
0.2728504706695646,0.2728504706692436,0.4804259745562324,1,379,50,20
0.27588953555540174,0.2758895355551164,0.4701011358761835,1,379,50,40
0.24749151191729202,0.24749151191719412,0.6610503763983753,1,379,100,5
0.2154202188202164,0.2154202188201345,0.4321448327801114,1,379,100,10
0.2728504706695646,0.27285047066944357,0.4731141179837792,1,379,100,20
0.27588953555540174,0.2758895355552943,0.46226649698167943,1,379,100,40
0.24749151191729202,0.24749151191726582,0.6545530445700872,1,379,200,5
0.2154202188202164,0.21542021882019446,0.4294200449937749,1,379,200,10
0.2728504706695646,0.27285047066953205,0.46746219336005895,1,379,200,20
0.27588953555540174,0.27588953555537293,0.4565300637499612,1,379,200,40
0.24749151191729202,0.24749151191728896,0.651976351289815,1,379,400,5
0.2154202188202164,0.2154202188202138,0.4287857023924291,1,379,400,10
0.2728504706695646,0.2728504706695607,0.46517126409445786,1,379,400,20
0.27588953555540174,0.27588953555539847,0.45435322758834296,1,379,400,40
0.24749151191729202,0.2474915119172919,0.6516240801951627,1,379,800,5
0.2154202188202164,0.21542021882021634,0.4287318019858569,1,379,800,10
0.2728504706695646,0.27285047066956447,0.4648544197340859,1,379,800,20
0.27588953555540174,0.27588953555540174,0.45406283856879465,1,379,800,40
0.2596720507468363,0.2596720507465622,0.5243892802242954,1,380,50,5
0.08183852597305419,0.08183852597296189,0.545458754010371,1,380,50,10
0.2267459585012439,0.22674595850094392,0.5640932832989669,1,380,50,20
0.1802793486781939,0.18027934867798845,0.5179045845616025,1,380,50,40
0.2596720507468363,0.259672050746733,0.5167246792823507,1,380,100,5
0.08183852597305419,0.08183852597301935,0.5455235784919212,1,380,100,10
0.2267459585012439,0.2267459585011309,0.5582495248091562,1,380,100,20
0.1802793486781939,0.18027934867811643,0.5139371005856681,1,380,100,40
0.2596720507468363,0.25967205074680866,0.511079643465695,1,380,200,5
0.08183852597305419,0.08183852597304485,0.5471619037462588,1,380,200,10
0.2267459585012439,0.22674595850121362,0.5537191165116107,1,380,200,20
0.1802793486781939,0.18027934867817308,0.5116264415217022,1,380,200,40
0.2596720507468363,0.2596720507468329,0.508921268930706,1,380,400,5
0.08183852597305419,0.0818385259730531,0.548563191060142,1,380,400,10
0.2267459585012439,0.2267459585012404,0.5518766069639232,1,380,400,20
0.1802793486781939,0.18027934867819145,0.5110408264606444,1,380,400,40
0.2596720507468363,0.2596720507468363,0.5086320957528265,1,380,800,5
0.08183852597305419,0.08183852597305417,0.5488100481572993,1,380,800,10
0.2267459585012439,0.22674595850124388,0.5516213366588029,1,380,800,20
0.1802793486781939,0.18027934867819384,0.5109850918002307,1,380,800,40
0.3299011610848494,0.3299011610844477,0.5833200627503572,1,381,50,5
0.1820323193329329,0.18203231933273661,0.5398847642661329,1,381,50,10
-0.023168020358969643,-0.023168020358941097,0.4220912195987906,1,381,50,20
0.12052840106271531,0.12052840106257989,0.44090493754622684,1,381,50,40
0.3299011610848494,0.329901161084698,0.5727368774640881,1,381,100,5
0.1820323193329329,0.18203231933285896,0.5356540191969044,1,381,100,10
-0.023168020358969643,-0.023168020358958874,0.42585077802043314,1,381,100,20
0.12052840106271531,0.12052840106266428,0.4398366475679764,1,381,100,40
0.3299011610848494,0.3299011610848088,0.5638111431614135,1,381,200,5
0.1820323193329329,0.18203231933291303,0.533267774135581,1,381,200,10
-0.023168020358969643,-0.023168020358966757,0.43082240286197715,1,381,200,20
0.12052840106271531,0.1205284010627017,0.4403846551362979,1,381,200,40
0.3299011610848494,0.3299011610848447,0.5598473453345381,1,381,400,5
0.1820323193329329,0.18203231933293051,0.5327108941926971,1,381,400,10
-0.023168020358969643,-0.023168020358969338,0.43379636807020816,1,381,400,20
0.12052840106271531,0.12052840106271376,0.4412444581242202,1,381,400,40
0.3299011610848494,0.3299011610848493,0.5592742458934744,1,381,800,5
0.1820323193329329,0.18203231933293285,0.5326634064761102,1,381,800,10
-0.023168020358969643,-0.02316802035896956,0.4342766779521101,1,381,800,20
0.12052840106271531,0.12052840106271534,0.4414092625147338,1,381,800,40
0.06590820371332828,0.06590820371326078,0.4658987151149557,1,382,50,5
0.1235713424416291,0.12357134244150951,0.49274455849458915,1,382,50,10
0.15299741475145776,0.15299741475129972,0.525628077631536,1,382,50,20
0.12493567553763318,0.1249356755374822,0.4029148578445055,1,382,50,40
0.06590820371332828,0.06590820371330285,0.46734512632938274,1,382,100,5
0.1235713424416291,0.12357134244158402,0.4917184048333708,1,382,100,10
0.15299741475145776,0.15299741475139822,0.5228445347207769,1,382,100,20
0.12493567553763318,0.12493567553757629,0.401727381921872,1,382,100,40
0.06590820371332828,0.06590820371332137,0.4706582299494241,1,382,200,5
0.1235713424416291,0.12357134244161709,0.49286109885237367,1,382,200,10
0.15299741475145776,0.15299741475144182,0.5220179973029956,1,382,200,20
0.12493567553763318,0.12493567553761795,0.40194532809782196,1,382,200,40
0.06590820371332828,0.06590820371332748,0.47302004624748684,1,382,400,5
0.1235713424416291,0.12357134244162767,0.4942228713690733,1,382,400,10
0.15299741475145776,0.1529974147514559,0.5222980479267865,1,382,400,20
0.12493567553763318,0.12493567553763144,0.40256090212472195,1,382,400,40
0.06590820371332828,0.06590820371332824,0.47342001936300543,1,382,800,5
0.1235713424416291,0.12357134244162904,0.4944758773015918,1,382,800,10
0.15299741475145776,0.1529974147514578,0.5223810439466547,1,382,800,20
0.12493567553763318,0.12493567553763307,0.4026839806682578,1,382,800,40
0.28260556920822116,0.28260556920793173,0.6283986976007011,1,383,50,5
0.5242656462342306,0.5242656462337112,0.49850725389460304,1,383,50,10
0.2719065093915719,0.27190650939125616,0.36339007809159074,1,383,50,20
0.014659327461816668,0.014659327461799973,0.5487301593314575,1,383,50,40
0.28260556920822116,0.28260556920811203,0.6183062710498901,1,383,100,5
0.5242656462342306,0.5242656462340349,0.4780034477183184,1,383,100,10
0.2719065093915719,0.2719065093914529,0.3574339233188386,1,383,100,20
0.014659327461816668,0.014659327461810367,0.5515942598079333,1,383,100,40
0.28260556920822116,0.2826055692081919,0.6104161938569633,1,383,200,5
0.5242656462342306,0.5242656462341782,0.46013504350587814,1,383,200,10
0.2719065093915719,0.27190650939154004,0.3531359707326906,1,383,200,20
0.014659327461816668,0.014659327461814892,0.5559227301477156,1,383,200,40
0.28260556920822116,0.28260556920821767,0.6071768297181438,1,383,400,5
0.5242656462342306,0.5242656462342243,0.451954993743543,1,383,400,10
0.2719065093915719,0.27190650939156813,0.35153591245662613,1,383,400,20
0.014659327461816668,0.014659327461816418,0.5586587543241361,1,383,400,40
0.28260556920822116,0.2826055692082211,0.6067258459826077,1,383,800,5
0.5242656462342306,0.5242656462342306,0.45075620564138297,1,383,800,10
0.2719065093915719,0.27190650939157185,0.3513248413640411,1,383,800,20
0.014659327461816668,0.014659327461816599,0.55910779344231,1,383,800,40
0.1838276057115026,0.1838276057112939,0.5140669620522189,1,384,50,5
0.3781065408766418,0.378106540876308,0.5293308554674887,1,384,50,10
0.08037157056453172,0.08037157056443826,0.4664236906006435,1,384,50,20
0.2034572553385126,0.20345725533830153,0.45899561442955517,1,384,50,40
0.1838276057115026,0.18382760571142392,0.509976567254479,1,384,100,5
0.3781065408766418,0.37810654087651585,0.5143757556367976,1,384,100,10
0.08037157056453172,0.08037157056449648,0.46669473167327136,1,384,100,20
0.2034572553385126,0.20345725533843306,0.4544766907307138,1,384,100,40
0.1838276057115026,0.1838276057114815,0.5075592433687415,1,384,200,5
0.3781065408766418,0.378106540876608,0.5024244465262016,1,384,200,10
0.08037157056453172,0.08037157056452225,0.4684411348252384,1,384,200,20
0.2034572553385126,0.2034572553384913,0.4519496879923435,1,384,200,40
0.1838276057115026,0.18382760571150006,0.5069249822277505,1,384,400,5
0.3781065408766418,0.3781065408766378,0.4973985144032314,1,384,400,10
0.08037157056453172,0.08037157056453054,0.4698624067653,1,384,400,20
0.2034572553385126,0.20345725533851022,0.4513738159167302,1,384,400,40
0.1838276057115026,0.18382760571150258,0.5068621302261151,1,384,800,5
0.3781065408766418,0.3781065408766417,0.4966903372525452,1,384,800,10
0.08037157056453172,0.08037157056453174,0.4701103133737037,1,384,800,20
0.2034572553385126,0.20345725533851255,0.4513264406486819,1,384,800,40
0.2854388746995985,0.28543887469929163,0.5993008587370712,1,385,50,5
0.32317410144803144,0.323174101447688,0.5160717942837977,1,385,50,10
0.02054261498963411,0.020542614989612865,0.3712542300058741,1,385,50,20
-0.08954749611274211,-0.08954749611263597,0.4901521834356611,1,385,50,40
0.2854388746995985,0.2854388746994828,0.5896839607751404,1,385,100,5
0.32317410144803144,0.323174101447902,0.5056398984650544,1,385,100,10
0.02054261498963411,0.02054261498962611,0.3746836765325562,1,385,100,20
-0.08954749611274211,-0.08954749611270202,0.49675442362251965,1,385,100,40
0.2854388746995985,0.2854388746995675,0.5820777242644459,1,385,200,5
0.32317410144803144,0.32317410144799674,0.4972828994387796,1,385,200,10
0.02054261498963411,0.02054261498963198,0.3798855678068023,1,385,200,20
-0.08954749611274211,-0.0895474961127313,0.5045910240109918,1,385,200,40
0.2854388746995985,0.2854388746995949,0.5789145436623537,1,385,400,5
0.32317410144803144,0.32317410144802733,0.49375934204419725,1,385,400,10
0.02054261498963411,0.020542614989633924,0.3831781971256173,1,385,400,20
-0.08954749611274211,-0.0895474961127408,0.5090361695674965,1,385,400,40
0.2854388746995985,0.2854388746995985,0.5784712993162462,1,385,800,5
0.32317410144803144,0.3231741014480313,0.49326222143571147,1,385,800,10
0.02054261498963411,0.020542614989634056,0.3837187952663311,1,385,800,20
-0.08954749611274211,-0.08954749611274201,0.5097422514779602,1,385,800,40
0.14852866503662446,0.14852866503648504,0.31539941382560166,1,386,50,5
0.08433079554523586,0.08433079554515446,0.5642786001622473,1,386,50,10
0.4013962636567894,0.4013962636563311,0.5018849856934043,1,386,50,20
0.43642396006234285,0.4364239600618866,0.42530386915444995,1,386,50,40
0.14852866503662446,0.1485286650365719,0.31470678946331,1,386,100,5
0.08433079554523586,0.08433079554520516,0.5648559967264606,1,386,100,10
0.4013962636567894,0.4013962636566167,0.48882938752566363,1,386,100,20
0.43642396006234285,0.436423960062171,0.41125456168879515,1,386,100,40
0.14852866503662446,0.14852866503661039,0.316307919684319,1,386,200,5
0.08433079554523586,0.0843307955452276,0.5675681855093839,1,386,200,10
0.4013962636567894,0.4013962636567431,0.47768842862732236,1,386,200,20
0.43642396006234285,0.4364239600622968,0.3994444437490753,1,386,200,40
0.14852866503662446,0.14852866503662276,0.3179486383467166,1,386,400,5
0.08433079554523586,0.08433079554523491,0.5697193008809588,1,386,400,10
0.4013962636567894,0.4013962636567839,0.47268556522872274,1,386,400,20
0.43642396006234285,0.4364239600623375,0.3942162806373424,1,386,400,40
0.14852866503662446,0.14852866503662443,0.3182469253743663,1,386,800,5
0.08433079554523586,0.08433079554523587,0.5700924988467674,1,386,800,10
0.4013962636567894,0.4013962636567894,0.47195860079182084,1,386,800,20
0.43642396006234285,0.43642396006234285,0.3934614620646485,1,386,800,40
0.08610593074789388,0.08610593074780719,0.34100060727313175,1,387,50,5
0.40008628947052804,0.4000862894700819,0.5078042399407019,1,387,50,10
0.17915059938455571,0.17915059938437158,0.4662636640614634,1,387,50,20
0.09627184938189547,0.09627184938177236,0.4789198221914067,1,387,50,40
0.08610593074789388,0.08610593074786124,0.34220357547904506,1,387,100,5
0.40008628947052804,0.4000862894703599,0.49447229514348345,1,387,100,10
0.17915059938455571,0.17915059938448624,0.46274516988457404,1,387,100,20
0.09627184938189547,0.09627184938184906,0.47829129135324805,1,387,100,40
0.08610593074789388,0.08610593074788517,0.3453483192276915,1,387,200,5
0.40008628947052804,0.40008628947048297,0.483137231078961,1,387,200,10
0.17915059938455571,0.17915059938453712,0.46122490680773387,1,387,200,20
0.09627184938189547,0.09627184938188298,0.47890616268236363,1,387,200,40
0.08610593074789388,0.0861059307478929,0.3476510917466588,1,387,400,5
0.40008628947052804,0.4000862894705227,0.47806474384511555,1,387,400,10
0.17915059938455571,0.17915059938455352,0.46116545422288846,1,387,400,20
0.09627184938189547,0.09627184938189401,0.479666318878973,1,387,400,40
0.08610593074789388,0.08610593074789381,0.3480435608537765,1,387,800,5
0.40008628947052804,0.40008628947052793,0.4773288017340993,1,387,800,10
0.17915059938455571,0.1791505993845557,0.4611972992791654,1,387,800,20
0.09627184938189547,0.09627184938189533,0.4798082202383136,1,387,800,40
0.05128774307664169,0.05128774307658583,0.39912396486913415,1,388,50,5
0.2140036205763558,0.21400362057614727,0.4992909043244164,1,388,50,10
0.21351784662449966,0.21351784662424714,0.4822367092063895,1,388,50,20
0.06368925246945545,0.06368925246938768,0.6037959986218463,1,388,50,40
0.05128774307664169,0.05128774307662062,0.40099597937052067,1,388,100,5
0.2140036205763558,0.21400362057627725,0.4938581514971101,1,388,100,10
0.21351784662449966,0.21351784662440454,0.4772508324578648,1,388,100,20
0.06368925246945545,0.06368925246942983,0.604759909072907,1,388,100,40
0.05128774307664169,0.051287743076636035,0.4045023425313625,1,388,200,5
0.2140036205763558,0.21400362057633485,0.4906925760760019,1,388,200,10
0.21351784662449966,0.21351784662447418,0.47384070331966316,1,388,200,20
0.06368925246945545,0.06368925246944855,0.6074645425894072,1,388,200,40
0.05128774307664169,0.051287743076641024,0.40687949403455537,1,388,400,5
0.2140036205763558,0.21400362057635322,0.48988933851106486,1,388,400,10
0.21351784662449966,0.21351784662449672,0.4726644836187517,1,388,400,20
0.06368925246945545,0.06368925246945466,0.6094704072187191,1,388,400,40
0.05128774307664169,0.05128774307664164,0.40727705428397387,1,388,800,5
0.2140036205763558,0.2140036205763558,0.48981278253462124,1,388,800,10
0.21351784662449966,0.21351784662449969,0.4725166347556373,1,388,800,20
0.06368925246945545,0.06368925246945545,0.6098132838670556,1,388,800,40
0.2932076247915143,0.29320762479122786,0.5169706551511879,1,389,50,5
-0.0011791194423618062,-0.0011791194423604462,0.5152960692928797,1,389,50,10
0.2908459867029187,0.29084598670257816,0.5012101809563438,1,389,50,20
0.25234618955893123,0.252346189558624,0.5333968909470412,1,389,50,40
0.2932076247915143,0.29320762479140633,0.5074560920501692,1,389,100,5
-0.0011791194423618062,-0.0011791194423613413,0.5188057878807969,1,389,100,10
0.2908459867029187,0.29084598670279027,0.49292827307195464,1,389,100,20
0.25234618955893123,0.25234618955881544,0.5265107615912356,1,389,100,40
0.2932076247915143,0.29320762479148543,0.5003152231548655,1,389,200,5
-0.0011791194423618062,-0.0011791194423616397,0.5237526783500714,1,389,200,10
0.2908459867029187,0.2908459867028843,0.4863466506081704,1,389,200,20
0.25234618955893123,0.25234618955890026,0.5211753833636872,1,389,200,40
0.2932076247915143,0.29320762479151097,0.49751996831280954,1,389,400,5
-0.0011791194423618062,-0.0011791194423617438,0.5267947793113645,1,389,400,10
0.2908459867029187,0.2908459867029146,0.48359539106253135,1,389,400,20
0.25234618955893123,0.25234618955892757,0.5190069444552161,1,389,400,40
0.2932076247915143,0.2932076247915142,0.4971405125124821,1,389,800,5
-0.0011791194423618062,-0.0011791194423617785,0.5272901375205866,1,389,800,10
0.2908459867029187,0.2908459867029186,0.4832088728805898,1,389,800,20
0.25234618955893123,0.2523461895589313,0.5187066223396876,1,389,800,40
0.13330206660828886,0.1333020666081646,0.6265915082316783,1,390,50,5
0.18155805092777846,0.18155805092758515,0.4654826006213698,1,390,50,10
0.18253193877670454,0.18253193877650853,0.4289247864273211,1,390,50,20
0.3058617086360103,0.3058617086356695,0.4920750491372747,1,390,50,40
0.13330206660828886,0.13330206660824204,0.6244022822302795,1,390,100,5
0.18155805092777846,0.18155805092770563,0.4618493647044434,1,390,100,10
0.18253193877670454,0.1825319387766307,0.42554991414388144,1,390,100,20
0.3058617086360103,0.3058617086358819,0.48301121172549727,1,390,100,40
0.13330206660828886,0.13330206660827632,0.6245827100739397,1,390,200,5
0.18155805092777846,0.18155805092775892,0.460087672437981,1,390,200,10
0.18253193877670454,0.1825319387766848,0.424009338562472,1,390,200,20
0.3058617086360103,0.30586170863597595,0.4758235118645692,1,390,200,40
0.13330206660828886,0.1333020666082874,0.6255250897153011,1,390,400,5
0.18155805092777846,0.1815580509277761,0.459859463230331,1,390,400,10
0.18253193877670454,0.18253193877670223,0.42388069238360143,1,390,400,20
0.3058617086360103,0.30586170863600626,0.47282581629922454,1,390,400,40
0.13330206660828886,0.13330206660828875,0.6257179797052375,1,390,800,5
0.18155805092777846,0.18155805092777844,0.4598628665185736,1,390,800,10
0.18253193877670454,0.1825319387767046,0.4238985806992093,1,390,800,20
0.3058617086360103,0.30586170863601025,0.47240515958298945,1,390,800,40
0.2844256529878989,0.2844256529875776,0.39000448217854866,1,391,50,5
0.20639781594796217,0.2063978159477243,0.5594666309176943,1,391,50,10
0.25795402078531077,0.25795402078501667,0.37953871575835685,1,391,50,20
0.24839722362598604,0.2483972236257384,0.5701972346014181,1,391,50,40
0.2844256529878989,0.2844256529877779,0.38316999625893233,1,391,100,5
0.20639781594796217,0.20639781594787257,0.5540973671984979,1,391,100,10
0.25795402078531077,0.2579540207851999,0.37383439970518084,1,391,100,20
0.24839722362598604,0.2483972236258927,0.5623721511933436,1,391,100,40
0.2844256529878989,0.28442565298786654,0.37810289069411857,1,391,200,5
0.20639781594796217,0.20639781594793827,0.5503916210293309,1,391,200,10
0.25795402078531077,0.257954020785281,0.36983607963864307,1,391,200,20
0.24839722362598604,0.24839722362596098,0.5567890238799202,1,391,200,40
0.2844256529878989,0.28442565298789513,0.37614918887402615,1,391,400,5
0.20639781594796217,0.20639781594795942,0.5490959176456173,1,391,400,10
0.25795402078531077,0.25795402078530727,0.3684061961320919,1,391,400,20
0.24839722362598604,0.24839722362598307,0.5547420608125271,1,391,400,40
0.2844256529878989,0.2844256529878989,0.3758861937612929,1,391,800,5
0.20639781594796217,0.20639781594796208,0.5489315682378776,1,391,800,10
0.25795402078531077,0.2579540207853107,0.3682221672081507,1,391,800,20
0.24839722362598604,0.24839722362598596,0.5544745081229834,1,391,800,40
0.08746476667405273,0.08746476667395957,0.3688176016339302,1,392,50,5
0.34322964209802065,0.3432296420976967,0.5802181108463234,1,392,50,10
0.137802029655137,0.13780202965500507,0.4537400236290708,1,392,50,20
0.11918918755843219,0.11918918755831046,0.4592224831609358,1,392,50,40
0.08746476667405273,0.0874647666740176,0.3695498439243562,1,392,100,5
0.34322964209802065,0.3432296420978985,0.5669417910989895,1,392,100,10
0.137802029655137,0.13780202965508723,0.4523334147679503,1,392,100,20
0.11918918755843219,0.11918918755838633,0.45839303905220236,1,392,100,40
0.08746476667405273,0.0874647666740433,0.372025907895519,1,392,200,5
0.34322964209802065,0.3432296420979879,0.5562978298246164,1,392,200,10
0.137802029655137,0.13780202965512367,0.4531537725034668,1,392,200,20
0.11918918755843219,0.11918918755841988,0.4595072033031825,1,392,200,40
0.08746476667405273,0.0874647666740516,0.3739161507853094,1,392,400,5
0.34322964209802065,0.34322964209801676,0.551806307691433,1,392,400,10
0.137802029655137,0.13780202965513538,0.454371776658955,1,392,400,20
0.11918918755843219,0.11918918755843075,0.46077358932928847,1,392,400,40
0.08746476667405273,0.08746476667405277,0.3742413831598251,1,392,800,5
0.34322964209802065,0.3432296420980206,0.5511723649643006,1,392,800,10
0.137802029655137,0.137802029655137,0.45460395513650453,1,392,800,20
0.11918918755843219,0.11918918755843225,0.46100737066886077,1,392,800,40
0.3046832977906024,0.30468329779026704,0.582306008307685,1,393,50,5
0.012558757949751295,0.012558757949736224,0.31402149496665316,1,393,50,10
0.26748222022518237,0.26748222022488344,0.45490546591130526,1,393,50,20
0.18418155728489372,0.1841815572846841,0.6158283113934866,1,393,50,40
0.3046832977906024,0.304683297790476,0.5721190116056046,1,393,100,5
0.012558757949751295,0.01255875794974564,0.3167676742308266,1,393,100,10
0.26748222022518237,0.26748222022506973,0.4478942143807465,1,393,100,20
0.18418155728489372,0.18418155728481472,0.6110143627035258,1,393,100,40
0.3046832977906024,0.30468329779056846,0.5638801992963999,1,393,200,5
0.012558757949751295,0.012558757949749769,0.3208232031593443,1,393,200,10
0.26748222022518237,0.2674822202251521,0.44269056884486113,1,393,200,20
0.18418155728489372,0.1841815572848725,0.607885551154582,1,393,200,40
0.3046832977906024,0.30468329779059844,0.5603715369803248,1,393,400,5
0.012558757949751295,0.012558757949751108,0.32336421119831243,1,393,400,10
0.26748222022518237,0.26748222022517876,0.44068156721068213,1,393,400,20
0.18418155728489372,0.18418155728489127,0.6068922531155954,1,393,400,40
0.3046832977906024,0.3046832977906023,0.5598741008354986,1,393,800,5
0.012558757949751295,0.012558757949751288,0.32378020620252473,1,393,800,10
0.26748222022518237,0.26748222022518237,0.4404109271420521,1,393,800,20
0.18418155728489372,0.18418155728489377,0.6067746609419834,1,393,800,40
0.18039790814494494,0.18039790814474338,0.39551108570828936,1,394,50,5
0.1337147718968596,0.13371477189669614,0.48032501896397994,1,394,50,10
0.05848117236440254,0.058481172364336184,0.5264709075935261,1,394,50,20
0.2655169536506385,0.26551695365038075,0.49457322347121224,1,394,50,40
0.18039790814494494,0.18039790814486895,0.39247901812918656,1,394,100,5
0.1337147718968596,0.13371477189679792,0.47840415191728747,1,394,100,10
0.05848117236440254,0.05848117236437748,0.5275460646651025,1,394,100,20
0.2655169536506385,0.26551695365054134,0.4866855057285839,1,394,100,40
0.18039790814494494,0.18039790814492457,0.39113801755213323,1,394,200,5
0.1337147718968596,0.13371477189684305,0.4778802029445893,1,394,200,10
0.05848117236440254,0.05848117236439583,0.5301450912153979,1,394,200,20
0.2655169536506385,0.26551695365061245,0.48115286997898593,1,394,200,40
0.18039790814494494,0.1803979081449425,0.39105990612479646,1,394,400,5
0.1337147718968596,0.1337147718968576,0.47811382994892504,1,394,400,10
0.05848117236440254,0.05848117236440172,0.5320192138026724,1,394,400,20
0.2655169536506385,0.2655169536506354,0.47917228324523775,1,394,400,40
0.18039790814494494,0.18039790814494497,0.39108259871988005,1,394,800,5
0.1337147718968596,0.13371477189685954,0.47817823802175213,1,394,800,10
0.05848117236440254,0.058481172364402575,0.5323374697608316,1,394,800,20
0.2655169536506385,0.2655169536506384,0.47891721459097863,1,394,800,40
0.3105561202584878,0.3105561202581715,0.584326962031106,1,395,50,5
0.2564327814081486,0.2564327814078601,0.5723907754223134,1,395,50,10
0.14131117101289511,0.14131117101274115,0.49231425548819663,1,395,50,20
0.28718261338373896,0.2871826133833869,0.5110366877044075,1,395,50,40
0.3105561202584878,0.3105561202583686,0.5732994390774625,1,395,100,5
0.2564327814081486,0.2564327814080399,0.5646347849087407,1,395,100,10
0.14131117101289511,0.14131117101283705,0.4901778284060308,1,395,100,20
0.28718261338373896,0.2871826133836063,0.5030282675887545,1,395,100,40
0.3105561202584878,0.3105561202584558,0.5645230505231761,1,395,200,5
0.2564327814081486,0.2564327814081195,0.5586857131888228,1,395,200,10
0.14131117101289511,0.14131117101287952,0.4897898463609166,1,395,200,20
0.28718261338373896,0.2871826133837033,0.49658478420819296,1,395,200,40
0.3105561202584878,0.310556120258484,0.5608485394097614,1,395,400,5
0.2564327814081486,0.25643278140814507,0.5562957658644417,1,395,400,10
0.14131117101289511,0.14131117101289337,0.49021904150584333,1,395,400,20
0.28718261338373896,0.2871826133837347,0.49385551097854363,1,395,400,40
0.3105561202584878,0.3105561202584876,0.560331911533183,1,395,800,5
0.2564327814081486,0.2564327814081486,0.5559667688744153,1,395,800,10
0.14131117101289511,0.1413111710128951,0.49032060530811716,1,395,800,20
0.28718261338373896,0.28718261338373885,0.4934695863158911,1,395,800,40
0.4615621796162502,0.4615621796156498,0.45607936308625113,1,396,50,5
0.33816318626363706,0.33816318626325326,0.39742945626886805,1,396,50,10
0.2397058723904627,0.23970587239021224,0.3737092622215834,1,396,50,20
0.08463957548273343,0.08463957548265755,0.49882887196355397,1,396,50,40
0.4615621796162502,0.4615621796160238,0.4428229901477433,1,396,100,5
0.33816318626363706,0.3381631862634925,0.3884973475819744,1,396,100,10
0.2397058723904627,0.23970587239036828,0.36861077412452586,1,396,100,20
0.08463957548273343,0.08463957548270479,0.5001086788209133,1,396,100,40
0.4615621796162502,0.4615621796161895,0.43113481598680914,1,396,200,5
0.33816318626363706,0.3381631862635983,0.3813790553792785,1,396,200,10
0.2397058723904627,0.23970587239043745,0.36549469968623427,1,396,200,20
0.08463957548273343,0.08463957548272576,0.5038457773231112,1,396,200,40
0.4615621796162502,0.461562179616243,0.425728179450384,1,396,400,5
0.33816318626363706,0.3381631862636325,0.37839444641017395,1,396,400,10
0.2397058723904627,0.2397058723904598,0.3646145695911017,1,396,400,20
0.08463957548273343,0.08463957548273254,0.5066360407169118,1,396,400,40
0.4615621796162502,0.46156217961625,0.42493227637757813,1,396,800,5
0.33816318626363706,0.33816318626363695,0.3779745167755446,1,396,800,10
0.2397058723904627,0.23970587239046265,0.36452040156783216,1,396,800,20
0.08463957548273343,0.08463957548273338,0.5071137349719277,1,396,800,40
0.30634206229457694,0.3063420622942388,0.40144157543081893,1,397,50,5
0.40369867437502693,0.4036986743745711,0.57114174817091,1,397,50,10
0.0012997073202265924,0.0012997073202251977,0.5548431373712295,1,397,50,20
0.29811362592324175,0.2981136259229212,0.34616614776980853,1,397,50,40
0.30634206229457694,0.30634206229444955,0.39352618260105765,1,397,100,5
0.40369867437502693,0.40369867437485507,0.556779046102909,1,397,100,10
0.0012997073202265924,0.0012997073202260685,0.5584799216384211,1,397,100,20
0.29811362592324175,0.2981136259231209,0.33927833783389005,1,397,100,40
0.30634206229457694,0.30634206229454286,0.38748433101243335,1,397,200,5
0.40369867437502693,0.40369867437498086,0.5444038275446677,1,397,200,10
0.0012997073202265924,0.0012997073202263877,0.5636531257402868,1,397,200,20
0.29811362592324175,0.29811362592320934,0.33432210691395825,1,397,200,40
0.30634206229457694,0.30634206229457295,0.3850709039284497,1,397,400,5
0.40369867437502693,0.4036986743750214,0.5387967477716161,1,397,400,10
0.0012997073202265924,0.0012997073202265785,0.5668464183052229,1,397,400,20
0.29811362592324175,0.298113625923238,0.3324839448019379,1,397,400,40
0.30634206229457694,0.30634206229457683,0.38473967626595096,1,397,800,5
0.40369867437502693,0.4036986743750267,0.5379787388213516,1,397,800,10
0.0012997073202265924,0.0012997073202266098,0.56736696582721,1,397,800,20
0.29811362592324175,0.29811362592324164,0.33224200987524827,1,397,800,40
-0.00013924541683695002,-0.00013924541683680083,0.6641543811819757,1,398,50,5
0.2828090781322647,0.28280907813196343,0.31267713352882964,1,398,50,10
0.16311702463960187,0.16311702463940256,0.4948820118509073,1,398,50,20
0.07101650097185704,0.07101650097178111,0.4242375477855695,1,398,50,40
-0.00013924541683695002,-0.0001392454168369292,0.6676933945320069,1,398,100,5
0.2828090781322647,0.28280907813215117,0.30683532487195503,1,398,100,10
0.16311702463960187,0.16311702463952676,0.4917738488159291,1,398,100,20
0.07101650097185704,0.0710165009718284,0.4253696694589623,1,398,100,40
-0.00013924541683695002,-0.00013924541683692747,0.6727001579393431,1,398,200,5
0.2828090781322647,0.2828090781322343,0.3029272511565302,1,398,200,10
0.16311702463960187,0.1631170246395818,0.4900972566986491,1,398,200,20
0.07101650097185704,0.07101650097184936,0.4282187274010515,1,398,200,40
-0.00013924541683695002,-0.00013924541683694308,0.6757838082724157,1,398,400,5
0.2828090781322647,0.28280907813226114,0.30162517049477966,1,398,400,10
0.16311702463960187,0.16311702463959954,0.48975464688643094,1,398,400,20
0.07101650097185704,0.07101650097185618,0.43028981680418343,1,398,400,40
-0.00013924541683695002,-0.00013924541683690665,0.6762861565257898,1,398,800,5
0.2828090781322647,0.28280907813226464,0.3014653820398191,1,398,800,10
0.16311702463960187,0.16311702463960187,0.4897315129208,1,398,800,20
0.07101650097185704,0.07101650097185702,0.4306421953285754,1,398,800,40
0.2591829003466201,0.2591829003463443,0.3500156589795156,1,399,50,5
0.06630837738320007,0.06630837738311836,0.6730308945547818,1,399,50,10
0.32996435722140427,0.32996435722108075,0.436509800602662,1,399,50,20
0.2952185002311831,0.2952185002308463,0.483241202328138,1,399,50,40
0.2591829003466201,0.25918290034651614,0.34449812259727586,1,399,100,5
0.06630837738320007,0.06630837738316929,0.6731341334587615,1,399,100,10
0.32996435722140427,0.32996435722128226,0.42646402432995245,1,399,100,20
0.2952185002311831,0.2952185002310561,0.4748589582237057,1,399,100,40
0.2591829003466201,0.2591829003465923,0.3409091360179746,1,399,200,5
0.06630837738320007,0.06630837738319181,0.6745517185157948,1,399,200,10
0.32996435722140427,0.3299643572213716,0.41879223507215657,1,399,200,20
0.2952185002311831,0.2952185002311491,0.46825736754784786,1,399,200,40
0.2591829003466201,0.2591829003466168,0.3397681569946798,1,399,400,5
0.06630837738320007,0.06630837738319897,0.675747286079394,1,399,400,10
0.32996435722140427,0.32996435722140044,0.4157259371600094,1,399,400,20
0.2952185002311831,0.295218500231179,0.4655247460419892,1,399,400,40
0.2591829003466201,0.2591829003466201,0.3396329354203801,1,399,800,5
0.06630837738320007,0.06630837738320006,0.6759573257166764,1,399,800,10
0.32996435722140427,0.32996435722140427,0.4153049763984185,1,399,800,20
0.2952185002311831,0.2952185002311831,0.4651427293318481,1,399,800,40
